number,survey_id,push_id,crowd_id,crowd_name,record_id,q1_1.过去2年内，您购买过以下哪些产品？_手机贴膜,q1_2.过去2年内，您购买过以下哪些产品？_手机壳,q1_3.过去2年内，您购买过以下哪些产品？_手机充电线/数据线,q1_4.过去2年内，您购买过以下哪些产品？_充电宝/移动电源,q1_5.过去2年内，您购买过以下哪些产品？_无线蓝牙耳机,q1_6.过去2年内，您购买过以下哪些产品？_智能手表/手环,q1_7.过去2年内，您购买过以下哪些产品？_平板电脑,q1_8.过去2年内，您购买过以下哪些产品？_平板电脑保护套/壳,q1_9.过去2年内，您购买过以下哪些产品？_鼠标/机械键盘,q1_10.过去2年内，您购买过以下哪些产品？_贴片面膜,q1_11.过去2年内，您购买过以下哪些产品？_洗面奶/洁面乳,q1_12.过去2年内，您购买过以下哪些产品？_直升机,q1_13.过去2年内，您购买过以下哪些产品？_抽纸/卷纸,q1_14.过去2年内，您购买过以下哪些产品？_洗衣液/洗衣凝珠,q1_15.过去2年内，您购买过以下哪些产品？_T恤/裙子,q1_16.过去2年内，您购买过以下哪些产品？_运动鞋,q1_17.过去2年内，您购买过以下哪些产品？_薯片/膨化食品,q1_18.过去2年内，您购买过以下哪些产品？_奶茶/咖啡,q1_19.过去2年内，您购买过以下哪些产品？_室内绿植/花卉,q1_20.过去2年内，您购买过以下哪些产品？_桌面收纳,q2.您最近一次购买平板保护套大约是在什么时候？,q3.您最近购买的平板保护套单价大约是多少？,q4.您在购买该平板保护套时的决策角色是？,q5.您目前主要使用的平板电脑品牌是？,q6_1.您本人或您的亲友是否在以下行业工作？_市场研究/调研公司,q6_2.您本人或您的亲友是否在以下行业工作？_广告/公关/媒体传播机构,q6_3.您本人或您的亲友是否在以下行业工作？_数码配件生产、销售、运营相关行业,q6_4.您本人或您的亲友是否在以下行业工作？_新闻/报纸/电视台/自媒体,q6_5.您本人或您的亲友是否在以下行业工作？_互联网/IT/软件服务,q6_6.您本人或您的亲友是否在以下行业工作？_医疗/健康/生物制药,q6_7.您本人或您的亲友是否在以下行业工作？_教育/培训/科研,q6_8.您本人或您的亲友是否在以下行业工作？_以上均无,q7_1.过去3个月内，您参加过以下哪些类型的调研活动？_手机/数码配件类,q7_2.过去3个月内，您参加过以下哪些类型的调研活动？_汽车/交通出行类,q7_3.过去3个月内，您参加过以下哪些类型的调研活动？_食品/饮料/餐饮类,q7_4.过去3个月内，您参加过以下哪些类型的调研活动？_美妆/个人护理类,q7_5.过去3个月内，您参加过以下哪些类型的调研活动？_均未参加过,q8.您的最高学历是？,q9_1.您目前使用的平板保护套类型更接近以下哪一种？_单壳（不带盖板）保护套,q9_2.您目前使用的平板保护套类型更接近以下哪一种？_普通翻盖保护套,q9_3.您目前使用的平板保护套类型更接近以下哪一种？_ 磁吸不可拆分保护套,q9_4.您目前使用的平板保护套类型更接近以下哪一种？_旋转可拆分磁吸保护套,q9_5.您目前使用的平板保护套类型更接近以下哪一种？_带笔槽保护套,q9_6.您目前使用的平板保护套类型更接近以下哪一种？_键盘保护套,q9_7.您目前使用的平板保护套类型更接近以下哪一种？_透明/半透明保护壳,q9_8.您目前使用的平板保护套类型更接近以下哪一种？_不确定,q9_9.您目前使用的平板保护套类型更接近以下哪一种？_其他,q9_9_text.您目前使用的平板保护套类型更接近以下哪一种？_其他,q10_1.您购买平板保护套时，通常会关注哪些因素？_防摔防磕/保护性强,q10_2.您购买平板保护套时，通常会关注哪些因素？_支架稳定/角度好用,q10_3.您购买平板保护套时，通常会关注哪些因素？_触控笔收纳和拿取方便,q10_4.您购买平板保护套时，通常会关注哪些因素？_材质手感好,q10_5.您购买平板保护套时，通常会关注哪些因素？_不易沾指纹/不易显脏,q10_6.您购买平板保护套时，通常会关注哪些因素？_外观好看/有设计感,q10_7.您购买平板保护套时，通常会关注哪些因素？_颜色选择丰富,q10_8.您购买平板保护套时，通常会关注哪些因素？_轻薄便携,q10_9.您购买平板保护套时，通常会关注哪些因素？_品牌可信/品质稳定,q10_10.您购买平板保护套时，通常会关注哪些因素？_价格合适/性价比高,q10_11.您购买平板保护套时，通常会关注哪些因素？_耐用不易坏,q10_12.您购买平板保护套时，通常会关注哪些因素？_与平板搭配协调,q10_13.您购买平板保护套时，通常会关注哪些因素？_其他,q10_13_text.您购买平板保护套时，通常会关注哪些因素？_其他,q11_1.请基于上述关注的因素，将下列选项按重要性排序。 （拖动选项右边的滑块排序）_防摔防磕/保护性强,q11_2.请基于上述关注的因素，将下列选项按重要性排序。 （拖动选项右边的滑块排序）_支架稳定/角度好用,q11_3.请基于上述关注的因素，将下列选项按重要性排序。 （拖动选项右边的滑块排序）_触控笔收纳和拿取方便,q11_4.请基于上述关注的因素，将下列选项按重要性排序。 （拖动选项右边的滑块排序）_材质手感好,q11_5.请基于上述关注的因素，将下列选项按重要性排序。 （拖动选项右边的滑块排序）_不易沾指纹/不易显脏,q11_6.请基于上述关注的因素，将下列选项按重要性排序。 （拖动选项右边的滑块排序）_外观好看/有设计感,q11_7.请基于上述关注的因素，将下列选项按重要性排序。 （拖动选项右边的滑块排序）_颜色选择丰富,q11_8.请基于上述关注的因素，将下列选项按重要性排序。 （拖动选项右边的滑块排序）_轻薄便携,q11_9.请基于上述关注的因素，将下列选项按重要性排序。 （拖动选项右边的滑块排序）_品牌可信/品质稳定,q11_10.请基于上述关注的因素，将下列选项按重要性排序。 （拖动选项右边的滑块排序）_价格合适/性价比高,q11_11.请基于上述关注的因素，将下列选项按重要性排序。 （拖动选项右边的滑块排序）_耐用不易坏,q11_12.请基于上述关注的因素，将下列选项按重要性排序。 （拖动选项右边的滑块排序）_与平板搭配协调,q11_13.请基于上述关注的因素，将下列选项按重要性排序。 （拖动选项右边的滑块排序）_其他,q12.如果购买一款质量、保护性和外观设计都比较好的iPad平板保护套，在不考虑具体品牌和促销活动的情况下，以下哪个价格区间最符合您的日常心理预期？,q13.未来6个月内，您是否有购买或更换平板保护套的计划？,q14.下面是一款市面上常见的【普通款】旋转磁吸拆分平板保护壳，售价为99元。 该产品支持磁吸拆分、横竖屏旋转和日常支撑使用，可满足看剧、学习、办公等平板使用场景。请根据您自己的真实购买判断作答以下题目。,q15_1.如果您近期需要购买平板保护套，看到这款99元旋转磁吸拆分平板保护壳，您的购买意愿是？_ 购买意愿,q16_1.您认为这款99元旋转磁吸拆分平板保护壳对您的吸引力如何？_ 吸引力,q17_1.您觉得这款产品最吸引您的地方是？_可旋转使用,q17_2.您觉得这款产品最吸引您的地方是？_磁吸拆分方便,q17_3.您觉得这款产品最吸引您的地方是？_支撑看剧/学习/办公,q17_4.您觉得这款产品最吸引您的地方是？_价格合适,q17_5.您觉得这款产品最吸引您的地方是？_外观看起来简洁,q17_6.您觉得这款产品最吸引您的地方是？_保护性较好,q17_7.您觉得这款产品最吸引您的地方是？_品牌/品质感较好,q17_8.您觉得这款产品最吸引您的地方是？_没有特别吸引我的地方,q17_9.您觉得这款产品最吸引您的地方是？_其他,q17_9_text.您觉得这款产品最吸引您的地方是？_其他,q18.下面是一款在刚才99元【普通款】旋转磁吸拆分平板壳基础上进一步升级的新款产品。该【升级光面款】在保留磁吸拆分、横竖屏旋转和支撑使用功能的基础上，新增了以下三个升级点： ①四角气囊防护外显，提升防摔防磕的安全感； ②重新设计侧面直取笔槽，触控笔可从侧面直接拿取； ③提供更丰富、更个性化的配色选择。 请您先不考虑具体售价，只根据产品外观、功能和使用感受进行判断。,q19_1.不考虑价格，您对这款升级光面款平板保护套的购买意愿是？_ 购买意愿,q20_1.请评价以下升级点对您的吸引力。_四角气囊防护外显,q20_2.请评价以下升级点对您的吸引力。_侧面直取笔槽,q20_3.请评价以下升级点对您的吸引力。_更丰富、更个性化的配色选择,q21.相比刚才99元的【普通款】旋转磁吸拆分平板保护壳，如果新款增加“四角气囊防护外显、侧面直取笔槽、个性化配色”这三个升级点，您最多愿意多支付多少钱？,q22.如果这款升级光面款 iPad 平板保护套售价为 119.9 元，您的购买意愿是？,q23.如果同一款升级光面款 iPad 平板保护套售价为 129.9 元，您的购买意愿是？,q24.如果同一款升级光面款 iPad 平板保护套售价为 139.9 元，您的购买意愿是？,q25.如果同一款升级光面款 iPad 平板保护套售价为 109.9 元，您的购买意愿是？,q26.如果同一款升级光面款 iPad 平板保护套售价为 99.9 元，您的购买意愿是？,q27_text.您愿意或不愿意为这三个升级点多付钱的主要原因是什么,q28.下面是一款在刚才升级光面款基础上进一步升级的【光栅款】平板保护套。 它保留前面【升级光面款】的四角气囊防护外显、侧面直取笔槽和个性化配色，同时将背板进一步升级为光栅纹理背板，具有微磨砂质感，相比普通光面背板更不易沾指纹。 除背板材质和纹理表现外，其他主要功能与升级光面款基本一致。 请您先不考虑具体售价，只根据产品外观、材质和使用感受进行判断。,q29_1.不考虑价格，您对这款光栅款平板保护套的购买意愿是？_ 购买意愿,q30_1.请评价以下光栅背板特点对您的吸引力。_光栅纹理背板的视觉效果,q30_2.请评价以下光栅背板特点对您的吸引力。_微磨砂质感,q30_3.请评价以下光栅背板特点对您的吸引力。_相比普通光面背板更不易沾指纹,q30_4.请评价以下光栅背板特点对您的吸引力。_整体看起来更特别/更有设计感,q31.基于刚才的升级光面款，如果背板进一步升级为了现在这样“光栅纹理、微磨砂质感、不易沾指纹”，您最多愿意额外多支付多少钱？,q32.如果这款光栅款 iPad 平板保护套售价为 129.9 元，您的购买意愿是？,q33.如果这款光栅款 iPad 平板保护套售价为 139.9 元，您的购买意愿是？,q34.如果这款光栅款 iPad 平板保护套售价为 149.9 元，您的购买意愿是？,q35.如果这款光栅款 iPad 平板保护套售价为 119.9 元，您的购买意愿是？,q36.如果这款光栅款 iPad 平板保护套售价为 109.9 元，您的购买意愿是？,q37_text.您愿意或不愿意为光栅背板多付钱的主要原因是什么？,q38.如果品牌最终只能在以下两款新品中选择一款推出，您更希望购买哪一款？,q39_text.请简单说明您这样选择的主要原因。,q40.您购买数码配件时，是否愿意为外观设计、材质质感或颜色支付更高价格？,q41.您的性别是？,q42.您的年龄是？,q43.您目前的身份/职业是？,城市等级,购买力等级,人生阶段,常用收货省份,常用收货城市
1,286083,726476,1024659,3C数码,88844227,1,1,1,1,,1,1,1,1,1,1,,1,1,1,1,1,1,1,1,1,5,1,1,,,,,,,1,,,,1,,,4,,,1,,,,,,,,1,1,,1,1,1,1,1,1,,1,1,,,2,5,,3,9,7,8,6,1,,10,4,,5,2,1,2,2,,,1,,1,,,,,,1,2,2,2,2,3,2,2,2,,,没有不愿意,1,3,3,3,3,3,2,3,,,2,,不太喜欢,1,简洁,2,1,3,3,三线,低,未知,湖北省,襄阳市
2,286083,726476,1024659,3C数码,88846219,,1,1,1,1,1,,1,1,,,,1,,,1,,1,,1,1,5,1,1,,,,,,,,1,,,,,1,4,,,1,1,,,,,,,1,1,,1,,1,,1,,1,1,,,,2,3,,5,,4,,1,,6,7,,,5,2,1,2,2,1,1,,1,1,,,,,,1,1,1,2,1,5,1,1,2,,,之前119.9和129.9已经让我先入为主了，觉得这价格很合适，再贵上去就要犹豫一下了，跟升级点倒是没什么关系,1,1,1,1,2,1,6,1,1,1,,,我很喜欢这种设计，比之前那种光溜溜的拿起来手感要好很多，而且视觉效果更棒,2,光面款比起光栅款，看上去稍显廉价，而且手感不如后者，更何况后者还能防止指纹，视觉效果好很多，显得高级。,2,1,5,2,一线,高,"已婚,育婴期,孝敬期",上海,上海市
3,286083,726476,1024659,3C数码,88846224,1,1,1,1,1,1,1,1,1,,1,,1,1,1,1,1,,,1,1,6,1,1,,,,,,,,1,,,,,1,4,,,,,,1,,,,,1,1,1,1,1,1,1,1,1,1,1,1,,,6,4,8,5,7,3,12,11,10,9,1,2,,6,1,1,2,2,1,1,1,1,1,1,1,,,,1,2,1,1,2,4,2,2,2,,,防护性能更好，笔槽拿取更便捷，适合日常使用,1,1,1,1,1,1,6,1,1,2,,,手感更舒适，更防滑，不留指纹，看着更高级,2,视觉效果更好，看上去更高级。同时更防滑，不留指纹,1,1,3,2,二线,低,未知,辽宁省,沈阳市
4,286083,726476,1024659,3C数码,88846229,,,,,,,,1,,,,,,,,,,,,,1,7,1,1,,,,,,,,1,,,,,1,4,1,,,,1,1,,,,,1,1,1,,,,,1,1,,,,,,1,2,5,,,,,3,4,,,,,5,1,1,2,1,1,1,,,,1,,,,,1,1,1,3,2,3,2,2,3,,,升级不是很明显 更喜欢功能上面的升级 而不是手感,1,2,3,4,2,2,2,2,4,,,,比起光滑的有点不耐看,1,光面外观的更好看 光滑 ,2,1,3,6,六线,中等,未知,陕西省,商洛市
5,286083,726476,1024659,3C数码,88898325,1,1,,1,1,1,1,1,1,1,1,,,1,,,,1,1,,1,6,1,1,,,,,,,,1,,,,,1,5,,,,,,1,,,,,1,1,1,1,1,1,1,1,1,,1,1,,,3,2,8,6,10,5,11,7,1,,9,4,,6,2,1,2,2,1,1,1,,1,1,1,,,,1,1,1,1,2,6,1,1,1,,,升级的电视都在我的喜好上，看起来很好高级，也很好安全,1,1,1,1,2,1,5,1,1,1,,,增加更多高级感，突显品味,2,很好高级，更有质感,1,2,3,2,二线,低,"已婚,育婴期,装修期,已有房",安徽省,合肥市
6,286083,726476,1024659,3C数码,88898358,,1,1,1,,1,1,1,,,,,1,,,1,,,1,,1,5,1,1,,,,,,,,1,,,,,1,4,,,1,1,1,,,,,,1,1,,1,,,,1,1,,1,,,,2,6,,3,,,,4,1,,5,,,4,1,1,1,1,1,1,,,,1,1,,,,1,1,2,1,1,4,1,2,2,,,价值不太值，超出预期,1,1,1,1,1,1,6,1,1,2,,,有点贵，价格不太合适入手,1,价格一样的话，这款比较好看并且方便，不会坏的快，颜色也不错,1,1,3,3,一线,偏低,"已婚,育婴期,已育,已有房,已有车",广东省,深圳市
7,286083,726476,1024659,3C数码,88898407,1,1,1,1,1,1,1,1,1,1,1,,1,1,1,1,1,1,1,1,1,5,1,1,,,,,,,,1,,,,,1,4,,,1,1,,1,,,,,1,1,1,1,1,1,1,1,1,,1,1,,,1,3,4,9,2,10,11,8,7,,5,6,,5,2,1,1,1,1,1,1,1,1,1,1,,,,1,1,1,1,2,5,1,1,1,,,四脚气囊升级，平板最容易遇到的以及最心疼的碎屏问题是最最关键的核心，所以愿意多支付,1,1,1,2,1,1,5,1,1,1,,,一机多态，很吸引人，满足平板各个角度使用情况,1,材料质感提升，和日常使用场景更搭，不易沾指纹细节好评,1,2,3,4,一线,偏低,准备结婚期,上海,上海市
8,286083,726476,1024659,3C数码,88898423,1,1,,1,1,1,1,1,1,1,1,,1,,1,1,,1,,,1,5,1,1,,,,,,,,1,,,,,1,4,,,1,,,,,,,,1,1,1,,,,,,,1,,,,,1,3,4,,,,,,,2,,,,5,1,1,2,1,,1,,1,,1,,,,,1,2,2,1,1,5,2,2,3,,,没钱,1,3,3,3,2,3,3,2,3,,,,价格高,1,功能满足,2,1,3,6,一线,偏高,单身,广东省,深圳市
9,286083,726476,1024659,3C数码,88898446,1,1,1,1,1,1,1,1,1,1,1,,,1,,1,1,1,,1,1,5,1,1,,,,,,,,1,,,,,1,4,1,,1,,,1,,,,,,,,,,,,1,1,,1,1,,,,,,,,,,3,1,,2,4,,5,2,1,2,1,,1,,1,,1,1,,,,1,2,1,2,2,4,2,2,3,,,愿意从防护和配色轻便角度多付点钱,1,3,2,1,2,2,3,3,,,2,,外观设计感不错，防滑和防指纹值得多一点钱,1,比较喜欢光面一些，光栅版花哨了一点,2,2,3,2,二线,低,未知,湖北省,武汉市
10,286083,726476,1024659,3C数码,88898467,1,1,1,1,1,1,1,1,1,1,1,,1,1,1,1,1,1,1,1,1,4,1,1,,,,,,,,1,,,,,1,4,,,1,,,,,,,,1,1,,1,1,1,,,1,,,,,,1,5,,3,6,4,,,2,,,,,4,2,1,1,1,1,1,,,,1,1,,,,1,1,1,1,1,3,1,1,2,,,有一些不太重要,1,1,1,1,1,1,3,1,2,3,,,并没有那么重要,3,两款的功能都差不多,1,1,4,4,二线,中等,未知,江苏省,无锡市
11,286083,726476,1024659,3C数码,88898477,1,1,1,1,1,1,1,1,,,1,,1,1,1,1,1,1,,,1,2,1,1,,,,,,,1,,,,,,1,4,,,1,,,,,,,,1,1,,,,,,,,1,1,,,,1,4,,,,,,,,3,2,,,2,1,1,2,2,1,1,1,,,1,,,,,1,2,2,2,2,3,2,4,,,,价格不是我最想要的,1,2,2,2,2,2,3,4,,,4,4,还是有点贵了,1,外观好看,2,1,3,2,二线,中等,"准备结婚期,育婴期,已育",广东省,佛山市
12,286083,726476,1024659,3C数码,88898482,1,1,1,1,1,1,1,1,,1,1,,1,1,1,1,1,1,,1,1,5,1,1,,,,,,,,1,,,,,1,4,1,1,,,,,1,,,,1,1,1,,1,,,1,1,,1,1,,,6,5,3,,2,,,4,1,,8,7,,5,2,1,1,2,1,1,1,1,1,1,1,,,,1,1,1,1,2,5,1,1,2,,,各方面都符合我的需求，价钱也在接受范围。,1,1,1,1,1,2,6,1,1,2,,,各方面都符合需求，愿意多付钱的原因是防指纹。,2,更喜欢防指纹的，防指纹的更值得加钱价钱贵一点也无所谓。,1,1,3,3,六线,高,"已婚,育婴期,已育,已有车",广东省,云浮市
13,286083,726476,1024659,3C数码,88898497,1,1,1,1,1,1,1,1,1,1,1,,1,1,1,1,1,1,1,,1,6,1,1,,,,,,,,1,,,,,1,4,,,,1,,1,,,,,1,1,1,1,,,1,1,,1,,1,,,5,4,6,7,,,8,1,,3,,2,,6,1,1,1,1,1,1,1,,1,1,,,,,1,2,1,1,2,4,2,1,2,,,颜色简洁一点即可，不必为了颜色多花钱。,1,1,1,1,2,1,4,2,2,1,,,四个角加了保护。,1,喜欢简约的款式。,2,1,4,3,二线,中等,"已婚,育婴期,已育,已有房,已有车",广东省,佛山市
14,286083,726476,1024659,3C数码,88898514,1,1,1,1,1,1,1,1,1,1,1,,1,1,1,1,1,,1,1,1,5,2,1,,,,,,,,1,,,,,1,4,,,1,1,,,,,,,1,,1,,1,,1,,1,,1,,,,4,,6,,3,,5,,1,,2,,,5,2,1,2,1,,1,,,1,,1,,,,1,3,3,2,1,4,4,,,2,,款式吸引人,1,2,2,3,3,2,3,4,,,4,2,款式不好看,3,外观颜色,1,1,5,3,三线,低,未知,浙江省,金华市
15,286083,726476,1024659,3C数码,88898515,1,1,1,1,1,1,1,1,,1,1,,1,1,1,1,1,1,1,1,2,4,1,1,,,,,,,,1,,,,,1,4,1,,,1,1,1,,,,,1,1,1,,,,,,1,,,1,,,4,2,5,,,,,,3,,,1,,4,2,1,1,1,1,1,,,1,1,1,,,,1,1,1,2,1,4,1,2,2,,,物超所值，非常有科技感，适合时下年轻人,1,1,1,1,1,1,4,1,1,1,,,高端大气上档次，有科技感，非常有吸引力,1,配色好看，有高端感，让人非常想购买。,1,1,4,3,三线,低,"准备结婚期,育婴期,已育",广东省,中山市
16,286083,726476,1024659,3C数码,88898520,1,1,,1,1,1,1,1,1,1,1,,1,1,1,1,1,1,1,,1,2,1,1,,,,,,,,1,,,,,1,5,,,,1,1,1,1,,,,1,1,1,,,1,,1,1,,,1,,,2,3,6,,,1,,4,5,,,7,,2,2,1,2,2,1,1,1,,1,1,,,,,1,2,1,2,2,3,2,2,2,,,防护性更好，配色更丰富，使用体验更方便,1,2,2,2,1,2,4,2,2,2,,,外观设计更好看，比之前其他款式特别,2,更不容易沾指纹，日常使用更美观,2,1,3,4,三线,低,"已婚,育婴期,已有房,已有车",山东省,潍坊市
17,286083,726476,1024659,3C数码,88898521,1,1,1,1,1,1,1,1,1,1,1,,1,1,1,1,1,1,1,1,1,5,1,1,,,,,,,,1,,,,,1,4,1,,1,,1,,,,,,1,1,1,,,1,1,1,1,,1,1,,,5,7,1,,,8,2,9,3,,4,6,,5,1,1,2,2,1,,1,,1,1,,,,,1,1,1,2,2,5,1,2,2,,,超出预算了,1,1,2,1,2,1,5,2,3,,,,太贵了,2,很有吸引力,1,1,3,6,一线,低,未知,北京,北京市
18,286083,726476,1024659,3C数码,88898523,1,1,1,1,,,,1,,,,,,,,,,,,,1,5,1,1,,,,,,,1,,,,,,1,4,,,,1,,,,,,,1,,1,,,1,,1,,1,,,,,2,,4,,,5,,3,,1,,,,5,1,1,2,2,1,1,,,,1,1,,,,1,1,1,1,1,4,2,2,2,,,愿意,1,1,1,2,2,1,5,2,2,2,,,质感好，防指纹用处多,2,价格比较合理，不易打滑，不沾手，更有质感,1,1,4,4,四线,低,未知,河南省,焦作市
19,286083,726476,1024659,3C数码,88898524,1,1,1,1,1,1,1,1,1,1,1,,1,1,1,1,1,1,1,1,1,5,1,1,,,,,,,,1,,,,,1,5,,,1,,,,,,,,1,1,,,,,1,1,,,,1,,,2,5,,,,,3,4,,,,1,,5,1,1,1,1,1,1,,1,,,1,,,,1,1,1,1,1,5,1,1,2,,,外观好看,1,1,1,1,1,1,4,1,1,2,,,比较实用,2,功能更加强大,1,1,3,2,二线,偏低,未知,辽宁省,沈阳市
20,286083,726476,1024659,3C数码,88898533,1,1,1,1,,,1,1,,,,,,,,,,,,,1,5,1,1,,,,,,,,1,,,,,1,4,1,1,,,,,1,,,,1,1,,1,1,,,1,1,1,1,,,,8,6,,1,3,,,2,5,7,4,,,5,1,1,1,1,1,1,,,,1,1,,,,1,1,1,1,1,5,1,1,1,,,不需要笔槽,1,1,1,1,1,1,5,1,1,1,,,外观感觉有点乱,1,要简单一点,1,1,3,2,六线,偏低,未知,广西壮族自治区,玉林市
21,286083,726476,1024659,3C数码,88898541,1,1,1,1,1,1,1,1,,1,1,,1,1,1,1,1,1,1,1,2,3,2,1,,,,,,,,1,,,,,1,4,,,1,,,,,,,,1,1,,1,,,,,,,1,,,,1,2,,4,,,,,,,3,,,4,2,1,2,2,1,,,,1,1,,,,,1,2,1,1,2,5,2,2,3,,,保护性更好了，笔槽设计更实用，配色也可以选自己更喜欢的,1,2,3,3,3,3,2,2,3,,,,在性能和实用性上并没有特别大的提升,1,更实用，性价比比较高,2,1,4,2,一线,偏低,"准备结婚期,育婴期",上海,上海市
22,286083,726476,1024659,3C数码,88898554,1,1,1,1,1,1,1,1,1,1,1,,1,1,1,1,1,1,1,1,1,5,1,1,,,,,,,,1,,,,,1,4,,,,1,1,1,,,,,1,1,1,,,1,,1,,,,1,,,2,3,5,,,4,,6,,,,1,,6,1,1,1,1,,1,,,1,1,,,,,1,1,1,1,2,6,1,1,1,,,可以有效防护苹果摔坏 而且笔槽很方便携带 配色新颖,1,2,2,1,1,1,5,1,1,1,,,可以很好防指纹 而且设计很特别 质感很好,2,设计感更好 而且可以防指纹 不需要经常擦拭干净 可以加钱购买,1,1,3,2,三线,偏低,未知,福建省,莆田市
23,286083,726476,1024659,3C数码,88898573,1,1,1,1,1,1,1,1,1,1,1,,1,1,1,1,1,1,1,1,1,5,1,1,,,,,,,,1,,,,,1,4,,1,1,,1,,1,,,,,,1,1,,,1,1,1,,,,,,,,4,1,,,2,5,3,,,,,5,2,1,2,2,,1,,1,1,,1,,,,1,2,2,3,2,4,2,2,2,,,功能造型,1,3,3,3,2,2,3,2,2,3,,,没什么特别,2,看造型,2,1,3,3,五线,中等,"已婚,育婴期,已育",广东省,揭阳市
24,286083,726476,1024659,3C数码,88898611,1,1,1,1,1,1,1,1,1,1,1,,1,1,1,1,1,1,1,1,1,5,1,1,,,,,,,,1,,,,,1,4,,,1,,,1,,,,,1,1,1,1,1,,1,1,,1,,,,,1,8,2,4,3,,7,5,,6,,,,5,2,1,2,2,1,1,,,1,1,,,,,1,3,2,2,2,3,2,2,2,,,整体保护很好，另外比较便捷，主要价格也不算很贵,1,3,3,3,3,3,1,3,,,3,3,不是非常喜欢这种质地,1,喜欢光面的手感，感觉更有质地,2,1,5,2,一线,偏低,"已婚,育婴期,已育,已有车",上海,上海市
25,286083,726476,1024659,3C数码,88898640,1,1,1,,1,,1,1,,1,1,,1,1,1,1,1,1,1,,1,5,1,1,,,,,,,,1,,,,,1,4,,,,1,1,,,,,,1,1,1,1,1,1,1,1,1,1,1,1,,,1,11,2,5,8,6,4,3,10,12,9,7,,5,1,1,1,1,1,1,1,1,1,1,1,,,,1,2,1,2,1,4,2,2,2,,,配色要高级，笔槽随用随取，全方位防震,1,2,2,1,1,2,2,1,1,2,,,光栅背板比普通的防指纹更厉害就愿意多付钱,1,光面感更耐看，,1,1,4,2,六线,低,未知,广东省,梅州市
26,286083,726476,1024659,3C数码,88898648,1,1,1,1,1,1,,1,1,1,1,,1,1,1,1,1,1,,1,1,2,1,1,,,,,,,,1,,,,,1,4,,1,,,1,,,,,,1,1,1,,,1,1,,1,1,,1,,,2,3,6,,,4,5,,7,8,,1,,3,1,1,1,1,1,1,1,1,,1,,,,,1,1,1,1,1,5,1,2,4,,,不是很高科技的升级，没必要花太多的钱在这个上面，而且我的iPad基本上不怎么摔,1,1,1,2,1,1,3,3,,,2,,有没有指纹对我来说不是很重要的升级，因为我不是易出汗体质,3,我对于是否容易有指纹不是很关注，我比较看中科技感的升级，常换常新,2,1,4,2,一线,高,"准备结婚期,孝敬期",上海,上海市
27,286083,726476,1024659,3C数码,88898659,1,1,1,1,1,1,1,1,1,1,1,,1,1,1,1,1,1,1,1,1,7,1,1,,,,,,,,1,,,,,1,4,,,,1,1,1,,,,,1,1,1,1,1,1,1,1,1,1,1,1,,,1,2,9,5,10,6,11,8,3,12,4,7,,7,1,1,1,1,1,1,1,1,1,1,1,,,,1,1,1,2,2,6,2,2,2,,,我愿意为这三个升级点多付钱的主要原因的我觉得物超所值，保护套很棒，笔槽在侧面很便利，配色很好看，外观也很好看,1,2,2,2,2,1,6,2,2,2,,,我愿意为光栅背板多付钱的主要原因是外观很好看，看起来很有质感，防指纹我觉得很特别,3,我觉得这两款差不多，没有主要原因,1,1,3,2,二线,高,未知,广东省,珠海市
28,286083,726476,1024659,3C数码,88898662,1,1,1,1,1,1,1,1,1,1,1,,1,1,1,1,1,1,1,,1,3,1,1,,,,,,,,1,,,,,1,4,,,,,1,,,,,,1,1,1,,,,,,,,1,1,,,4,3,2,,,,,,,,5,1,,3,2,1,2,3,,1,,,,,,,,,1,2,3,2,3,3,2,4,,,,我觉得功能没有增加得特别多，太贵了性价比不高,1,2,2,2,2,3,4,4,,,2,,我觉得功能确实增加了，但是功能不是我一定需要的，不接受太高的溢价,2,那个不会留指纹的功能我喜欢 看着清爽 令人舒服,2,1,3,2,二线,低,"已婚,已育",浙江省,杭州市
29,286083,726476,1024659,3C数码,88898686,,1,,1,1,,,1,,1,1,,1,1,1,1,1,,,,1,5,1,1,,,,,,,,1,,,,,1,4,,1,1,,,,,,,,1,,1,1,,,,,1,1,,,,,1,,5,4,,,,,2,3,,,,5,2,1,1,2,,,1,1,,1,,,,,1,1,1,1,2,4,2,4,,,,外观图案是我喜欢的，简洁，而且保护性比较强，拿触控笔也比较方便,1,2,2,2,2,1,3,2,4,,,,有没有指纹对我不太重要，可能不会花更贵的价格,2,没用过这种款的，感觉会防滑，不容易摔,2,1,3,2,三线,偏低,未知,广东省,中山市
30,286083,726476,1024659,3C数码,88898772,,,1,1,,,1,,,,1,,1,,1,,1,1,1,,1,3,1,1,,,,,,1,1,,,,1,1,,4,,,1,,,1,,,,,,1,1,,1,,,,,,,,,,,1,3,,2,,,,,,,,,3,2,1,2,2,1,,1,,,1,,,,,1,1,1,2,1,4,1,2,2,,,配色有点单调,1,1,1,1,1,1,3,2,2,2,,,外观吸引,2,功能更好,1,1,4,4,二线,低,未知,四川省,成都市
31,286083,726476,1024659,3C数码,88898775,1,1,,,1,,1,1,,,,,1,1,,,,,,,2,3,2,1,,,,,,,1,,,,,,1,5,,,1,,1,1,1,,,,1,1,,1,,,,,1,,,1,,,2,1,,3,,,,,4,,,5,,3,1,1,2,2,1,1,,1,,1,,,,,1,1,1,1,3,5,1,2,2,,,符合我的个人需求，用起来方便,1,2,2,1,1,2,3,2,2,3,,,没什么必要，感觉都差不多,1,价格还不错，能够满足我的需求,2,1,3,4,一线,偏低,已有车,广东省,广州市
32,286083,726476,1024659,3C数码,88898814,1,,1,1,,1,1,,1,1,1,,1,1,,1,1,1,,1,2,4,1,1,,,,,,,,1,,1,,1,,4,,,,,,1,,,,,1,,,1,,,,,1,,,,,,1,,,2,,,,,3,,,,,6,1,1,1,1,1,1,1,1,,,,,,,1,2,2,2,2,4,2,2,2,,,配色不大喜欢,1,2,2,2,2,2,4,2,2,2,,,外观不大喜欢,1,比另一个好看点,1,1,3,6,三线,低,未知,山东省,临沂市
33,286083,726476,1024659,3C数码,88898889,1,1,1,1,1,1,1,1,1,1,1,,1,1,1,1,1,1,1,1,1,4,1,1,,,,,,,,1,,,,,1,4,1,1,,,,,,,,,1,1,,1,,,,,,,1,1,,,1,2,,3,,,,,,,4,5,,4,2,1,2,2,1,1,,,,1,,,,,1,2,1,3,2,3,2,3,,,,因为防护是基础，不愿意额外支付更多的钱，笔槽便利对需求的人群是加分项，不需要的就可有可无，不愿意支付更多,1,2,2,2,2,2,2,3,,,2,,光栅背面是设计项，不是刚需防护，不愿意额外支付更多,3,保护壳主要还是以防护和实用性为主，材质耐用，好的材质愿意支付更多，其他设计实用性也愿意支付,2,1,4,2,二线,偏低,准备结婚期,辽宁省,大连市
34,286083,726476,1024659,3C数码,88898896,1,1,1,1,1,1,1,1,1,1,1,,1,1,1,1,1,1,1,1,1,7,1,1,,,,,,,,1,,,,,1,4,,,,1,1,1,,,,,1,1,1,1,1,,,1,1,,1,,,,7,8,1,5,2,,,4,3,,6,,,7,1,1,1,1,1,1,1,1,1,1,1,,,,1,1,1,1,1,6,1,1,1,,,功能变得变多了，值得溢价,1,1,1,1,1,1,6,1,1,1,,,功能强大，我愿意多付费,2,功能强大，我愿意多付费，而且是我想要的功能都包含了，价格合适,1,1,3,2,六线,偏低,"已婚,已育,已有房,已有车",广西壮族自治区,钦州市
35,286083,726476,1024659,3C数码,88898899,1,1,1,1,1,1,1,1,1,1,1,,1,1,1,1,1,1,1,1,1,7,1,1,,,,,,,,1,,,,,1,4,1,1,1,1,1,1,1,,,,1,1,1,1,1,1,1,1,1,1,1,1,,,8,12,7,10,1,11,6,2,5,4,3,9,,7,1,1,1,1,1,1,1,1,1,1,1,,,,1,1,1,1,1,6,1,1,1,,,我觉得轻薄的话手感很好我会愿意多付钱 颜色清新,1,1,1,1,1,1,6,1,1,1,,,我喜欢这个手感,1,我喜欢这个手感,1,1,3,2,二线,偏低,未知,天津,天津市
36,286083,726476,1024659,3C数码,88898914,1,,,1,1,1,,1,,,,,,,1,,,,,,1,4,1,1,,,,,,,,1,,,,,1,5,,1,1,1,,,,,,,1,1,,,,,,,,,1,,,,2,1,,,,,,,,,3,,,4,1,1,1,1,,1,1,,,,1,,,,1,1,1,2,1,3,1,1,2,,,功能多了值得多付,1,1,1,2,2,1,4,1,1,1,,,价格和质量成正比例,3,都挺喜欢的，功能还算强大吧,1,1,4,2,三线,低,未知,河北省,石家庄市
37,286083,726476,1024659,3C数码,88899329,,1,1,,1,1,1,1,,1,1,,1,1,1,1,1,1,,1,1,4,1,1,,,,,,,,1,,,,,1,4,,,,1,1,1,1,,,,1,1,1,,1,,,1,1,1,1,1,,,2,7,5,,3,,,4,6,9,8,1,,4,1,1,2,2,1,1,1,1,,1,1,,,,1,2,1,2,2,4,1,2,3,,,愿意多付钱，但是不愿意多付那么多，觉得这三个点好，但是不值得花那么多钱配色，外观都不是必须的！防护功能可以多花钱！,1,2,2,1,2,1,4,2,2,2,,,这个功能是可有可无的，花钱一小部分可以太多就不划算了！因为它对功能影响不大！,1,光面款更手感好，材质更好，功更强大。更符合我的使用习惯！,1,1,4,4,二线,中等,未知,四川省,成都市
38,286083,726476,1024659,3C数码,88899365,1,1,1,1,1,1,1,1,1,1,1,,1,1,1,1,1,1,1,1,1,7,1,1,,,,,,,1,,,,,,1,4,,,,1,1,1,,,,,1,1,1,1,1,1,1,1,1,1,1,1,,,3,1,2,7,8,5,10,4,11,12,6,9,,7,1,1,2,3,1,1,1,,,1,1,,,,1,2,3,2,2,6,2,2,2,,,功能比较多样一点，比较独特新颖一点，也方便取用，但是呢感觉颜色搭配很一般，没有吸引年轻人。,1,3,3,2,2,3,4,2,3,,,,感觉挺丑的啊 虽然说是升级， 比较好用...,1,对比起来，还是普通升级款好看一点...比较女性化一些。,1,1,3,2,五线,偏低,单身,广西壮族自治区,南宁市
39,286083,726476,1024659,3C数码,88899369,1,1,1,1,1,1,1,1,,1,1,,1,1,1,1,1,1,,1,1,4,1,1,,,,,,,,1,,,,,1,4,,,,1,1,1,,,,,1,1,1,1,1,1,1,1,1,1,1,1,,,1,3,4,7,11,2,9,8,6,12,5,10,,5,1,1,2,2,1,1,1,,1,1,,,,,1,2,1,1,2,6,2,2,2,,,加强防护能防止磕碰或者挤压变形，笔槽希望不会卡，有时候总是把笔碰掉地上，便利方便拿取也好，配色希望有更多选择，有饱和度不那么高的，外观简约一点,1,2,1,1,2,1,4,2,2,2,,,光栅背板增加了一些质感，比普通光面更耐看一点，但是指纹之类的没有那么在意，希望是耐脏结实的,2,光栅背面款看着更有质感一点，两者功能相差不多可能会选择光栅款,1,1,3,2,六线,偏低,单身,黑龙江省,鹤岗市
40,286083,726476,1024659,3C数码,88899385,1,1,1,,,,1,1,,,,,,,,,,,,,1,4,1,1,,,,,,,,1,,,,,1,5,,,1,1,,,,,,,1,,,1,,,1,1,,,1,,,,1,,,2,,,5,3,,,4,,,4,1,1,1,1,1,1,,,1,,1,,,,1,1,1,1,1,4,1,1,2,,,使用更方便，颜色款式更好看,1,1,1,1,1,2,4,1,2,2,,,款式看起来更高级了，所以我愿意,3,两款的设计都很好，我都很喜欢,1,1,3,4,五线,中等,"已婚,已育",安徽省,滁州市
41,286083,726476,1024659,3C数码,88899437,1,1,1,1,1,1,1,1,1,1,1,,1,1,1,1,1,1,,1,1,5,1,1,,,,,,,,1,,,,,1,4,,1,,1,,1,,,,,1,1,,1,1,,,1,1,,1,1,,,3,4,,1,7,,,6,5,,2,8,,5,2,1,2,2,1,1,1,1,,1,1,,,,1,2,1,2,2,4,2,2,2,,,感觉这几个功能都符合需求，感觉很不错,1,2,2,2,1,2,3,2,2,2,,,这款产品防指纹感觉很不错，功能符合需求,2,感觉这款功效更符合需求，更好,2,1,4,2,一线,高,未知,上海,上海市
42,286083,726476,1024659,3C数码,88899466,1,1,1,1,1,1,,1,1,,,,,,,,,,,,1,6,1,1,,,,,,,,1,,,,,1,4,,,1,,1,1,,,,,1,1,1,1,1,1,1,1,1,1,1,1,,,2,3,4,11,7,5,8,1,10,9,6,12,,6,1,1,1,1,1,1,1,1,1,1,1,,,,1,1,1,1,1,6,1,1,1,,,"我愿意为三个升级多付钱的原因是，这三个升级点都是我目前在意与需要的特点,也希望购买新款的包含这三个功能，多付钱也划算的",1,2,1,1,1,1,6,2,1,1,,,该产品无论设计还是实际使用都对于我都是十分实用，还能防指纹防油腻残留，是刚性需求。,2,防护更周到，产品有特点区分同类产品。材质和使用功能上也很有优势。,1,1,4,4,一线,低,"已婚,育婴期,已有房,已有车",广东省,广州市
43,286083,726476,1024659,3C数码,88899486,1,1,1,1,,,1,1,,,1,,1,,,1,,,,,1,5,1,1,,,,,,,,1,,,,,1,5,,1,,1,,1,,,,,1,1,,1,,,,1,,,1,1,,,1,3,,4,,,,5,,,2,6,,5,1,1,1,1,1,1,,,,1,,,,,1,1,1,2,2,6,1,1,2,,,愿意多付钱，对平板更有保护更让人放心，磁吸可拆卸，而且外观好看,1,1,1,1,1,2,6,1,1,1,,,比之前的更高级，不沾指纹符合我的需求，值得多加钱,2,相比光面款，光栅款更有优势不沾指纹，外观好看，符合大众需求,1,1,3,3,三线,偏低,"恋爱期,已有车",山东省,滨州市
44,286083,726476,1024659,3C数码,88899540,1,1,1,1,1,1,1,1,1,,,,,,,1,,,,1,1,5,1,1,,,,,,,,1,,,,,1,5,,,1,1,,1,,,,,,1,1,,,1,1,1,1,,,,,,,3,2,,,1,5,6,4,,,,,5,1,1,1,1,,1,1,1,1,,,,,,1,1,2,1,1,5,2,1,4,,,"139这个价格不愿意购买，因为作为一个平板保护套，价格没有优势。功能再多，他还是一个保护套。
129愿意购买，愿意为新的功能买单。",1,1,1,2,1,3,3,2,3,,,,背板只是材料变化，不愿意多付。这个很多壳都是磨砂材质的，没有很特色,1,材质设计功能都是我喜欢的，所以我选择他,1,1,3,6,二线,低,"已婚,育婴期,已育,装修期,已有房,已有车",福建省,福州市
45,286083,726476,1024659,3C数码,88899545,1,1,1,1,1,1,1,1,1,1,1,,1,1,1,1,1,1,1,1,1,5,1,1,,,,,,,,1,,,,,1,4,1,,1,,1,,,,,,1,,1,1,1,,1,,,,1,,,,6,,5,2,1,,4,,,,3,,,5,1,1,2,2,1,,1,,1,1,1,,,,1,1,1,2,2,5,1,2,2,,,性价比太低,1,1,2,1,2,1,5,2,3,,,,不想买那么贵的,2,喜欢好用好看,1,1,3,6,一线,低,未知,北京,北京市
47,286083,726476,1024659,3C数码,88899587,,,1,1,,1,1,1,,,1,,,1,1,,,1,1,,1,5,1,1,,,,,,,,1,,,,,1,4,,,1,1,1,,,,,,1,,,1,1,1,1,1,1,,1,,,,2,,,3,5,4,7,6,8,,1,,,5,1,1,1,1,1,1,,,1,1,1,,,,1,1,1,2,1,3,1,1,1,,,比较耐脏，而且优惠力度大，而且好用,1,1,1,1,1,1,5,1,1,1,,,配色大胆，方便看到，而且不会脏的明显，更加耐用,1,比较优惠，而且好看，价格合适的话，非常实惠,1,1,4,3,一线,低,"已婚,已育,已有车",广东省,深圳市
48,286083,726476,1024659,3C数码,88899610,1,1,,,,,,1,,1,,,,,,,,,,,1,5,1,1,,,,,,,,1,,,,,1,4,,,,,1,,,,,,1,,1,1,1,,,,,1,,,,,2,,5,4,3,,,,,1,,,,5,1,1,1,1,,,,,,1,,,,,1,1,1,3,3,5,1,1,2,,,前两个已经满足了防摔要求，不需要为此溢价，配色并没有很大升级,1,1,3,3,1,1,6,1,1,2,,,不沾指纹的痛点不是很大，而且它是有异物感，处理不大好,2,价格更便宜，性价比更高,2,1,4,2,三线,偏低,"单身,育婴期",广东省,惠州市
49,286083,726476,1024659,3C数码,88899614,1,1,,,1,,1,1,,,,,,,,,,,,,1,5,1,1,,,,,,,,1,,,,,1,4,,,1,,,1,,,,,1,1,,,,,,1,,,,,,,1,3,,,,,,2,,,,,,6,1,1,1,1,1,1,,1,,,,,,,1,1,2,2,2,5,1,2,1,,,愿意去是因为值得,1,1,2,1,2,2,4,2,1,2,,,价格还是非常合适的,2,听着高级，想要尝试,1,1,3,6,二线,中等,"已婚,已育,已有车",广东省,东莞市
50,286083,726476,1024659,3C数码,88899621,1,1,1,1,1,1,1,1,1,1,1,,1,1,1,1,1,1,1,1,1,4,1,1,,,,,,,,1,,,,,1,4,,,1,,1,,,,,,1,,,,,1,1,,1,1,,,,,1,,,,,2,3,,5,4,,,,4,1,1,1,1,,1,,1,,1,1,,,,1,1,1,1,1,3,1,1,2,,,质量好，用得好，肺超白玻璃,1,1,2,1,2,2,4,1,1,2,,,可能不太已过,3,非常实用好用，质量好的,1,1,3,1,三线,偏高,"已婚,育婴期,已育,已有房,已有车,孝敬期",江苏省,盐城市
51,286083,726476,1024659,3C数码,88899625,1,,1,,,,,1,,,,,,,,,,,,,1,5,1,1,,,,,,,1,,,,,,1,4,,,,1,,,,,,,1,,1,,1,,,,,1,,1,,,2,,3,,1,,,,,5,,4,,5,1,1,1,1,1,1,,1,,1,,,,,1,1,1,1,1,4,2,2,2,,,愿意，防护性能强，外观好看，使用方便,1,1,1,1,1,1,4,2,2,2,,,愿意，外观好看，质感很好，防护性能强,2,愿意，外观好看，防护性能强，值得加钱,1,1,4,4,四线,低,"已婚,已育,已有车",河南省,焦作市
52,286083,726476,1024659,3C数码,88899627,1,,1,1,1,1,1,1,1,,,,,,,,,,,,1,5,1,1,,,,,,,,1,,,,,1,4,,1,1,,1,,,,,,1,1,1,,,,,1,,1,,1,,,1,3,5,,,,,2,,6,,4,,5,2,1,1,1,1,1,,,,1,,,,,1,1,1,1,1,5,1,2,3,,,更加具有保护性 笔槽更方便取 更方便日常使用,1,2,3,1,2,3,4,2,4,,,,防指纹的意义不大,1,比较喜欢简洁的光面背板,2,1,3,6,二线,偏低,未知,江苏省,南京市
53,286083,726476,1024659,3C数码,88899631,,,,1,1,,,1,,,1,,,1,1,1,,,1,,1,5,1,1,,,,,,,,1,,,,,1,5,,1,1,,1,,,,,,1,1,,1,,1,1,,,,,1,,,1,3,,2,,6,5,,,,,4,,5,1,1,1,1,1,1,,,1,,,,,,1,1,1,2,2,4,1,2,3,,,120以内差不多了,1,1,1,1,1,1,4,1,2,3,,,太贵了,2,看起来符合我要求,1,1,4,4,二线,偏低,"已婚,育婴期,已育,已有房",陕西省,西安市
54,286083,726476,1024659,3C数码,88899638,1,1,1,1,,,1,1,,,,,1,1,1,1,,,,,1,5,1,1,,,,,,,,1,,,,,1,4,,1,1,,,,,,,,1,,,1,,,,1,,,1,,,,2,,,3,,,,1,,,4,,,5,2,1,1,1,1,1,,,,1,,,,,1,2,2,2,2,3,2,2,4,,,和刚刚普通版的功能相差不大，没必要花更多钱,1,2,2,2,2,2,3,2,2,4,,,相差不大和之前的，功能没有特别,1,光面更美观，防护更好，材质更舒服,2,1,4,2,一线,低,"准备结婚期,育婴期,已有房",广东省,广州市
55,286083,726476,1024659,3C数码,88899641,1,1,1,1,,,1,1,1,1,1,,1,1,1,1,1,1,,1,1,2,1,1,,,,,,,,1,,,,,1,4,,,1,,,,,,,,1,1,,1,,,,1,,1,,,,,1,5,,4,,,,3,,2,,,,3,2,1,2,2,1,1,,,,1,,,,,1,2,1,2,1,5,2,2,2,,,四角防护,1,2,1,2,1,2,3,2,2,4,,,全方位防护,1,价格适中,2,1,3,2,三线,偏低,"已婚,已育,装修期,已有房,已有车",广东省,惠州市
56,286083,726476,1024659,3C数码,88899652,1,1,1,1,1,,1,1,1,1,1,,1,1,1,1,1,1,1,1,1,5,1,1,,,,,,,,1,,,,,1,4,,1,,,1,,1,,,,1,1,1,1,1,1,,1,,,1,1,,,1,2,5,7,6,9,,3,,,4,8,,5,1,1,1,1,1,1,1,1,1,1,1,,,,1,1,1,1,2,6,1,1,2,,,非常愿意为这三个升级点多付钱，防摔性能大大增强，笔槽也很方便，配色也很特别，但是价格如果高出太多就要考虑一下了,1,1,1,1,1,1,6,1,1,2,,,质感更好，显得上档次，防指纹效果更好，非常乐意加钱购买,2,光栅款背面纹理显得更有质感，磨砂手感不易粘指纹，高级上档次，颜色也鲜艳，会更醒目，防护效果也不错，个人觉得可以加钱购买,1,1,3,4,四线,偏低,"准备结婚期,已育,已有车",山东省,菏泽市
57,286083,726476,1024659,3C数码,88899654,1,1,1,1,1,1,1,1,1,1,1,,1,1,1,1,1,1,1,1,1,2,1,1,,,,,,,,1,,,,,1,4,1,,,,1,,,,,,1,1,,1,1,1,,1,,,1,,,,1,7,,5,4,3,,2,,,6,,,3,1,1,3,3,,,,,1,,,,,,1,3,4,2,3,1,4,,,4,4,不喜欢这个颜色 没有特别原因,1,5,3,2,2,2,1,4,,,4,4,不喜欢蓝色,3,不喜欢颜色，更喜欢透色或者其他图案款式,2,1,5,2,一线,偏低,"已婚,育婴期,已育,已有房,已有车",北京,北京市
58,286083,726476,1024659,3C数码,88899661,1,1,1,1,1,1,1,1,1,1,1,,1,1,1,1,1,1,1,1,1,3,1,1,,,,,,,,1,,,,,1,4,,,,,,1,,,,,1,1,,1,,1,1,1,1,1,1,1,,,1,3,,5,,8,9,4,6,10,2,7,,4,1,1,1,1,1,1,1,1,1,1,,,,,1,1,1,1,1,4,1,2,2,,,磁吸分离，颜色丰富，防光滑面,1,1,2,1,1,1,4,2,2,2,,,防指纹,2,不粘指纹，视觉触觉更好,1,2,4,2,一线,偏低,"单身,装修期,已有车",广东省,广州市
59,286083,726476,1024659,3C数码,88899674,1,1,1,1,1,,,1,,1,,,1,,,,,,1,1,1,4,2,1,,,,,,,,1,,,,,1,4,,,,,,1,,,,,1,1,,1,1,,1,,1,,1,,,,5,6,,4,2,,7,,1,,3,,,3,2,1,2,2,,1,,,1,1,,,,,1,1,1,1,1,5,1,4,,,,我愿意为升级点多付费用。首先，升级的防护设计能更好地保护平板，减少摔落、磕碰带来的维修风险，用起来更安心；其次，优化后的笔槽设计能让Apple Pencil收纳更稳妥，不容易丢失，日常学习办公时随取随用也更方便；另外，升级后的外观和配色质感更好，背板也不容易发黄，长时间使用也能保持平板的颜值，整体使用体验提升明显，多花的钱能换来更省心耐用的体验，我觉得是值得的。,1,2,2,3,1,3,2,4,,,2,,我对升级点的付费意愿比较中立。如果升级后的防护、笔槽优化能解决我实际使用中的痛点，比如笔容易掉、防护边角容易磨损等问题，并且升级后的价格在合理范围内，我会考虑多付一点费用；但如果升级的功能只是锦上添花，没有解决核心使用问题，或者加价幅度太高，我还是会选择基础款，毕竟99元的基础款已经能满足我日常看剧、学习的大部分需求。,1,我愿意为升级点多付费用。首先，升级的防护设计能更好地保护平板，减少摔落、磕碰带来的维修风险，用起来更安心；其次，优化后的笔槽设计能让Apple Pencil收纳更稳妥，不容易丢失，日常学习办公时随取随用也更方便；另外，升级后的外观和配色质感更好，背板也不容易发黄，长时间使用也能保持平板的颜值，整体使用体验提升明显，多花的钱能换来更省心耐用的体验，我觉得是值得的。,1,1,3,2,三线,中等,"准备结婚期,已有房,已有车",广东省,汕头市
60,286083,726476,1024659,3C数码,88899680,,1,1,1,1,,,1,1,,1,,1,1,1,1,1,1,,1,1,5,1,1,,,,,,,,1,,,,,1,4,1,1,1,,,,,,,,1,1,,1,,,,1,,1,1,,,,1,6,,3,,,,2,,5,4,,,5,1,1,1,1,1,1,,1,1,1,,,,,1,2,1,3,2,4,2,3,,,,我不需要放笔的笔槽，外观也没有太吸引的地方,1,1,1,2,1,1,5,1,3,,,,光栅背板看起来很吸引人，不易沾指纹是我需要的,2,外观吸引我，不易沾指纹是我需要的功能,2,1,3,6,一线,偏低,"已婚,育婴期,已育,装修期,已有房,已有车",广东省,深圳市
61,286083,726476,1024659,3C数码,88899684,,1,1,,,,1,1,,1,1,,1,1,1,1,1,1,,1,1,2,1,1,,,,,,,,1,,,,,1,4,,,1,,,,,,,,1,1,,1,1,1,,,1,,,1,,,4,2,,3,5,1,,,7,,,6,,2,1,1,2,1,1,1,,,,,,,,,1,2,1,2,1,4,2,2,3,,,看起来颜色更丰富，放笔的卡槽看起来也很方便，功能性增加了,1,2,3,2,2,3,1,2,4,,,,感觉好像没有太大区别的样子,3,我喜欢材质看起来更好的，更不粘灰，容易拆下来清洁平板的,2,1,3,4,三线,中等,"已婚,育婴期,已育,已有房,已有车",浙江省,金华市
62,286083,726476,1024659,3C数码,88899695,,1,,,,,,1,1,,,,,,,,,,,1,1,5,1,1,,,,,,,,1,,,,,1,5,,1,,1,1,1,1,,,,1,1,1,1,,,,1,,,1,1,,,2,5,4,6,,,,1,,,3,7,,5,1,1,1,1,1,1,1,1,1,1,1,,,,1,1,1,1,1,5,1,1,1,,,啊，使用起来很方便，能够旋转，还有磁吸能够支撑起来看剧，而且外观看起来很简洁，主要是品质也很好,1,1,1,1,1,1,6,1,1,1,,,  这个一机多体态，随取随用，这个，而且它的设计比较好，不会让平板掉地下摔坏，所以我愿意去选它,1,我喜欢它的这个一机多体态，能够随时取随时用嗯，还能有防震的效果，防摔的效果手感也好,1,1,3,6,二线,偏低,未知,吉林省,长春市
63,286083,726476,1024659,3C数码,88899699,,1,1,1,1,1,1,1,,,,,,,,,,,,,1,5,1,1,,,,,,,,1,,,,,1,4,1,,1,,,,1,,,,1,1,,1,1,,,1,1,1,1,,,,8,5,,3,6,,,4,2,1,7,,,5,1,1,1,1,1,1,,1,1,1,,,,,1,1,1,2,1,4,1,2,2,,,这个价格在我的考虑范围内，然后这三个升级点我觉得非常实在，保护性能很不错,1,1,1,1,2,2,4,1,1,2,,,价格贵了一点，相对别的品牌的,3,希望价格和实用性可以更有性价比,1,1,4,3,二线,低,"已婚,育婴期,已育",湖北省,武汉市
64,286083,726476,1024659,3C数码,88899700,,,1,1,1,,1,1,1,,1,,1,1,,1,,,,,1,5,1,1,,,,,,,,1,,,,,1,4,,1,,1,,,,,,,1,,,1,,,,,1,,,,,,2,,,3,,,,,1,,,,,5,2,1,2,1,1,,1,,,,1,,,,1,2,1,2,1,5,2,2,1,,,这三个升级点真的很不错哦，看上去特别喜欢这个风格的感觉,1,2,1,2,1,2,5,2,1,2,,,光栅背板符合我的理念，真的很喜欢这个风格的感觉,2,看上去很不错的样子呢，哈哈真的很喜欢这个，yyds！,2,1,4,4,一线,偏低,"已婚,育婴期,已育,已有车",上海,上海市
65,286083,726476,1024659,3C数码,88899703,1,1,1,1,1,,1,1,,,,,1,1,1,,1,1,,1,1,5,1,1,,,,,,,,1,,,,,1,4,1,1,,,,,1,,,,1,,,1,1,1,1,1,,1,1,1,,,1,,,4,7,3,6,5,,2,8,9,,2,1,1,1,1,,1,1,1,1,1,1,,,,1,1,2,1,1,4,1,1,2,,,119-129元是我觉得比较合适的价位，139元我觉得有点贵了,1,1,1,1,1,2,3,1,2,3,,,我觉得129元左右是我心理预期价格，139元以上有点贵了,2,升级光栅版看着更高级,2,1,3,2,二线,偏低,单身,广东省,佛山市
66,286083,726476,1024659,3C数码,88899739,,,1,1,,,,1,1,,,,,,,,,,,,1,5,1,1,,,,,,,,1,,,,,1,4,,,1,,,,,,,,,1,,,,,,,1,,,,,,,2,,,,,,,1,,,,,6,2,1,2,2,,1,,,,,,,,,1,2,1,2,2,5,1,1,2,,,保护性强，抗磕碰,1,2,2,2,1,1,5,1,2,3,,,防指纹,3,功能无明显差异,2,2,4,2,一线,低,"已婚,育婴期,已育,已有房,已有车,孝敬期",北京,北京市
67,286083,726476,1024659,3C数码,88899746,1,1,1,,1,1,,1,,1,1,,1,1,1,1,1,1,,,1,3,1,1,,,,,,,,1,,,,,1,4,1,1,1,,1,1,,,,,1,1,1,,,1,,1,1,,,,,,1,5,2,,,3,,6,4,,,,,5,1,1,1,1,1,1,1,,,1,1,,,,1,1,1,1,1,6,1,1,1,,,有必须要的功能，更丰富,1,1,1,1,1,1,6,1,1,1,,,功能多符合我日常需求,1,最新升级，是新款,1,1,3,2,二线,低,已婚,山东省,烟台市
68,286083,726476,1024659,3C数码,88899768,1,1,1,1,1,1,1,1,1,1,1,,1,1,1,1,1,1,1,,1,8,1,1,,,,,,,,1,,,,,1,5,,,,,,,,1,,,1,1,1,1,1,1,1,1,1,1,1,1,,,9,2,10,5,6,4,12,3,1,11,7,8,,7,1,1,2,2,1,1,1,1,1,1,,,,,1,1,1,2,2,6,1,1,1,,,防护更好不容易撞坏，配色让人眼前一亮，外观简洁,1,1,2,2,1,2,7,2,2,2,,,光栅背板更加耐磨防指纹，但是光面款更美观,3,升级光面款外观简洁大方，光栅款更加耐磨，各有各的优点,1,1,4,6,二线,偏高,未知,重庆,重庆市
69,286083,726476,1024659,3C数码,88899811,,,1,1,1,1,,1,,1,1,,1,1,,,1,1,1,,1,6,2,1,,,,,,1,1,,,,,,1,4,,,1,,,,,,,,1,1,1,1,,,,1,,,,,,,1,3,4,2,,,,5,,,,,,6,2,1,2,2,1,1,1,,,1,,,,,1,2,1,3,2,5,2,2,4,,,感觉升级了之后对平板的保护性更好，也更加适用于日常使用,1,3,4,2,3,3,1,4,,,4,3,感觉其质感不好，也不太好看,1,其材质相对于另一个来说更加好一些，然后看起来实用性比较高,2,1,3,2,三线,低,已婚,山东省,潍坊市
70,286083,726476,1024659,3C数码,88899822,,,,1,,,1,1,,1,1,,1,,,1,,1,,,1,4,1,1,,,,,,,1,,,,,1,,3,,1,1,,,,,,,,1,1,,,1,,,1,,,1,,,,4,5,,,2,,,3,,,1,,,4,1,1,1,1,1,1,,,1,1,,,,,1,1,1,1,1,6,1,1,1,,,愿意 防护到位 可以当支架配色也很好看，日常体验很好,1,1,1,1,1,1,6,1,1,1,,,外观也很好看 很新颖色的设计 ,3,两款都很好看，都很新颖,1,1,3,3,五线,低,"准备结婚期,已有车",河南省,开封市
71,286083,726476,1024659,3C数码,88899836,1,1,1,1,1,1,1,1,1,,,,,,,,,,,,1,5,1,1,,,,,,,,1,,,,,1,5,,,,1,1,1,,,,,1,1,1,1,,1,,,1,1,,,,,2,4,3,1,,6,,,5,7,,,,5,1,1,1,1,1,1,,1,,1,,,,,1,1,2,1,2,6,1,2,2,,,首先要符合我的审美要求的 其次是手感要好 颜色可以更加的丰富一些的 而且要足够的防滑 材质最好是橡胶 最后最好轻便一点的,1,1,2,2,1,1,5,1,2,3,,,外观看着比较喜欢的 质感也还不错 防指纹肯定是需要的 其次就是要更加的坚固 可以做到防摔防磕碰的,2,比较符合我的要求的 是我需要的一款产品 所以我会选择这个材质的 价格可以接受更高的,1,1,3,6,二线,低,"已婚,已有房",天津,天津市
72,286083,726476,1024659,3C数码,88899869,1,1,1,1,1,1,1,1,,1,1,,1,1,1,1,1,1,,1,1,5,1,1,,,,,,,,1,,,,,1,4,,1,1,,,1,,,,,1,1,1,1,1,1,1,1,1,1,1,1,,,1,2,3,6,7,4,10,9,5,12,11,8,,5,2,1,2,2,1,1,,,,,,,,,1,1,1,2,1,4,2,2,2,,,配色感觉不够吸引我,1,1,1,2,1,1,5,1,2,2,,,超出心理预期了,2,更有设计感,1,1,3,2,五线,偏低,"已婚,育婴期,已育,已有房",辽宁省,营口市
73,286083,726476,1024659,3C数码,88899892,1,1,1,1,1,,1,1,1,1,1,,1,1,1,1,1,1,,1,1,4,1,1,,,,,,,,1,,,,,1,4,,,,1,,,,,,,1,1,1,1,,1,,,1,,,1,,,1,3,4,6,,7,,,2,,,5,,7,2,1,1,1,1,1,,1,1,,,,,,1,1,2,1,2,6,1,1,1,,,防护提升了很多，触控笔拿取更方便，外观也变好看了。,1,2,2,2,2,2,6,1,1,2,,,光栅背板更加突出，设计感更好了。,3,光面款和光栅款都是比较好的,1,2,2,3,五线,偏低,未知,河北省,邢台市
74,286083,726476,1024659,3C数码,88899941,1,1,1,1,1,1,1,1,1,,,,,,,,,,,,1,5,1,1,,,,,,,,1,,,,,1,4,,1,,,,,,,,,1,1,1,1,1,1,1,1,,,1,1,,,9,1,5,8,6,3,10,4,,,7,2,,5,1,1,1,1,1,1,1,,1,1,,,,,1,1,1,1,1,5,1,1,1,,,选择性多,1,1,1,1,1,1,5,1,1,1,,,使用感好,1,材质更加好,1,1,3,2,三线,偏高,未知,广东省,惠州市
75,286083,726476,1024659,3C数码,88899943,1,1,1,1,1,1,,1,1,1,1,,1,1,1,1,1,1,,1,1,7,1,1,,,,,,,,1,,,,,1,5,,,,1,,1,,,,,1,1,1,1,,,,,,,1,1,,,1,2,6,4,,,,,,,5,3,,6,2,1,1,1,1,1,1,1,,1,,,,,1,1,1,1,2,6,1,1,3,,, 嗯，我觉得就是有一点点超出了心理预期的价格，就觉得说不是太适合了，但是这一款我还是非常喜欢的，因为蓝色真的非常是我最喜欢的颜色，然后这款设计的包裹也非常好，觉得iPad很安全,1,2,2,2,2,2,7,2,4,,,,可能虽然亮面板会留下指纹，但这个光栅背板不是非常符合我的审美，所以我不会愿意多花钱,1,感觉两款的，不过是材质功能防护都差异不大，所以单从外观上判断的话，更喜欢光面的一点，我会因为光面多花一点钱吧，但是我能理解光栅的那个可能技术成本会更高一点,2,1,4,4,三线,偏高,"已婚,育婴期,已有房",广东省,汕头市
76,286083,726476,1024659,3C数码,88899965,1,1,,,,,1,1,,,,,,,,,,,,,1,5,1,1,,,,,,,,1,,,,,1,4,1,1,,,1,,,,,,1,,,1,,,,1,1,1,,1,,,4,,,6,,,,5,1,2,,3,,5,2,1,2,2,1,1,1,,1,1,1,,,,1,2,2,2,2,3,2,2,2,,,实用性强,1,2,2,2,2,2,3,2,2,2,,,实用性强,3,实用性强,2,1,3,2,二线,偏低,单身,山东省,青岛市
77,286083,726476,1024659,3C数码,88899983,1,1,1,1,1,1,1,1,1,1,1,,1,1,1,1,,,,1,1,4,1,1,,,,,,,,1,,,,,1,5,,,1,1,1,1,1,,,,1,1,1,1,1,,,1,,,,1,,,1,6,2,4,7,,,3,,,,5,,4,1,1,1,2,1,1,,1,1,,1,,,,1,1,1,1,2,3,1,2,3,,,确实可以提升便利，防护好，使用方便,1,1,1,2,1,2,5,2,2,4,,,外观好看，能够防指纹是很大的改进,2,防指纹可以有助于更加美观，使用方便，价格合适，功能也齐备,2,1,3,4,三线,中等,"已婚,育婴期,已育,已有房,已有车",江苏省,扬州市
78,286083,726476,1024659,3C数码,88899986,,,,,,,,1,,,,,,,,,,,,,1,5,1,1,,,,,,,,1,,,,,1,3,,,1,,,,,,,,1,,,1,,1,,1,,,,,,,1,,,4,,2,,3,,,,,,4,2,1,2,3,1,,,,,1,,,,,1,3,3,3,3,1,2,2,2,,,好看，是我喜欢的类型,1,4,4,4,3,4,2,4,,,5,5,不是很想,5,不想加钱,2,1,3,6,一线,中等,准备结婚期,上海,上海市
79,286083,726476,1024659,3C数码,88900321,1,1,1,1,1,1,1,1,1,1,1,,1,1,1,1,1,1,,1,1,7,1,1,,,,,,,,1,,,,,1,4,1,1,1,1,1,1,1,,,,,,1,,,,1,,,,1,,,,,,3,,,,1,,,,2,,,5,2,1,1,2,,1,,1,,1,,,,,1,1,2,1,2,3,1,2,3,,,好用的,1,2,1,4,1,2,4,2,1,2,,,好用的,3,好的,3,1,4,2,二线,中等,"准备结婚期,已有房",浙江省,杭州市
80,286083,726476,1024659,3C数码,88900324,1,,1,1,1,1,1,1,1,1,1,,1,1,1,1,1,1,,1,1,7,1,1,,,,,,,,1,,,,,1,4,,1,1,1,,,1,,,,,,1,,,1,1,1,1,,,,,,,,3,,,5,2,1,4,,,,,6,1,1,2,1,,,1,1,,1,,,,,1,1,2,1,2,4,2,1,2,,,真的很喜欢,1,1,2,1,1,2,2,2,2,2,,,不喜欢这个家,3,喜欢这款产品,2,1,4,2,二线,偏低,单身,浙江省,杭州市
81,286083,726476,1024659,3C数码,88900332,1,1,,1,,1,,1,,1,1,,1,1,,,,,,,1,4,1,1,,,,,,,,1,,,,,1,4,,,1,,,,,,,,1,1,,1,,,,,1,,1,,,,1,2,,3,,,,,5,,4,,,4,2,1,2,2,1,1,,,1,,,,,,1,2,2,3,2,4,2,2,3,,,防护性更强 配色比较新颖让人舒适 与众不同,1,2,2,2,2,2,5,2,2,3,,,更加结实耐用 防滑 手爱出汗容易滑,2,更加结实耐用 性价比更高,2,1,3,2,二线,低,已婚,辽宁省,沈阳市
82,286083,726476,1024659,3C数码,88900333,1,1,1,1,1,1,1,1,1,1,1,,1,1,1,1,1,1,1,1,1,7,1,1,,,,,,,,1,,,,,1,5,1,1,,1,1,1,1,,,,1,1,1,1,1,1,1,1,1,1,1,1,,,1,8,4,10,6,7,12,11,3,9,5,2,,7,1,1,1,2,1,1,1,1,1,1,1,,,,1,1,1,2,1,5,1,2,1,,,主要是能360度旋转，有功能我愿意购买，，主要是接受小付加价优先基础防护旋转,1,1,2,1,1,1,5,2,1,1,,,硬度高，防弯防护强，所以我愿意购买,2,主要是防摔保护作用很重要，容易清洁，好打理，然后轻薄不臃肿,1,1,4,3,五线,低,未知,山西省,晋城市
83,286083,726476,1024659,3C数码,88900356,1,1,1,1,1,,1,1,,1,1,,1,1,1,1,,1,1,1,1,6,1,1,,,,,,,,1,,,,,1,4,,,1,1,,,,,,,1,1,,,1,,1,1,,,,,,,5,4,,,3,,1,2,,,,,,7,1,1,1,1,1,,1,,,,1,,,,1,1,1,1,1,6,1,1,1,,,外观特别不错 颜色特别好看 日常使用感不错,1,1,1,1,1,1,6,1,1,1,,,感觉质量特别好 非常满意的,1,感觉更加强烈推荐 非常满意的,1,1,3,3,三线,中等,"已婚,已育,已有房",江西省,南昌市
84,286083,726476,1024659,3C数码,88900360,1,,1,1,1,,1,1,,1,1,1,1,1,1,1,1,1,,1,1,7,1,1,,,,,,,,1,,,,,1,4,,1,,1,1,1,1,,,,1,1,1,1,1,1,1,1,1,1,1,1,,,10,4,8,7,6,12,5,1,3,9,11,2,,7,1,1,1,1,1,1,1,,1,1,,,,,1,1,1,3,2,6,1,1,1,,,方便实用，功能多 ，能保护平板，颜色也好看,1,1,1,2,2,1,6,1,1,2,,,觉得不是一定要具备的,1,方便拿取 ，也很好看,1,1,4,2,三线,低,未知,广东省,汕头市
85,286083,726476,1024659,3C数码,88900384,1,1,1,1,,,1,1,1,1,1,,1,1,1,1,1,1,1,1,1,5,1,1,,,,,,,,1,,,,,1,4,,,,1,,,,,,,1,1,,,,1,,,,,,,,,1,3,,,,2,,,,,,,,5,1,1,2,2,1,1,,,,,,,,,1,1,1,2,1,6,1,2,2,,,我愿意多付钱，因为更加防摔更安全，而且颜值也高,1,1,1,1,1,1,6,1,1,2,,,我愿意，因为更加防指纹，而且颜值也高,2,我喜欢防指纹的，而且这款好看很适合我,1,1,4,2,二线,偏低,"已婚,已育,已有房,已有车",江苏省,南京市
86,286083,726476,1024659,3C数码,88900406,1,1,1,1,1,1,1,1,1,1,1,,1,1,1,1,1,1,,1,1,5,1,1,,,,,,,,1,,,,,1,4,,,1,1,,1,,,,,1,1,1,,,1,,,1,,1,,,,1,2,3,,,5,,,6,,4,,,5,1,1,1,1,1,,1,,1,1,1,,,,1,1,1,1,1,2,1,1,1,,,感觉还不错，比较满意,1,1,1,1,1,1,3,1,1,1,,,手感应该很不错，喜欢,1,质感很不错，功能好,1,1,3,4,二线,低,未知,重庆,重庆市
87,286083,726476,1024659,3C数码,88900446,1,1,,1,,,1,1,,1,1,,1,1,1,,1,,,,1,4,1,1,,,,,,,,1,,,,,1,4,,,1,,,,,,,,1,1,,1,1,,,1,1,,,1,,,1,6,,7,3,,,5,4,,,2,,4,2,1,1,1,1,1,,,,1,1,,,,1,1,1,1,1,3,1,2,3,,,升级点没有太吸引我,1,1,1,1,1,1,3,1,2,3,,,并没有增加外壳的保护功能,3,外观上的升级没有那么重要,2,1,4,4,二线,低,未知,江苏省,无锡市
88,286083,726476,1024659,3C数码,88900448,1,1,1,1,,,1,1,,,1,,1,1,,,,,,,1,5,1,1,,,,,,,,1,,,,,1,4,,,1,1,,1,,,,,1,1,1,1,1,1,1,1,1,1,1,1,,,11,9,8,10,4,1,3,6,5,7,2,12,,6,2,1,1,2,1,1,1,1,1,1,1,,,,1,1,2,1,2,6,2,2,2,,,日常使用体验来看，防护，笔槽设计，外观配色，这些感觉都挺不错的，升级点强化防护，可以更好的保护设备这些细节，提升能够长期的优化我的使用感受。我愿意支付,1,1,2,1,2,1,6,2,2,2,,,外观质感，防指纹，这些地方感觉会更特别，更耐看。喜欢的东西我都愿意为他多付钱,3,款我觉得都挺不错的，从外观材质，防护功能方面感觉都挺符合我的期待范围内的,2,1,4,3,三线,低,未知,浙江省,温州市
89,286083,726476,1024659,3C数码,88900466,1,1,1,1,1,,1,1,,1,1,,1,1,1,1,1,1,1,1,1,5,1,1,,,,,,,,1,,,,,1,4,1,1,1,,,,,,,,1,1,,1,1,,,1,,,1,,,,1,2,,5,4,,,3,,,6,,,5,1,1,2,2,1,1,,,,,,,,,1,2,2,2,3,4,2,2,4,,,升级点对我来说不是刚需 有很好 没有也不影响 适量加价可以 多了就算了,1,2,3,3,2,2,2,2,4,,,,没觉得有太多不同 也就是说这个设计对我来说可有可无,1,更简洁大方 性价比更高,2,1,3,2,二线,中等,"已婚,装修期,已有房",江苏省,南京市
90,286083,726476,1024659,3C数码,88900477,,,,1,1,1,1,,1,1,1,,1,1,1,,1,,1,,1,2,1,1,,,,,,,,1,,,,,1,4,,,1,,,,,,,,1,1,1,,1,,1,1,,,1,,,,1,3,4,,5,,7,2,,,6,,,2,1,1,2,2,1,1,,,1,,1,,,,1,1,1,2,1,3,2,3,,,,没有必要，这个价格还有更多更好的选择,1,2,2,3,2,2,3,3,,,4,2,没必要为了这个多付钱，也没什么功能,1,外观时尚潮流，配色清爽干净简洁,1,1,4,2,二线,中等,"已婚,育婴期,已育,装修期,已有房,已有车",浙江省,杭州市
91,286083,726476,1024659,3C数码,88900478,,1,,,,,1,1,,,1,,,1,,1,1,,,,1,5,1,1,,,,,,,,1,,,,,1,5,,1,,1,1,,,,,,1,1,1,,,1,,1,,,1,1,,,1,5,7,,,6,,2,,,3,4,,5,1,1,2,1,1,1,1,,,,,,,,1,1,1,1,1,6,1,1,2,,,防护到位，可以防摔减震，磁吸可拆卸旋转保护套符合我的需求,1,1,1,1,1,1,6,1,1,1,,,在光面版基础上，外观更好看了，不留指纹更吸引我,2,和光面有同样的基础，外观升级更喜欢，不留指纹,1,1,3,3,三线,低,未知,山东省,滨州市
92,286083,726476,1024659,3C数码,88900499,1,,1,1,,,1,1,,1,,,1,,,,,,,,1,5,1,1,,,,,,,,1,,,,,1,4,,1,,,,,,,,,1,1,1,1,,1,,,,1,,,,,2,3,5,4,,6,,,,1,,,,5,1,1,1,1,1,1,,1,1,,,,,,1,1,1,1,2,6,1,1,2,,,防摔防护好，摄像头有保护,1,1,1,1,1,2,7,1,1,2,,,磨砂手感好，防指纹,2,磨砂手感好，防刮蹭防摔,1,1,2,6,三线,低,已婚,广东省,汕头市
93,286083,726476,1024659,3C数码,88900502,1,1,1,1,1,1,,1,,,1,,1,1,1,1,1,1,,1,1,5,1,1,,,,,,,,1,,,,,1,4,,1,1,,,,,,,,1,,,1,,1,,,,1,1,,,,4,,,2,,1,,,,5,3,,,5,2,1,1,1,1,1,,1,1,,,,,,1,2,2,1,1,3,1,3,,,,保护性能提升，愿意多付，升级光面反而更容易刮花护套，后期不好看,1,4,5,2,1,3,2,4,,,2,,光栅不好看,4,光面会刮花，光栅整体的视觉不好看,2,1,3,4,四线,中等,"准备结婚期,育婴期,已有车",福建省,宁德市
94,286083,726476,1024659,3C数码,88900505,1,1,1,1,1,1,1,1,1,1,1,,1,1,1,1,1,1,,1,1,5,1,1,,,,,,,,1,,,,,1,5,,,,1,1,1,,,,,1,1,1,1,1,1,1,1,1,,1,1,,,1,4,7,9,3,8,11,5,10,,2,6,,6,1,1,2,2,1,1,,,1,1,1,,,,1,1,1,2,1,5,2,2,2,,,配色清爽，拿去触控笔很方便，旋转多角度，支撑更牢固,1,2,1,1,1,2,6,1,1,2,,,防指纹效果好，更炫彩，质感更舒适,2,材质更舒适服帖，更有质感，防护更稳固，使用触控笔更方便,1,1,3,4,四线,偏高,"已婚,育婴期,已育,已有房,已有车",江苏省,连云港市
95,286083,726476,1024659,3C数码,88900507,1,,1,,1,,,1,,,,,,,,,,,,,1,5,1,1,,,,,,,,1,,,,,1,5,,,1,,,,,,,,1,1,,,,1,,1,,1,1,,,,1,2,,,,6,,3,,4,5,,,5,3,1,2,2,1,1,,,,1,,,,,1,2,1,2,3,3,2,2,3,,,有些功能我不需要,1,3,4,4,3,3,1,4,,,4,2,不选这个样子，不在审美点,1,价格合适且喜欢这个外观,2,1,5,4,五线,偏低,"已婚,已有房,已有车",青海省,西宁市
96,286083,726476,1024659,3C数码,88900528,1,1,1,1,1,1,1,1,1,1,1,,1,1,1,1,1,1,1,1,1,5,1,1,,,,,,,,1,,,,,1,4,,1,1,,,1,,,,,1,1,1,1,1,1,1,1,1,1,1,1,,,2,5,9,7,3,10,8,4,6,12,11,1,,5,1,1,1,2,1,1,1,,1,,1,1,,,1,1,2,2,2,3,1,2,2,,,如果防护好或者耐磨的话可以多付点钱,1,2,2,2,1,1,2,2,2,2,,,不容易有指纹,2,不容易有指纹,1,1,3,3,二线,中等,未知,江苏省,苏州市
97,286083,726476,1024659,3C数码,88900533,1,1,1,1,1,,1,1,1,1,1,,1,1,1,1,1,1,,1,1,3,1,1,,,,,,,,1,,,,,1,5,,,1,,,1,,,,,1,1,1,1,,,,,,,,,,,1,4,2,3,,,,,,,,,,2,1,1,2,2,1,1,,,,1,,,,,1,2,3,2,3,2,3,,,2,,用不上，感觉没必要,1,1,2,2,2,2,3,3,,,2,,性价比不高,1,性价比高，好看,2,1,4,2,二线,偏低,"已婚,已育,已有房,已有车",辽宁省,大连市
98,286083,726476,1024659,3C数码,88900537,1,1,1,1,1,1,1,1,1,1,1,,1,1,1,1,1,1,1,1,1,5,1,1,,,,,,,,1,,,,,1,4,,,,,1,,,,,,,1,1,,1,1,1,,,,,,,,,2,1,,3,4,5,,,,,,,4,2,1,2,2,1,1,,,1,,,,,,1,2,1,1,1,5,1,2,4,,,价格太贵，溢价太高了,1,2,3,3,3,3,1,4,,,4,2,不太喜欢这款设计。,1,更喜欢这样子的设计。,2,2,3,2,五线,偏低,"恋爱期,育婴期,已育,装修期,已有车",广西壮族自治区,南宁市
99,286083,726476,1024659,3C数码,88900540,,1,1,1,,,,1,,,1,,1,1,1,1,1,1,,,1,2,1,1,,,,,,,,1,,,,,1,4,,,1,,,,,,,,1,1,1,,,,,1,,,1,,,,1,2,3,,,,,5,,,4,,,2,2,1,1,1,1,1,,,1,1,,,,,1,1,1,2,2,2,2,2,2,,,外观的颜色设计不是很符合我的品味,1,2,2,1,1,1,4,2,2,2,,,我比较看重外观图案,2,不沾指纹这点很吸引我，希望有可爱的外观供选择,1,1,3,2,二线,低,未知,天津,天津市
100,286083,726476,1024659,3C数码,88900552,1,1,1,1,1,1,1,1,1,1,1,,1,1,1,1,1,1,1,1,1,5,1,1,,,,,,,,1,,,,,1,4,,1,1,,1,,,,,,1,1,1,1,1,1,1,1,1,,1,1,,,4,7,5,2,6,10,11,8,1,,9,3,,5,1,1,1,1,1,1,1,1,1,1,1,,,,1,1,1,1,1,6,1,1,2,,,感觉120左右还能接受，贵的太多就觉得不太值得了,1,2,2,2,1,2,3,1,2,2,,,感觉不是特别好看,1,感觉外观更好看一点，整体又有升级,1,1,3,4,六线,偏低,"已婚,已育,已有房,已有车",安徽省,淮北市
101,286083,726476,1024659,3C数码,88900568,1,1,1,,,,,1,,,,,,,,,,,,,1,5,1,1,,,,,,,1,,,,,,1,4,,,,1,,,,,,,1,1,1,,1,,,,,1,1,,,,1,4,3,,2,,,,,6,5,,,5,1,1,1,1,1,1,,,,1,,,,,1,1,1,1,1,4,2,2,2,,,愿意，使用方便配色协调，外观好看,1,1,1,1,1,1,4,2,2,2,,,愿意，外观好看，质感很好，值得加钱,2,不沾指纹，质感很好，防护性强,1,1,4,4,四线,低,未知,河南省,焦作市
102,286083,726476,1024659,3C数码,88900576,,,1,,,,1,1,,,1,,1,1,1,,1,,,1,1,5,1,1,,,,,,,,1,,,,,1,4,,1,,,1,,1,,,,1,1,1,1,1,1,1,1,,,,1,,,1,3,5,7,6,4,9,2,,,,8,,5,2,1,2,2,1,1,,,,1,,,,,1,2,2,1,2,4,2,3,,,,笔槽便利，颜色好看。,1,2,2,2,1,2,4,2,2,3,,,特别，有质感，使用方便。,2,更加符合贴合个人使用习惯。,2,1,3,6,一线,中等,未知,广东省,深圳市
103,286083,726476,1024659,3C数码,88900583,1,1,1,1,,,1,1,1,1,1,,1,1,1,1,1,1,,1,1,3,1,1,,,,,,,,1,,,,,1,4,,,1,,,,,,,,1,1,,1,1,1,,1,1,1,1,,,,1,2,,6,5,9,,4,8,7,3,,,3,1,1,2,2,1,1,1,,,1,,,,,1,2,2,2,3,3,2,3,,,,价格高于的心理价位,1,2,1,1,2,2,3,2,3,,,,价格略微高了些,2,磨砂手感、不留指纹，这个设计是我想要的,2,1,5,2,一线,偏高,"已婚,已育,已有房,已有车",上海,上海市
104,286083,726476,1024659,3C数码,88900592,1,1,1,1,1,1,1,1,,,1,,1,1,1,1,1,1,1,1,1,4,1,1,,,,,,,,1,,,,,1,4,,,,,,,1,,,,1,,1,1,1,1,1,1,1,1,,1,,,7,,4,1,3,5,9,8,6,10,,2,,4,2,1,1,1,1,1,1,1,1,1,1,,,,1,1,2,2,2,4,1,2,3,,,要保护外壳 在意外摔落能保护平板,1,2,2,1,1,2,3,2,2,3,,,应该能有效防指纹,3,要美观 并且保护性高,2,1,3,6,二线,低,未知,重庆,重庆市
105,286083,726476,1024659,3C数码,88900598,1,1,1,,1,1,1,1,1,1,1,,1,1,1,1,1,1,1,1,1,4,1,1,,,,,,,,1,,,,,1,4,,,,,,,1,,,,1,1,1,1,1,,,,1,1,,1,,,3,6,8,1,4,,,,2,7,,5,,4,1,1,1,1,1,1,,1,,1,1,,,,1,1,1,2,2,3,2,2,3,,,要有良好的保护  这个很重要,1,1,1,1,1,2,3,2,3,,,,外观符合流行时尚,3,第二款感觉更能防指纹  这点更好,2,1,3,6,二线,低,"已婚,装修期,已有车",重庆,重庆市
106,286083,726476,1024659,3C数码,88900601,1,1,1,1,1,1,1,1,1,1,1,,1,1,1,1,1,1,1,1,1,4,1,1,,,,,,,1,,,,,,1,4,,,1,,,,,,,,1,1,,1,,1,,,,,1,1,,,1,2,,6,,5,,,,,4,3,,4,2,1,1,1,1,1,,,,1,,,,,1,1,1,1,1,3,1,1,2,,,安全性能更好,1,2,3,2,1,1,3,1,2,2,,,不喜欢纹路设计,1,不喜欢光栅设计,2,1,4,2,一线,中等,"已婚,育婴期,已育,装修期,已有房,已有车",上海,上海市
107,286083,726476,1024659,3C数码,88900610,1,1,1,1,1,1,1,1,1,,1,,1,1,1,1,1,1,,1,1,7,1,1,,,,,,,,1,,,,,1,4,,,,,,1,,,,,1,1,1,1,1,1,1,1,1,1,1,1,,,1,2,8,3,6,11,12,10,9,5,4,7,,6,1,1,1,1,1,1,1,1,1,1,1,,,,1,1,1,1,2,5,1,1,1,,,多重防护，保护平板安全。笔槽拿取更方便。外观新颖,1,1,2,1,1,1,4,1,1,1,,,手感舒服，不沾指纹，防滑，耐看,2,微磨砂材质手感更舒服，不沾指纹，更防滑,1,1,3,2,一线,偏低,"已婚,已育,已有车,孝敬期",北京,北京市
108,286083,726476,1024659,3C数码,88900617,1,1,1,1,,,1,1,,1,1,,1,1,1,1,1,1,,,1,5,1,1,,,,,,,,1,,,,,1,4,,1,1,1,,,,,,,1,1,1,1,,1,1,,,1,1,1,,,2,4,3,7,,1,9,,,8,5,6,,4,1,1,1,1,1,1,1,1,1,,,,,,1,1,3,1,2,4,2,3,,,,这个图片的颜色太丑了，太亮眼了，不是很喜欢这种纯色亮眼的,1,4,5,3,2,3,1,4,,,4,4,太丑了，真的没审美的升级，丑到不行这个颜色,4,最开始99的还更好看，后面升级的颜色和质感都一塌糊涂，丑死了,1,1,3,2,五线,高,未知,江西省,宜春市
109,286083,726476,1024659,3C数码,88900629,,1,1,1,1,,1,1,,1,1,,1,1,1,1,1,1,,1,1,2,1,1,,,,,,,,1,,,,,1,4,,,,1,,,,,,,1,1,1,1,1,1,,1,1,1,1,1,,,1,3,8,2,5,9,,4,10,6,7,11,,2,1,1,2,2,1,1,1,1,,1,,,,,1,1,1,1,2,6,1,2,2,,,保护性能更好了，用起来方便,1,1,1,1,2,2,6,2,2,4,,,看视频更舒服,2,看视频方便，更好呈现,1,1,5,2,一线,低,"已婚,育婴期",上海,上海市
110,286083,726476,1024659,3C数码,88900630,1,1,,,,,,1,,,1,,1,1,1,1,1,1,1,,1,5,1,1,,,,,,,,1,,,,,1,4,,,,,,1,,,,,1,1,,,,,,,1,,,1,,,1,2,,,,,,,5,,,3,,5,2,1,3,3,1,,,,,,,,,,1,1,3,2,1,6,1,2,3,,,凭啥价格越来越贵，要么就一开始就这价格,1,4,4,3,4,5,1,5,,,5,5,我喜欢光面那个,1,你不觉得那个光栅款好丑咩,2,1,5,4,六线,低,未知,广东省,云浮市
111,286083,726476,1024659,3C数码,88900665,,,1,1,1,1,1,1,,,1,,1,1,1,1,1,1,,,1,3,1,1,,,,,,,,1,,,,,1,4,,,,,1,1,,,,,1,1,1,1,,,,,,,,,,,1,2,3,4,,,,,,,,,,5,1,1,2,2,1,1,,,,1,,,,,1,2,1,1,2,5,2,1,1,,,防护更加科技化，感觉更好用，配色也科技感十足，比较吸引眼球。,1,4,4,4,4,3,1,4,,,4,4,光栅背板没有什么实际的功能，防指纹的需求并不高，不想多花钱在这方面的提升,1,喜欢简洁的设计,2,1,5,4,三线,偏高,"已婚,育婴期,已育,装修期,已有房,已有车",江西省,南昌市
112,286083,726476,1024659,3C数码,88900666,1,,1,1,1,,1,1,1,,1,,1,1,,1,1,1,,,1,2,2,1,,,,,,,,1,,,1,1,,4,,,1,,,,1,,,,1,1,,,,1,,1,,1,,,,,1,2,,,,5,,3,,4,,,,2,1,1,2,3,,1,,,1,1,,,,,1,2,1,4,2,3,4,,,4,3,首先感觉材料是那种像手机的软胶 使用久了会变色发黄  至于说笔 这个我没有需求 平板就是拿来刷刷剧看抖音 给娃玩的 这就是四个气囊我比较倾向的原因 平板已经因为娃的不小心 把内屏摔破了  外观给我一种很厚的感觉 对平板的散热会不会有影响  我现在还有一台iPhone6SP 套了一个有气囊的透明保护套  看抖音右上角会很热 ,1,5,4,2,2,5,1,5,,,5,5,首先 这种蓝色带这种光栅的 给人感觉更像廉价塑料 特别像电动车同车棚上面的那种透光塑料顶棚 还有原来老式酒柜的那种玻璃滑门材质 防指纹比光面的高不少 但是我会选择光面磨砂 不会选择这种光栅的,1,如果二选一的话 我会选光面的 但是如果有光面磨砂款 我会选后者  ,2,2,5,3,二线,低,"已婚,育婴期,装修期,已有房,已有车",湖北省,武汉市
113,286083,726476,1024659,3C数码,88900668,,,1,1,,1,1,1,,1,1,,1,1,1,1,1,1,,1,1,5,1,1,,,,,,,,1,,,,,1,4,,1,1,,1,,,,,,1,1,,1,1,1,,,1,,,1,,,1,4,,5,3,2,,,6,,,7,,6,1,1,2,2,1,1,1,,1,1,,,,,1,1,1,1,1,6,1,1,1,,,防护能力强，外观简单大方，配色清新，是我喜欢的简洁款式。,1,1,1,1,1,1,7,1,1,2,,,背板特别有设计感，我喜欢好看，新鲜的东西，而且防摔，防指纹也做的相当好。,2,相比较来说光栅款设计感更强，防指纹效果也更好。,1,1,3,2,四线,偏低,"准备结婚期,育婴期,已育",湖南省,衡阳市
114,286083,726476,1024659,3C数码,88900676,1,1,1,1,1,1,1,,1,1,1,,1,1,1,1,,1,1,1,1,4,1,1,,,,,,,,1,,,,,1,4,,,,,,1,,,,,1,1,,,,,,1,,,1,1,,,2,1,,,,,,3,,,5,4,,5,2,1,3,3,,,1,,,,,,,,1,2,1,3,2,4,2,2,3,,,不需要多功能，能日常保护机子就行,1,4,4,4,3,4,1,4,,,5,5,不喜欢,1,比较好看,1,1,5,2,二线,偏低,"已婚,装修期,已有房,已有车",广东省,东莞市
115,286083,726476,1024659,3C数码,88900692,1,1,1,,1,1,1,1,1,1,1,,,,,1,,,,,1,7,1,1,,,,,,,,1,,,,,1,5,,,,1,,,,,,,1,1,,,1,,,1,1,1,,1,,,2,3,,,7,,,5,1,4,,6,,7,1,1,1,1,1,1,,,,,,,,,1,1,1,1,1,4,1,1,1,,,性能更好使用更方便,1,1,1,1,1,1,4,1,1,1,,,看起来更高级,2,微磨砂看起来更高级哦，手感也更好,1,1,5,6,三线,偏低,"已婚,育婴期,已育,已有房,已有车",浙江省,温州市
116,286083,726476,1024659,3C数码,88900729,,1,,,,,,1,,,,,,,,,,,,,1,5,1,1,,,,,,,,1,,,,,1,4,,,1,1,1,,,,,,,,1,1,1,1,,,,,,,,,,,4,2,3,1,,,,,,,,5,2,1,1,2,1,1,1,,,,,,,,1,1,1,1,2,4,1,1,1,,,更方便，在日常使用时也会更喜欢，更有性价比，配色也挺日常的，,1,1,2,1,2,1,6,1,1,2,,,外观上更有质感，更实用，适合平时使用,1,过而不改你更有质感 适合使用 更好保护平板,2,1,3,3,二线,中等,"恋爱期,育婴期,已有车",重庆,重庆市
117,286083,726476,1024659,3C数码,88900779,1,1,1,1,1,,1,1,1,,,,1,1,1,1,,,1,,1,2,1,1,,,,,,,1,,,,,,1,4,,,1,,,,,,,,1,1,,1,1,,,,,,,,,,1,2,,4,3,,,,,,,,,3,2,1,2,2,,1,,1,1,1,,,,,1,1,1,2,1,5,2,1,1,,,愿意多付感觉设计很好安全可靠,1,1,2,2,1,1,5,1,1,2,,,很有设计感,3,希望多功能发展,1,1,3,3,二线,偏低,"已婚,育婴期,已育,已有房,已有车",广东省,东莞市
118,286083,726476,1024659,3C数码,88900786,1,1,,,,1,1,1,,,,,,,,,,1,,,2,5,1,1,,,,,,,,1,,,,,1,5,,,1,,,,,,,,1,,,,1,,,1,,,,,,,1,,,,2,,,3,,,,,,5,1,1,1,1,1,,,,,1,,,,,1,1,1,2,1,3,1,1,1,,,防护好,1,1,1,1,1,1,3,1,1,1,,,防指纹,2,新颖,1,2,3,2,一线,偏低,"已婚,已育,已有车",北京,北京市
119,286083,726476,1024659,3C数码,88900818,1,1,1,1,1,1,1,1,1,1,1,,1,1,1,1,1,1,1,1,1,4,1,1,,,,,,,,1,,,,,1,4,,1,1,,1,1,,,,,1,1,1,1,1,,1,1,1,1,1,1,,,1,9,8,3,4,,10,5,6,7,2,11,,5,1,1,1,1,1,1,1,,1,1,,,,,1,1,1,2,1,5,1,2,2,,,性价比，价格，形状,1,2,2,2,1,2,4,2,2,2,,,新颖,3,轻便，耐用，结实,1,1,4,6,三线,低,"已婚,育婴期,已育,已有房,已有车",河北省,唐山市
120,286083,726476,1024659,3C数码,88900879,1,1,1,,1,,1,1,,,1,,,,1,1,,,,,1,4,1,1,,,,,,,,1,,,,,1,5,,,1,,1,,,,,,1,1,,,1,,,,1,,,,,,1,2,,,4,,,,3,,,,,5,1,1,1,1,1,1,,,,,1,,,,1,2,2,1,2,3,2,1,1,,,配色亮眼 质量质感好,1,1,1,1,1,1,5,1,1,2,,,质感更好,2,物有所值,1,1,4,4,二线,低,未知,山东省,烟台市
121,286083,726476,1024659,3C数码,88900950,1,1,,1,,,1,1,,1,,,,,,1,,,,,1,5,1,1,,,,,,,,1,,,,,1,4,,,1,,,,,,,,,1,1,,,1,,,,,,,,,,1,2,,,3,,,,,,,,4,1,1,1,1,1,,1,1,,,,,,,1,1,1,1,1,4,1,1,1,,,防护好,1,1,1,1,1,2,4,1,1,1,,,防护性好,2,防护性好,1,1,4,2,二线,低,未知,山东省,烟台市
122,286083,726476,1024659,3C数码,88900962,1,1,1,,1,,1,,,1,1,,1,1,1,1,1,1,,,1,2,1,1,,,,,,,,1,,,,,1,3,,,1,,,1,,,,,1,1,,,1,,,1,,1,1,,,,1,4,,,3,,,5,,6,2,,,3,1,1,1,1,1,1,,,,1,,,,,1,1,1,1,2,4,2,2,2,,,是不是真像广告说的防护那么好！真的抗摔吗？,1,1,1,1,1,1,4,1,2,2,,,值不值这个价,2,不易沾指纹！设计有纹理！摸起来很舒服,2,1,4,2,三线,偏低,未知,江苏省,徐州市
123,286083,726476,1024659,3C数码,88900969,,,1,,1,,1,,,,1,,1,,1,1,1,1,1,,2,2,1,1,,,,,,,,1,,,,,1,4,,,1,,,,,,,,1,1,,1,,,,,,,,1,,,1,2,,4,,,,,,,,3,,3,2,1,2,2,,1,1,,1,1,,,,,1,2,2,3,2,3,4,,,2,,笔槽用得不多,1,2,3,3,2,3,2,4,,,3,3,不太喜欢这种款式,1,喜欢简洁点的,2,1,4,2,一线,低,"已婚,育婴期,已育,已有房,已有车",北京,北京市
124,286083,726476,1024659,3C数码,88900978,1,1,1,1,1,1,1,1,1,1,1,,1,1,1,1,1,1,1,1,1,4,1,1,,,,,,,,1,,,,,1,5,,,1,,,,,,,,1,1,,1,1,1,,1,,,,,,,1,5,,4,6,3,,2,,,,,,4,1,1,1,1,1,1,,,1,1,,,,,1,1,1,2,2,5,1,2,3,,,外观好看保护性好,1,1,1,2,1,1,6,1,2,3,,,外观好看质感好,2,感觉更适合自己,2,1,3,2,五线,低,"已婚,育婴期,已有房,已有车",辽宁省,丹东市
125,286083,726476,1024659,3C数码,88901271,1,1,1,1,1,1,1,1,1,1,1,,1,1,1,1,1,1,,1,1,4,1,1,,,,,,,,1,,,,,1,5,,1,1,,1,,,,,,1,,,1,,1,,,,,,,,,1,,,3,,2,,,,,,,,5,1,1,1,2,,,,,,1,1,,,,1,1,2,2,1,4,1,1,2,,,比较常见 其他品牌已经有推出,1,1,2,2,1,2,3,2,2,2,,,感觉没什么特别的点让我能出这些钱,1,看上去更加高档有品味,1,1,3,4,三线,偏低,准备结婚期,湖南省,株洲市
126,286083,726476,1024659,3C数码,88901327,,,1,1,1,1,,1,,,1,,,1,,,,,,,1,5,1,1,,,,,,,,1,,,,,1,5,,1,1,,,,,,,,1,1,1,,,,,,,1,,,,,1,2,3,,,,,,,4,,,,3,1,1,2,2,1,1,,,1,1,,,,,1,2,1,2,3,3,3,,,2,,颜色有点单调，笔槽便利性很好，防护性看着挺高的,1,2,3,2,1,2,3,4,,,2,,不易沾指纹很有吸引力，其余磨砂看着一般,2,不易沾指纹这点不错，其余都很相似,1,1,3,3,二线,偏低,恋爱期,江苏省,苏州市
127,286083,726476,1024659,3C数码,88901373,1,1,1,1,1,1,1,1,1,,1,,1,1,,1,1,1,,1,1,5,1,1,,,,,,,,1,,,,,1,5,1,,1,,,1,,,,,1,,,,,,,1,1,,1,1,,,3,,,,,,,2,1,,4,5,,5,2,1,2,1,,1,1,,1,1,1,1,,,1,2,1,2,2,4,2,2,3,,,防护和轻便很适合我，多点钱可以,1,3,2,1,1,2,4,3,,,2,,防指纹和质感不错，可以多付一下钱,2,不容易沾指纹和磨砂外观值得多付一点,2,2,3,3,二线,偏低,"已婚,育婴期,已有房",湖北省,武汉市
128,286083,726476,1024659,3C数码,88901434,,,,,1,1,1,1,1,,,,,,,,,,,,1,5,1,1,,,,,,,,1,,,,,1,4,,,,1,,,,,,,1,1,1,1,1,1,1,,1,,,1,,,3,2,9,1,6,7,4,,5,,,8,,5,2,1,1,1,1,1,1,,1,1,,,,,1,1,1,1,1,6,1,2,2,,,升级版保护性能更上，笔槽更便利，外观更美观，使用感更好。,1,1,1,1,1,1,6,1,1,2,,,磨砂背面更防指纹，整体美观度提升。,2,更喜欢磨砂质感的，防指纹，更美观。,1,1,3,4,四线,低,未知,宁夏回族自治区,银川市
129,286083,726476,1024659,3C数码,88901444,,,,,,,1,1,,1,1,,1,1,1,1,1,1,,,1,5,1,1,,,,,,,,1,,,,,1,4,1,1,1,,,,,,,,1,1,,,1,,,,,,1,1,,,1,2,,,4,,,,,,3,5,,6,2,1,2,2,,1,,,,1,,,,,1,2,2,2,2,6,2,2,2,,,防护升级，更加安全，更加便利，配色也更加好看,1,2,2,2,2,2,6,2,2,2,,,比较特别，可以防指纹，更加的耐看,2,触感更加好，不易沾指纹，有质感一些,2,1,3,2,五线,低,未知,四川省,达州市
130,286083,726476,1024659,3C数码,88901449,1,1,1,1,1,1,1,1,1,1,1,,1,1,1,1,1,1,1,1,1,5,1,1,,,,,,,,1,,,,,1,4,,,,1,1,1,,,,,1,1,1,1,1,,1,1,1,,1,1,,,2,3,6,8,5,,10,1,4,,9,7,,5,1,1,1,1,1,,,1,,1,,,,,1,1,1,1,1,4,1,1,1,,,手感好，材质放心。颜色好看,1,1,1,1,1,1,5,1,1,1,,,这个材质手感好，质量也好,2,颜色好看，外观颜值高,1,1,4,3,六线,中等,未知,广东省,梅州市
131,286083,726476,1024659,3C数码,88901464,,1,1,1,1,1,1,1,1,1,1,,1,1,,1,1,1,,1,1,4,1,1,,,,,,,,1,,,,,1,4,,1,1,1,1,,,,,,1,1,,1,1,1,,1,,,1,,,,2,6,,5,4,7,,3,,,1,,,4,2,1,1,2,1,,,,,1,,,,,1,2,1,2,3,3,1,1,1,,,苏笔便利,1,3,4,2,1,2,3,2,2,2,,,不太喜欢这个光栅质感,1,光面更加符合我审美，,2,1,4,2,二线,偏低,"已婚,已育",广东省,东莞市
132,286083,726476,1024659,3C数码,88901475,,1,,,,,,1,,,1,,1,1,1,1,1,1,,,1,5,1,1,,,,,,,,1,,,,,1,4,1,,1,,1,,,,,,1,1,1,1,1,1,,1,,1,1,,,,3,5,6,4,7,9,,1,,8,2,,,5,1,1,2,2,1,1,,1,1,1,,,,,1,1,1,1,1,6,1,1,1,,,对平板的保护性更好，同时使用场景多样日常很方便,1,2,3,2,2,3,6,1,2,2,,,外观不是我喜欢的感觉，虽然质感更好防指纹但是不喜欢,1,升级款更加简约大方，价格也很合适，材质创新设计新颖，对平板保护也更加全面,1,1,3,3,四线,偏低,准备结婚期,河南省,焦作市
133,286083,726476,1024659,3C数码,88901507,1,1,1,1,1,1,1,1,1,1,1,,1,1,1,1,1,1,1,1,1,5,1,1,,,,,,,,1,,,,,1,4,1,1,1,1,1,1,1,,,,1,1,1,1,1,1,1,1,1,1,1,1,,,11,1,5,8,7,12,6,2,3,9,4,10,,5,1,1,1,2,1,1,1,1,1,1,1,,,,1,1,2,1,2,4,1,2,1,,,非常喜欢非常适合,1,1,2,1,2,1,4,1,2,1,,,非常喜欢非常适合,3,非常喜欢非常适合,1,1,4,2,一线,偏低,未知,上海,上海市
134,286083,726476,1024659,3C数码,88901509,,,,1,1,1,1,1,1,1,1,,1,1,1,1,1,1,,1,1,5,1,1,,,,,,,,1,,,,,1,4,,1,,1,1,1,,,,,1,1,1,1,1,,,,,,,1,,,1,5,6,3,2,,,,,,,4,,5,2,1,2,2,1,1,,,1,1,,,,,1,2,1,2,3,5,2,2,3,,,增强防护，拿取笔更便利，更多配色，个性化外观愿意多付钱。,1,2,3,2,1,3,4,1,2,3,,,外观更好看，质感更精美，有效防指纹，造型更特别，比较耐看，值得加钱。,2,价格合适，外观上和质感上更好，材质比较好，功能齐全，防护优秀，符合自己使用习惯，进一步有效防指纹，值得加钱购买。,1,1,3,4,四线,低,准备结婚期,湖北省,荆州市
135,286083,726476,1024659,3C数码,88901524,1,1,,,1,,,1,,,,,,,,,,,,,1,5,1,1,,,,,,,,1,,,,,1,4,,1,1,,1,,,,,,1,1,1,1,1,1,,,1,1,,1,,,2,6,3,8,1,9,,,4,5,,7,,5,1,1,2,2,1,1,,1,1,,1,,,,1,2,2,2,2,3,2,2,3,,,可能觉得价格不值,1,2,1,2,2,1,4,2,2,1,,,合适自己的产品,1,更适合自己的平板,2,1,3,3,三线,偏低,恋爱期,浙江省,湖州市
136,286083,726476,1024659,3C数码,88901556,,1,1,1,1,,,1,,1,1,,1,1,1,1,,1,,,1,5,1,1,,,,,,,,1,,,,,1,4,1,1,,,,,1,,,,1,,,,1,,,1,,1,1,1,,,1,,,,4,,,5,,2,3,6,,5,1,1,2,1,1,1,,1,,,,,,,1,1,1,2,2,6,1,1,2,,,"防护：四个边都有保护，不容易磕碰，可以在一定程度上保护平板的外观。
配色：这个颜色很小清新，夏天到了，比较适合。
外观：很好看，比一般的平板保护套有设计感一些。",1,2,1,1,2,2,6,2,2,3,,,比起光栅的背板，我还是比较喜欢磨砂的质感，光栅背板感觉不是特别的耐脏，而且没有尝试过，不知道手感如何。,1,"外观：简单大气
材质：摸起来手感舒适
防护：各方面都有保护，不用担心磕碰问题",2,1,3,2,二线,偏低,未知,湖北省,武汉市
137,286083,726476,1024659,3C数码,88901558,1,1,1,,,,,1,,1,1,,1,1,1,1,1,1,1,1,1,5,1,1,,,,,,,,1,,,,,1,4,,1,1,,,1,,,,,1,1,1,1,1,1,1,1,1,1,1,1,,,1,3,11,5,7,4,10,2,12,8,9,6,,5,2,1,2,2,1,1,1,1,1,1,1,,,,1,2,2,3,2,3,2,2,3,,,防护性能上面愿意多花点钱，笔槽便利性要求没那么高，外观的话，一般也足够，没有花太多钱的想法,1,2,2,2,2,2,4,2,2,3,,,外观质感防指纹方面可以多付点钱，但是付太多就会觉得没那么值,2,更喜欢这一款的外观,2,1,4,6,三线,偏低,未知,浙江省,绍兴市
138,286083,726476,1024659,3C数码,88901564,1,1,1,1,1,1,1,1,1,1,1,,1,1,1,1,1,1,,1,1,2,1,1,,,,,,,,1,,,1,,,4,,,,,1,,,,,,1,1,,,,,,1,,,,,,,1,2,,,,,,3,,,,,,2,2,1,2,2,1,,,,1,,,,,,1,2,2,2,3,3,2,2,2,,,我总体感觉价格有点贵了,1,2,2,2,2,3,3,2,2,2,,,个人感觉性价比不高,1,比较喜欢光泽,2,1,5,2,三线,偏高,"已婚,育婴期,已育,已有房,已有车",浙江省,金华市
139,286083,726476,1024659,3C数码,88901567,1,1,1,1,,,,1,,,1,,1,1,1,,1,,,,1,5,1,1,,,,,,,,1,,,,,1,4,,1,,1,,,,,,,1,1,1,1,,,,1,1,,1,1,,,1,4,5,6,,,,7,2,,3,8,,5,1,1,1,1,1,1,,1,,1,1,,,,1,1,1,1,1,5,1,1,2,,,防护性能更好，更便利，外观好看,1,2,3,1,1,3,4,1,2,3,,,这个背板我不是很喜欢，外观不喜欢,1,光面版外观更好看，更适合我，值得加钱,1,1,3,2,三线,偏低,未知,福建省,漳州市
140,286083,726476,1024659,3C数码,88901579,1,1,1,1,1,1,1,1,,1,1,,1,1,1,1,1,1,1,,1,5,1,1,,,,,,,,1,,,,,1,4,,,1,,1,1,,,,,1,1,1,,1,1,1,1,1,,1,1,,,9,6,1,,2,7,3,4,8,,10,5,,5,1,1,1,1,1,1,1,1,1,1,1,,,,1,1,1,2,2,4,2,1,2,,,全方位要防震到位，配色简洁高级，日常使用体验感好,1,1,1,1,1,2,4,1,2,2,,,质感更好，防指纹更厉害就愿意多付钱,2,防指纹效果好,1,1,3,2,六线,偏低,未知,广东省,梅州市
141,286083,726476,1024659,3C数码,88901582,1,,1,,,,1,1,1,,,,,,,,,,,,1,5,1,1,,,,,,,,1,,,,,1,5,,,,,1,,,,,,1,1,1,1,,1,,,,,,,,,1,2,3,4,,5,,,,,,,,5,2,1,2,2,,1,,,1,,,,,,1,2,2,2,1,2,2,3,,,,防护升级还是挺重要的，,1,2,1,2,2,2,2,2,3,,,,材质比较喜欢，还可以,3,升级款颜色好看，防护差不多，区别于材质,2,1,3,4,二线,低,"已婚,育婴期,已育,装修期,已有车",辽宁省,沈阳市
142,286083,726476,1024659,3C数码,88901619,1,,1,1,,,,1,,,,,,,,,,,,1,1,5,1,1,,,,,,,,1,,,,,1,5,,1,,1,1,,1,,,,1,,1,1,1,,,1,,,,1,,,1,,3,2,4,,,5,,,,6,,5,1,1,1,1,1,1,1,1,1,1,1,,,,1,1,1,1,1,6,1,1,1,,,因为他这个保护套能够足够的保护平板，不被磕碰无去挂上，而且还有防滑减震的功效，这样在日常辉就特别的需要很方便，而且颜值也很高,1,1,1,1,1,1,6,1,1,1,,,我感觉光和背板他有很强的摩擦力，他不会一下子手滑掉到地上对平板有一定的保护作用，我觉得这一点就很好，日常用起来一定是很方便的,1,首先他有一定的防滑功效，然后呢，他再是光面的用起来，手感就一定是很好的，然后他的颜值上也是很高的，所以我愿意去选他,1,1,3,6,二线,低,未知,吉林省,长春市
143,286083,726476,1024659,3C数码,88901701,1,,1,,1,1,1,,,,1,,1,,1,1,1,1,,,1,3,1,1,,,,,,,,1,,,,,1,5,,,,,,1,,,,,1,,,,1,1,,,1,1,,,,,1,,,,5,2,,,4,3,,,,3,1,1,2,1,1,1,,,1,1,,,,,1,2,2,1,4,2,2,3,,,,因为首先自己没有这一方面的需求平板壳子主要功能是为了防摔不要太重轻便 质量好,1,2,2,1,3,3,3,2,3,,,,因为外观上设计我认为这个功能一般，比较鸡肋。,1,因为接受的；好的哈哈大家记得记得记得大家记得记得不对吧对看看大口大口大姐姐的家。,1,1,3,4,二线,中等,单身,湖北省,武汉市
144,286083,726476,1024659,3C数码,88901714,,,,,,,1,1,,,1,,,1,,1,,,,,1,5,1,1,,,,,,,,1,,,,,1,5,1,,,1,,,1,,,,1,1,,,,1,,,,1,,1,,,1,4,,,,5,,,,2,,3,,5,1,1,1,1,1,1,,,1,1,,,,,1,1,1,1,1,6,1,1,1,,,首先他的配色我非常喜欢，其次我感觉他能够保护得很好,1,1,1,1,2,2,6,1,1,1,,,因为他创新了这种材质，我很喜欢,2,因为感觉手感会很好,2,1,4,6,三线,偏低,"准备结婚期,育婴期,已育",广东省,中山市
145,286083,726476,1024659,3C数码,88901747,,,,1,,,1,1,1,,,,1,1,,,1,,1,,1,2,1,1,,,,,,,,1,,,,,1,5,,,1,,,,,,,,1,,,1,1,1,,1,,1,1,1,,,2,,,6,5,4,,3,,1,8,7,,2,3,1,4,4,1,1,1,,,,,,,,1,3,2,3,2,2,4,,,3,4,颜色单一，看着普通，价格也不划算,1,2,2,1,2,2,3,3,,,3,3,虽然设计多了也好了，但是价格还是高了,2,更有质感，光面太普通了,2,1,5,4,三线,偏低,"已婚,已育",福建省,厦门市
146,286083,726476,1024659,3C数码,88901760,1,,1,1,,,1,,,1,1,,,,1,1,,1,1,1,1,7,1,1,,,,,,,,1,,,,,1,3,,1,,1,,1,,,1,,1,1,1,,,,,1,1,,,,,,1,2,4,,,,,3,5,,,,,7,2,1,2,2,1,1,1,1,1,1,,,,,1,2,2,2,2,5,2,2,2,,,取笔更便利，外观颜色也很吸引人,1,2,2,2,2,2,7,2,2,2,,,用起来感觉会更安心呢,3,防护感觉更好了，所以应该会去购买的,2,1,4,3,五线,低,"已婚,育婴期,已育,已有车",广东省,汕尾市
147,286083,726476,1024659,3C数码,88901835,1,1,,1,,1,1,1,,1,1,,,1,1,,,,,,1,5,1,1,,,,,,,,1,,,,,1,4,,,1,,,1,,,,,1,1,,,1,1,,,,,,1,,,2,5,,,4,3,,,,,,1,,5,1,1,1,1,1,,1,,,,1,,,,1,2,1,2,3,3,2,3,,,,对平板保护力更好  使用方便,1,2,2,1,2,2,4,2,3,,,,不爱沾指纹  质感好,2,喜欢磨砂质感  不爱留指纹,2,1,3,6,五线,低,单身,河北省,衡水市
148,286083,726476,1024659,3C数码,88901839,1,,,,1,,1,1,,1,,,,,,1,,,,,1,5,1,1,,,,,,,,1,,,,,1,4,,,1,,,,,,,,,,,,,1,1,1,1,,,,,,,,,,,3,2,1,4,,,,,5,1,1,1,1,1,,,1,,1,,,,,1,2,1,1,1,3,1,1,1,,,防护力更好质量好,1,2,1,1,1,1,5,1,1,1,,,防滑手感磁吸,2,质量好保护性好,1,1,4,2,二线,中等,未知,山东省,烟台市
149,286083,726476,1024659,3C数码,88901845,1,1,1,1,1,1,1,1,,1,1,,,,,,,,,,1,4,1,1,,,,,,,,1,,,,,1,4,,,,1,,,1,,,,1,1,1,,1,,,1,,,,1,,,1,2,3,,4,,,6,,,,5,,4,1,1,2,1,1,1,1,1,,1,,,,,1,1,1,2,1,2,1,2,3,,,外观设计的很好，看起来高端大气我愿意付129之间的价格，高了相对来说性价比不高,1,2,1,2,1,1,2,2,4,,,,价格偏高，性价比一般推荐指数四星，防滑设计的很好防指纹设计的很好,2,防滑设计防指纹设计的很好,1,1,3,4,三线,偏低,未知,广东省,惠州市
150,286083,726476,1024659,3C数码,88901853,1,,1,1,1,1,,1,,,,,,,,,,,,,1,4,1,1,,,,,,,,1,,,,,1,5,,1,1,,,1,,,,,1,1,,,,,,,,,1,,,,1,2,,,,,,,,,3,,,4,1,1,1,1,1,1,,,1,,,,,,1,1,1,2,1,4,1,2,2,,,价格成正比例，值得多付一些,1,1,2,2,1,1,4,1,1,2,,,使用起来很方便,3,各有各的特点,1,1,4,2,三线,低,未知,河北省,石家庄市
151,286083,726476,1024659,3C数码,88901855,1,,,1,,1,1,,,1,1,,1,1,1,,1,1,1,,2,5,2,1,,,,,,,,1,,,,1,,4,,,1,,,,,,,,1,1,1,,,,,1,1,,,,,,1,5,2,,,,,4,3,,,,,5,2,1,2,2,1,,,1,,,,,,,1,1,1,2,2,6,1,2,2,,,实用，适合我,1,2,2,2,1,2,6,2,2,2,,,觉得挺好的,3,价格合适，实用,2,1,4,2,五线,中等,未知,广西壮族自治区,南宁市
153,286083,726476,1024659,3C数码,88901895,1,1,1,1,1,1,,1,,1,1,,1,1,1,1,1,1,,1,2,4,2,1,,,,,,,,1,,,,,1,3,,,1,,,1,,,,,,1,1,,,1,,,,1,,1,,,,4,2,,,1,,,,3,,5,,3,2,1,2,2,,1,1,,1,1,,,,,1,2,1,1,1,3,2,2,2,,,使用更便捷舒适,1,2,2,1,2,2,3,2,2,2,,,美观大方,3,都可以接受,2,1,4,2,二线,低,"已婚,已育,已有车",浙江省,杭州市
154,286083,726476,1024659,3C数码,88901912,1,1,1,1,1,1,1,1,1,1,1,,1,1,1,1,1,1,1,1,1,2,1,1,,,,,,,,1,,,,,1,4,,,1,1,1,1,1,,,,1,1,1,1,1,1,,1,1,1,1,1,,,1,8,10,7,11,9,,4,5,3,6,2,,2,1,1,2,2,1,1,,,1,1,,,,,1,2,2,2,2,2,2,3,,,,性价比不高,1,2,1,1,1,1,2,2,3,,,,外观不喜欢,1,外观材质手感喜欢,1,1,3,3,二线,中等,"准备结婚期,已有车",浙江省,杭州市
155,286083,726476,1024659,3C数码,88901946,1,1,1,1,1,1,1,1,1,1,1,,1,1,1,1,1,1,1,1,1,7,1,1,,,,,1,,,,,,1,1,,5,,1,,,,,,,,,1,,,1,1,1,,1,1,1,1,1,,,1,,,8,3,5,,2,4,9,7,6,,7,1,1,1,1,,,,,1,1,1,,,,1,2,2,2,2,4,2,2,2,,,颜色,1,2,2,2,2,2,4,2,2,2,,,颜色,3,颜色,1,1,3,2,三线,低,"已婚,装修期",浙江省,嘉兴市
156,286083,726476,1024659,3C数码,88902221,1,1,1,1,1,1,1,1,1,1,1,,1,1,1,1,1,1,1,1,1,6,1,1,,,,,,,,1,,,,,1,4,,,,1,,1,,,,,1,1,,1,,1,1,1,1,,,,,,6,4,,3,,7,2,1,5,,,,,6,2,1,2,2,1,1,,,1,,1,,,,1,1,1,1,1,5,2,2,2,,,外观好,1,2,2,2,2,2,4,2,2,3,,,价贵了,1,适合,1,1,4,2,一线,低,未知,上海,上海市
157,286083,726476,1024659,3C数码,88902224,1,1,1,1,1,1,1,1,1,1,1,,1,1,1,1,1,1,1,1,1,7,1,1,,,,,,,,1,,,,,1,4,1,1,1,1,1,1,1,,,,1,1,1,1,1,1,1,1,1,1,1,1,,,1,10,3,4,2,5,7,12,8,11,9,6,,7,1,1,1,1,1,1,1,1,1,1,1,,,,1,1,1,1,1,6,1,1,1,,,防护更加安全配色更美观更加方便实用便携外观设计元素好日常使用很方便愿意多付钱,1,1,1,1,1,1,6,1,1,1,,,外观设计很时尚而且防指纹颜色很耐看质感也很好所以我愿意加钱,2,价格实惠外观设计好看材质耐用防护更加安全使用更加便携所以我愿意选这个,1,1,3,2,六线,低,单身,江西省,抚州市
158,286083,726476,1024659,3C数码,88902229,1,1,1,1,1,1,1,1,1,1,1,,1,1,1,1,1,1,1,1,1,4,1,1,,,,,,,,1,,,,,1,4,1,1,1,,1,1,,,,,1,,1,,1,1,,1,1,,1,1,,,1,,5,,7,2,,8,3,,6,4,,5,1,1,2,2,1,1,,,1,,1,,,,1,1,1,1,1,4,1,1,2,,,市面上同款式的价格太多啦，价格比较卷，有时候低价格就能选到一款不错的保护壳。,1,1,1,1,1,1,5,1,1,1,,,颜色蛮吸引我的，而且需要的功能都有，比较符合我的需求。,2,有光栅的这款明显质感好一些，价格也没有多出很多，所以相比较起来，更喜欢光栅这款。,1,1,3,4,四线,偏低,未知,安徽省,马鞍山市
159,286083,726476,1024659,3C数码,88902249,1,1,1,1,1,1,1,1,,,1,,1,1,1,1,1,1,1,,1,6,1,1,,,,,,,,1,,,,,1,4,,,1,,,,,,,,1,1,,1,1,,,,,1,1,,,,1,5,,4,2,,,,,6,3,,,6,1,1,1,1,1,1,,,,1,1,,,,1,2,1,2,2,5,1,1,2,,,保护性好配色多能有很多选择,1,2,1,2,1,3,5,1,1,2,,,我愿意多付钱为光山背板因为呢他提升了一些抗指纹呢还有些手感方面的问题这是我需要的,2,材质更好防指纹不吸汗还有外观方面比较吸引,2,1,3,2,五线,低,未知,广东省,清远市
160,286083,726476,1024659,3C数码,88902261,1,1,1,1,1,1,1,1,1,1,1,,1,1,1,1,1,1,,1,1,4,1,1,,,,,,,,1,,,,,1,4,1,,1,,,,1,,,,,,1,1,,1,1,1,,,,,,,,,5,2,,1,3,4,,,,,,5,2,1,2,2,,1,,,1,1,,,,,1,2,2,2,1,5,2,2,1,,,非常适合我,1,2,2,2,1,2,5,2,2,1,,,材质好,2,适合我 防摔,2,1,3,2,二线,中等,恋爱期,浙江省,宁波市
161,286083,726476,1024659,3C数码,88902323,1,1,1,1,1,1,1,1,1,1,1,,1,1,1,1,1,1,1,1,1,5,1,1,,,,,,,,1,,,,,1,4,,,,1,1,1,,,,,1,1,1,1,1,1,1,1,1,1,1,1,,,4,10,6,1,9,2,11,8,3,7,12,5,,6,1,1,1,1,1,,1,,1,1,1,,,,1,1,1,1,1,6,1,1,1,,,防护效果很好，颜值高，使用起来很方便,1,1,1,1,1,1,5,1,1,1,,,这个功能可有可无,1,颜值更高，使用起来更便利，磨损没那么快,1,1,4,3,六线,偏低,未知,广东省,梅州市
162,286083,726476,1024659,3C数码,88902333,,,1,1,1,,1,1,,,,,1,1,,,,1,,1,1,4,1,1,,,,,,,,1,,,,,1,4,,,1,,,,,,,,1,1,,1,1,,,1,1,,,1,,,1,7,,5,6,,,4,3,,,2,,4,2,1,1,1,1,1,,,,1,1,,,,1,1,1,1,1,3,1,2,3,,,升级点没有太吸引我,1,1,1,1,1,1,3,1,2,3,,,并没有增加外壳的保护功能,3,外观上的升级没有那么重要,2,1,4,4,二线,低,未知,江苏省,无锡市
163,286083,726476,1024659,3C数码,88902354,,1,1,1,1,,1,1,1,1,1,,1,,1,1,,1,1,1,1,6,1,1,,,,,,,,1,,,,,1,4,,1,,,,1,,,,,1,,,,,1,,1,,,,1,,,2,,,,,3,,1,,,,4,,6,2,1,2,2,,,,,1,,1,,,,1,3,3,2,3,2,3,,,2,,喜欢就买,1,2,2,2,3,2,3,2,3,,,,喜欢的就可以,3,没什么特别的,2,1,5,4,一线,偏高,"已婚,育婴期,已育",上海,上海市
164,286083,726476,1024659,3C数码,88902360,1,1,1,1,1,1,1,1,1,1,1,,1,1,1,1,1,1,1,1,1,4,1,1,,,,,,,,1,,,,,1,4,,,,,,1,,,,,1,1,,1,1,1,1,1,1,1,1,,,,4,1,,2,6,3,10,7,8,5,9,,,4,2,1,1,1,1,1,1,1,1,1,1,,,,1,2,2,2,2,2,2,2,4,,,愿意为高防护性、便利性、外观多付钱，不愿意为多配色付钱,1,1,1,1,1,1,4,1,2,3,,,愿意为这款光栅背板的外观、质感、防指纹多付钱,2,更喜欢光栅款的外观设计,2,2,4,2,三线,偏高,"单身,已有房,已有车",浙江省,舟山市
165,286083,726476,1024659,3C数码,88902361,1,1,1,1,1,1,1,1,1,1,1,,1,1,1,1,1,1,,1,1,7,1,1,,,,,,,,1,,,,,1,4,,,,1,,1,,,,,1,1,,1,,,,,1,1,,,,,1,5,,2,,,,,4,3,,,,7,2,1,1,2,1,1,1,1,1,,1,,,,1,2,1,2,1,6,2,2,1,,,防护效果好，磁吸，可拆分,1,2,1,2,2,1,5,1,2,2,,,全方位防护，防震,2,外光更加好看,2,1,3,2,三线,低,未知,福建省,厦门市
166,286083,726476,1024659,3C数码,88902362,1,1,1,1,1,,1,1,,1,1,,1,1,1,1,1,1,1,1,1,5,1,1,,,,,,,,1,,,,,1,4,,1,1,,,1,,,,,1,1,,1,1,1,,1,1,1,1,1,,,1,3,,6,7,9,,4,5,8,2,10,,5,1,1,2,1,1,1,1,1,,1,1,,,,1,2,1,2,2,4,2,2,3,,,防护的更好愿意多付，其他的只要够用就好,1,2,2,2,2,2,3,2,2,3,,,其实我觉得这些功能不是太吸引我,1,价格合适，光栅款大概要贵一些,2,1,3,2,二线,低,"单身,育婴期,已有房,已有车",山东省,青岛市
167,286083,726476,1024659,3C数码,88902368,1,1,1,1,,1,1,1,1,1,1,,,1,1,,1,1,,,1,5,1,1,,,,,,,,1,,,,,1,4,1,1,1,1,,1,1,,,,1,,,1,1,,,,1,1,1,,,,5,,,4,3,,,,6,1,2,,,5,1,1,1,1,1,,1,1,,,1,,,,1,1,1,1,1,6,1,1,1,,,感觉产品比较好，比较新颖，非常符合我的需求,1,1,1,1,1,1,6,1,1,1,,,感觉不太符合我的需求,3,外观好看，材质好,2,1,3,4,四线,偏低,"准备结婚期,育婴期,已育",山东省,淄博市
168,286083,726476,1024659,3C数码,88902392,1,1,1,1,1,1,1,1,,1,1,,1,1,1,1,1,1,1,,1,4,1,1,,,,,,,,1,,,,,1,4,,1,1,,,,,,,,1,1,,1,,,,,,,1,,,,1,3,,4,,,,,,,2,,,4,2,1,2,2,1,,1,,,1,,,,,1,2,1,3,2,3,2,2,3,,,颜色特别。可以放笔,1,3,3,2,1,2,4,3,,,2,,防指纹,3,价格合适,2,1,4,2,二线,偏高,"已婚,已育,已有车",广东省,东莞市
169,286083,726476,1024659,3C数码,88902394,1,,1,1,1,1,1,1,1,1,1,,1,1,1,1,1,1,1,1,1,5,1,1,,,,,,,,1,,,,,1,4,,,1,,,,,,,,1,1,,1,,,,,,,,,,,1,2,,3,,,,,,,,,,5,2,1,2,2,1,1,1,,1,,,,,,1,2,2,3,2,5,2,3,,,,功能的确有升级,1,2,2,2,2,2,4,2,3,,,,手感更好,2,手感更好 更高级,2,1,4,2,一线,低,"已婚,已育,已有房",广东省,广州市
170,286083,726476,1024659,3C数码,88902408,1,1,1,1,1,,,1,,,,,,,,,,,,,1,5,1,1,,,,,,,1,,,,,,1,4,,,,1,,,,,,,1,1,,,,1,,,1,1,,,,,1,2,,,,4,,,3,5,,,,5,2,1,2,2,,1,1,,,1,1,,,,1,2,2,1,1,4,2,2,2,,,愿意，价格高功能多喜欢,1,2,1,2,1,1,5,2,2,2,,,一直觉得价位决定质量，外观好看质感好就想买,2,不易打滑，不占手，更有质感，性价比高,1,1,4,4,四线,低,未知,河南省,焦作市
171,286083,726476,1024659,3C数码,88902421,1,1,1,1,1,1,1,1,,1,1,,1,1,1,1,1,1,,,1,5,1,1,,,,,,,,1,,,,,1,4,,1,1,,1,,,,,,1,1,,1,,1,,,,1,1,,,,1,3,,5,,6,,,,2,4,,,5,1,1,1,1,1,1,1,1,,1,,,,,1,1,1,2,3,4,1,2,3,,,感觉性价比不是特别高 注重性价比,1,1,1,3,3,2,3,1,2,3,,,我比较看重性价比,3,我觉得在能保护平板的情况下 性价比高才是我的选择,4,1,3,1,一线,中等,"已婚,已育",广东省,广州市
172,286083,726476,1024659,3C数码,88902446,,1,1,1,,1,,1,,1,,,,,,,,,,,1,5,1,1,,,,,,,,1,,,,,1,4,,,,,1,,,,,,1,1,1,,,1,,,,,1,,,,1,3,5,,,4,,,,,2,,,5,1,1,1,1,1,1,1,,,,,,,,1,1,1,1,1,5,1,1,2,,,更能防护平板 装笔取笔方便,1,1,1,1,1,1,3,1,2,3,,,与自己平时生活习惯不相关,1,个人喜欢,2,1,3,2,四线,偏低,未知,湖南省,衡阳市
173,286083,726476,1024659,3C数码,88902451,1,1,1,1,1,1,1,1,1,1,1,,1,1,1,1,1,1,1,1,1,4,1,1,,,,,,,,1,,,,,1,4,,,1,,,,,,,,1,,,,,,,1,,1,,,,,3,,,,,,,2,,1,,,,5,2,1,2,2,,1,,1,,,,,,,1,2,2,2,3,4,2,3,,,,外观不适合我,1,2,2,2,3,3,3,2,4,,,,价格不合适,2,价格合适，材质不错,2,2,4,3,四线,低,"恋爱期,育婴期,已有车",湖南省,衡阳市
174,286083,726476,1024659,3C数码,88902461,,1,,,,,1,1,,,,,,,,,,,,,1,5,1,1,,,,,,,,1,,,,,1,4,,1,1,,,,1,,,,1,1,,1,1,1,,,1,1,,,,,2,1,,5,4,7,,,6,3,,,,5,1,1,1,1,1,1,1,1,1,1,1,,,,1,1,1,1,2,6,1,1,1,,,"第一，感觉更加保护平板，防护力加强
第二，外观颜值更高级了，配色护眼
第三，笔槽侧着放，感觉更方便放好",1,1,2,1,1,1,5,1,1,2,,,感觉外观差不多，防指纹之前的也有，不算很特别,2,我更倾向光栅款。微磨砂光栅背板不易沾指纹，日常拿取不容易留印子，打理起来更省心；而且带纹理的背板在触感和视觉上更有层次，质感比普通光面款好，也不容易滑手，对我来说更实用。,1,1,3,2,五线,低,未知,广东省,清远市
175,286083,726476,1024659,3C数码,88902463,1,,,,,,1,1,,,1,,,,,,,,,,1,5,1,1,,,,,,,,1,,,,,1,5,,,,1,,,1,,,,1,1,,1,1,,,,,,,,,,2,3,,1,4,,,,,,,,,5,1,1,1,1,1,1,1,,,1,,,,,1,1,1,1,1,5,1,1,1,,,支撑能力好，质量也好,1,1,1,1,1,1,5,1,1,1,,,质感好，有耐用,1,是我喜欢用，习惯性的用,1,1,3,6,一线,中等,"已婚,已有车",上海,上海市
176,286083,726476,1024659,3C数码,88902466,1,1,1,1,,1,1,1,1,1,1,,1,1,1,1,1,1,,1,1,6,1,1,,,,,,,,1,,,,,1,4,,,1,1,,,,,,,1,1,,1,1,,,1,1,,1,1,,,2,5,,4,1,,,6,7,,3,8,,7,3,1,2,2,1,1,1,1,1,,,,,,1,2,1,3,1,6,1,1,2,,,符合我的使用习惯，而且质感看着也不错。,1,2,1,2,1,2,6,1,2,3,,,光栅背板的性质能满足粘指纹减少的需求。,2,光栅管从质地上能规避指纹沾染的问题，比较满意。,1,1,4,2,一线,低,"已婚,育婴期,已育,已有车",北京,北京市
177,286083,726476,1024659,3C数码,88902471,1,1,1,1,1,1,1,1,1,1,1,,1,1,1,1,1,1,1,1,1,5,1,1,,,,,,,,1,,,,,1,4,,,1,,1,,1,,,,,1,1,,1,1,,1,1,,,,,,,2,1,,3,4,,6,5,,,,,5,2,1,2,2,,1,1,,1,1,,,,,1,2,2,3,2,4,2,3,,,,质量造型价格,1,2,2,2,2,2,4,2,3,,,,不吸引我。,1,还行,2,1,3,3,五线,中等,"已婚,育婴期,已育,已有房,已有车",广东省,揭阳市
178,286083,726476,1024659,3C数码,88902472,1,1,1,1,1,1,1,1,1,1,1,,1,1,1,1,1,1,1,1,1,4,1,1,,,,,,,,1,,,,,1,4,,1,1,,,,,,,,1,1,,,,,1,,,1,,1,,,1,2,,,,,5,,,4,,3,,4,2,1,2,2,1,1,,1,1,1,,,,,1,1,1,1,1,6,1,1,1,,,保护性能更好,1,2,3,3,2,2,5,2,3,,,,得看到实物,1,价格更加美丽，安全也可以,1,1,3,2,二线,偏低,"准备结婚期,已有车",广东省,东莞市
179,286083,726476,1024659,3C数码,88902482,1,1,1,1,,1,1,,1,1,1,,1,1,1,1,1,1,1,,1,2,1,1,,,,,,,,1,,,,,1,3,,1,,,,,,,,,1,,,1,,,,1,,,1,1,,,2,,,5,,,,3,,,1,4,,2,1,1,3,3,,1,,1,,1,,,,,1,2,2,2,3,5,2,2,3,,,我觉得一般，不至于这个价格,1,1,1,2,1,1,5,2,2,4,,,太贵了,2,防指纹，比较有设计感,2,1,4,2,二线,偏低,"已婚,育婴期,已育",浙江省,宁波市
180,286083,726476,1024659,3C数码,88902508,1,,,,1,1,1,,,1,1,,1,1,,1,1,1,1,,2,5,1,1,,,,,,,,1,,,,,1,4,,,1,,,,,,,,1,1,1,1,,,,1,1,,,,,,1,5,3,6,,,,2,4,,,,,5,1,1,2,2,,1,,1,,1,,,,,1,1,1,2,2,5,1,1,2,,,防摔看起来很靠谱，平常作为保护很心动让人,1,2,2,3,2,3,4,2,2,3,,,感觉没有太多的提升比起上一个,2,性价比看起来更高，功能也足够用,2,1,3,2,二线,偏低,"单身,育婴期,已有车",湖北省,武汉市
181,286083,726476,1024659,3C数码,88902519,,,,1,1,1,1,1,1,,,,1,1,1,1,1,1,1,,1,6,1,1,,,,,,,,1,,,,,1,5,,,,,,1,1,,,,1,1,1,,1,,,1,,,1,1,,,1,2,5,,7,,,6,,,4,3,,4,1,1,1,1,1,1,1,1,1,1,,,,,1,1,2,1,1,5,1,2,2,,,我愿意多付钱，颜色好看，保护更好,1,1,2,1,1,1,4,1,2,3,,,觉得没有质的提升，对平板的更多保护有限,2,带纹理的光栅版手感更好，能防止指纹。如果同等价格，肯定选光栅版,1,1,3,2,二线,偏低,"已婚,已有房,已有车",安徽省,合肥市
182,286083,726476,1024659,3C数码,88902529,1,1,1,1,1,1,1,1,1,,1,,1,1,1,1,1,1,,1,1,2,1,1,,,,,,1,,,,,,,1,4,,1,,1,1,,,,,,1,1,1,1,,1,,1,1,1,1,,,,1,2,6,4,,8,,5,3,7,9,,,2,1,1,2,1,1,1,1,,,1,,,,,1,2,1,2,2,3,2,2,3,,,"当然愿意
防护性更高愿意增加预算，也会为颜值买单",1,2,2,2,1,1,3,2,2,3,,,不沾指纹这一点非常吸引人 在颜值合理设计的情况下 愿意增加预算,2,"为颜值买单
为超强防护性买单
功能性便捷即可 大差不差",2,1,4,2,二线,中等,"已婚,育婴期,已育,装修期,已有车",四川省,成都市
183,286083,726476,1024659,3C数码,88902538,1,1,1,1,1,1,1,1,1,1,1,,1,1,1,1,1,1,1,1,1,3,1,1,,,,,,,,1,,,,,1,4,,,,1,1,,,,,,1,1,1,,1,,,1,,1,1,,,,1,2,5,,3,,,7,,4,6,,,3,2,1,2,2,1,1,1,,1,1,,,,,1,1,1,2,2,4,2,3,,,,功能可能升级但与常规款也没有特别大的差距,1,2,3,3,2,3,2,3,,,2,,不是特别需要此类需求,3,愿意选择性价比合适的功能差不多,2,1,3,2,六线,中等,单身,湖南省,怀化市
184,286083,726476,1024659,3C数码,88902545,,1,1,,,,1,1,,,1,,,,1,,,,,,1,5,1,1,,,,,,,,1,,,,,1,4,1,1,,,,1,,,,,1,,,,1,,,1,,1,,,,,1,,,,3,,,2,,4,,,,5,1,1,2,2,1,,1,1,,,,,,,1,1,1,1,2,5,1,2,3,,,防护性更好，更好用，配色选择多,1,1,2,2,2,2,4,1,2,3,,,更美观，更有手感,2,更防滑，手感更加好,1,1,3,2,三线,低,"已婚,育婴期,已育,已有车",浙江省,绍兴市
185,286083,726476,1024659,3C数码,88902548,1,1,1,1,1,1,1,1,1,1,1,,1,1,1,1,1,1,1,1,2,4,1,1,,,,,,,,1,,,,,1,4,,1,1,,1,,1,,,,1,1,,1,1,1,1,1,,,,,,,2,1,,3,5,7,6,4,,,,,,4,1,1,1,2,,1,1,1,1,1,1,,,,1,2,1,4,1,5,2,1,3,,,防护的非常好，磨砂手感也很好,1,1,2,3,1,3,5,1,2,1,,,愿意支付光三倍版，因为感觉没用过，可以尝试一下,3,他的这个磨砂手感感觉也很防滑很好，所以去使用,1,1,3,3,五线,偏高,未知,广西壮族自治区,南宁市
186,286083,726476,1024659,3C数码,88902553,1,1,1,1,1,1,,1,1,1,1,,1,1,1,1,1,1,1,1,1,4,1,1,,,,,,,1,,,,,,1,4,,,,1,1,,,,,,1,1,1,1,,1,1,,,,,1,,,3,4,7,6,,2,5,,,,,1,,5,1,1,2,2,1,1,,,1,,,,,,1,1,1,1,1,4,1,1,3,,,四角防护不怕摔，经常用笔笔槽拿取方便，而且这个蓝色做的很好看！,1,4,5,2,1,3,1,4,,,4,4,光栅背板get不到，感觉不大好看而且我很喜欢DIY，光栅看起来不粘,1,在预算内而且颜色很好看！,1,1,3,2,三线,偏低,未知,山东省,临沂市
187,286083,726476,1024659,3C数码,88902567,1,1,1,,1,1,1,1,,,1,,1,1,1,1,1,,,1,1,4,1,1,,,,,,,,1,,,,,1,4,,1,,,,,,,,,1,1,,1,,,,,,,,,,,2,1,,3,,,,,,,,,,4,2,1,1,1,1,1,1,,,1,,,,,1,1,1,2,1,4,1,2,3,,,感觉有实用性,1,2,1,2,2,1,5,1,1,2,,,好看美观使用,1,感觉更好,2,1,4,2,三线,偏低,已婚,浙江省,温州市
188,286083,726476,1024659,3C数码,88902596,,,,1,,,1,1,,,,,,,,,,,,,1,5,1,1,,,,,,,,1,,,,,1,4,,1,1,,,1,1,,,,,,1,,1,,1,,,,,,,,,,1,,2,,3,,,,,,,5,1,1,2,2,,1,,1,,1,,,,,1,1,1,1,1,6,1,2,3,,,16:/求助力！看直播最多可抽3个红包！?椋?Dσσōng！ZDDWV661cN5！ CA8680 ,1,1,1,3,2,2,5,1,2,3,,,淘宝】假一赔四 https://m.tb.cn/h.Rl365cY CZ009 「【预售下拉18.8元兑换】88VIPX瑞幸即享,1,16:/求助力！看直播最多可抽3个红包！?椋?Dσσōng！ZDDWV661cN5！ CA8680 ,1,2,2,1,五线,低,未知,河南省,商丘市
189,286083,726476,1024659,3C数码,88902646,,,,,,,,1,,,,,,,,,,,,,1,5,1,1,,,,,,,,1,,,,,1,4,1,,1,,1,,,,,,1,1,1,,,,,,,,,,,,1,2,3,,,,,,,,,,,5,1,1,1,1,1,1,1,,,1,,,,,1,1,1,1,1,6,1,1,1,,,防护性比较好，拿取笔槽方便,1,1,1,1,1,1,6,1,1,1,,,看上去比光面的要好点,2,磨砂感不容易有指纹，拿手里也不会滑,1,1,4,2,一线,偏低,未知,广东省,深圳市
190,286083,726476,1024659,3C数码,88902720,1,1,1,1,1,,1,1,,,1,,1,1,1,,1,1,,,1,4,1,1,,,,,,,,1,,,,,1,4,,,,1,,1,,,,,1,1,,1,,1,,1,,1,1,,,,5,1,,3,,4,,2,,7,6,,,3,1,1,2,1,1,1,,1,,1,,,,,1,2,2,2,1,4,2,2,3,,,希望防护性好，便捷一点。别笨拙,1,1,1,1,1,2,3,2,1,2,,,看着挺有档次的,3,看着比较高级，简洁大方,2,1,4,2,二线,偏低,"准备结婚期,已有车",天津,天津市
191,286083,726476,1024659,3C数码,88902857,,,,,1,,1,1,,,1,,,1,,,,1,,,1,5,1,1,,,,,,,,1,,,,,1,5,1,1,1,1,1,1,1,,,,,1,1,,,1,,,,1,,,,,,1,4,,,3,,,,2,,,,5,1,1,1,2,,1,,1,,,1,,,,1,1,2,1,1,6,1,1,1,,,颜色吸引，配色丰富，外观吸引人，质量好，满足我的各种需求,1,1,1,2,1,2,3,1,1,1,,,不太喜欢这种质感,2,价格更优惠，材质我也更喜欢，耐脏,1,1,3,2,三线,偏高,"单身,已有车",广东省,江门市
192,286083,726476,1024659,3C数码,88902872,1,1,1,1,1,1,1,1,1,1,1,,1,1,1,1,1,1,,1,1,5,1,1,,,,,,,,1,,,,,1,5,1,1,1,1,,,,,,,1,1,,,,1,,,1,1,1,,,,1,5,,,,3,,,4,6,2,,,5,1,1,1,1,1,1,1,,1,1,1,,,,1,1,1,2,1,4,1,1,2,,,配色好看 外观比较吸引人,1,1,1,1,1,1,5,1,1,2,,,质感不错 感觉有高级感,2,更漂亮一些 有质感 上档次,2,1,4,2,一线,低,"已婚,育婴期,已育",北京,北京市
193,286083,726476,1024659,3C数码,88902885,1,1,1,1,1,,1,1,1,,1,,1,1,1,1,1,1,,1,1,8,1,1,,,,,,,,1,,,,,1,5,,,,,1,,,,,,1,1,1,,,,,,,1,,,,,1,2,4,,,,,,,3,,,,4,2,1,2,2,,,,,1,1,,,,,1,2,1,2,3,5,2,3,,,,性价比不高了,1,3,3,3,3,3,1,3,,,3,3,不值得,1,习惯,3,1,5,2,二线,偏低,未知,江苏省,苏州市
194,286083,726476,1024659,3C数码,88902891,1,1,1,,1,1,1,1,1,1,1,,1,1,1,1,1,1,1,1,1,7,1,1,,,,,,,,1,,,,,1,4,,,,,1,,,,,,1,1,1,,,1,,,,,1,1,,,2,6,5,,,3,,,,,1,4,,7,2,1,2,2,1,1,,,,1,,,,,1,2,2,1,1,6,2,2,2,,,侧面直取笔槽比较方便，四角防护也能很好的保护平板，防止摔坏，还是不错的,1,2,2,2,1,2,6,2,2,2,,,背板防指纹这点很吸引我，感觉很好，磨砂质感也比较高级,2,光栅背板防指纹，磨砂触感高级，看起来很有质感,1,1,3,3,二线,低,未知,江苏省,南京市
195,286083,726476,1024659,3C数码,88902916,1,1,1,,1,,,1,,1,1,,1,1,1,,1,1,1,1,1,5,1,1,,,,,,,,1,,,,,1,4,,1,1,,1,,,,,,1,1,1,,,,,,,,1,,,,1,2,3,,,,,,,,4,,,5,2,1,1,1,1,1,1,1,,1,1,,,,1,1,1,2,2,4,1,2,3,,,超出预算范围,1,2,2,3,3,3,2,2,4,,,,超出预算,1,价格实惠，外观设计好看,2,1,3,3,一线,低,未知,广东省,广州市
196,286083,726476,1024659,3C数码,88902925,,,1,,,1,1,,,,,,,,,,,,,,2,7,1,1,,,,,1,,1,,,,,,1,4,,,,1,,,,,,,1,1,,1,,,,,1,,,,,,4,1,,2,,,,,3,,,,,7,1,1,2,2,1,,,,,,,,,,1,2,1,2,1,6,2,1,2,,,愿意，更好保护，更多使用场景,1,2,2,2,2,1,5,2,2,2,,,手感更好,2,手感好,1,2,5,4,三线,偏低,"准备结婚期,已有车",广东省,汕头市
197,286083,726476,1024659,3C数码,88903217,1,1,1,1,,1,1,1,1,1,1,,1,1,1,1,1,1,,1,1,6,1,1,,,,,,,,1,,,,,1,4,,,,1,,,,,,,1,1,,1,,1,,1,1,,1,1,,,2,1,,6,,5,,3,7,,4,8,,6,2,1,1,2,1,1,,,1,1,,,,,1,2,2,4,1,4,1,1,2,,,这个升级是比较吸引我的，然后另外两个升级点，它的卖点没那么突出，或者说我用不到这项功能，所以就不是特别愿意考虑。,1,2,3,1,1,3,4,2,3,,,,因为我觉得这个设计没有那么好看，颜色的会更简单大气一点，保留了背板本身的颜色光泽。,1,因为我觉得他看起来更简洁大气一些，让人觉得更值得购买，更有卖点。,1,1,3,2,一线,低,"育婴期,装修期,已有房,已有车",广东省,深圳市
198,286083,726476,1024659,3C数码,88903265,1,1,1,1,1,,,1,1,1,1,,1,1,1,1,1,1,1,1,1,2,1,1,,,,,,,,1,,,,,1,4,,1,,,1,,,,,,1,1,1,1,1,1,,1,1,1,1,1,,,2,10,1,8,6,7,,3,5,11,4,9,,2,2,1,2,2,1,1,1,,,1,1,,,,1,2,1,2,2,3,2,3,,,,普通款已经满足正常使用需求，无需再增添更多的升级，本身属于易耗品，还需要更换,1,2,2,2,2,1,3,2,3,,,,价格填的过多，并没有增加过多价值,3,已经满足正常需求就可以,2,1,4,2,三线,低,已婚,黑龙江省,哈尔滨市
199,286083,726476,1024659,3C数码,88903267,1,1,,,1,1,,1,,,1,,1,1,1,1,1,1,,,1,3,1,1,,,,,,,,1,,,,,1,4,,,,1,,,,,,,1,1,1,,,1,,1,,1,1,,,,1,2,3,,,4,,7,,5,6,,,4,2,1,2,2,,1,,,,,,,,,1,2,2,1,2,4,2,2,3,,,愿意多付一点，但是不能超过太多,1,2,2,2,2,3,3,2,3,,,,愿意多付一点，不能超过太多,1,个人比较偏好光面板,2,1,5,5,一线,低,"已婚,育婴期,已育,装修期,已有房,已有车",上海,上海市
200,286083,726476,1024659,3C数码,88903269,1,1,1,1,,1,1,1,1,1,1,,1,1,1,1,,1,,,1,4,1,1,,,,,,,,1,,,,,1,4,1,,1,1,1,,,,,,,,1,,,1,1,,,,1,,,,,,3,,,4,2,,,,1,,,4,1,1,1,2,1,,1,,1,,1,1,,,1,1,2,2,2,5,1,2,1,,,都差不多，没有什么变化，就没那个必要,1,1,1,2,3,3,4,2,2,2,,,没有什么必要，华而不实,3,能保护好平板就好了，其他的没必要花里胡哨,2,1,3,4,二线,偏低,"已婚,育婴期,已育",重庆,重庆市
201,286083,726476,1024659,3C数码,88903284,,1,,1,1,,1,1,,1,,,,,1,,,,,,1,4,1,1,,,,,,,,1,,,,,1,4,,,1,1,1,1,,,,,1,,1,1,,,,,,,,,,,3,,2,1,,,,,,,,,,5,1,1,1,2,1,1,1,,,1,,,,,1,1,2,1,2,6,1,2,1,,,产品功能能更好，加点钱接受的了,1,1,2,1,2,1,6,1,2,1,,,这个材质比较高级。性能会比较好，贵点可以接受,3,喜欢对比。两个都买来使用才有评价权,1,1,4,2,三线,低,"已婚,育婴期,已育,已有房,已有车",福建省,龙岩市
202,286083,726476,1024659,3C数码,88903285,,1,,1,1,,,1,1,1,1,,1,1,1,1,1,,,,1,6,2,1,,,,,,,,1,,,,,1,4,,,1,,,,,,,,1,1,,,1,1,,1,,,,1,,,1,2,,,3,4,,6,,,,5,,6,2,1,2,2,1,1,1,,1,1,,,,,1,2,2,3,2,4,2,2,2,,,四角气囊更加保护，亲肤手感，色彩更丰富,1,2,1,2,2,2,5,2,2,2,,,光栅设计很喜欢，微磨砂不容易沾指纹，气囊保护也很好,2,感觉光栅款会更加显质感，并且保护套不常更换，就买最新款,2,1,5,2,五线,偏低,"已婚,已育,已有车",江西省,赣州市
203,286083,726476,1024659,3C数码,88903295,,,1,,,1,,1,,1,,,1,,1,1,1,1,1,,1,5,1,1,,,,,,,,1,,,,,1,4,,,1,,,,,,,,1,1,,1,,1,,1,,,,,,,2,5,,1,,4,,3,,,,,,5,2,1,2,2,1,1,,,1,1,,,,,1,2,2,2,2,5,2,2,2,,,防护做的很好，外观也不错,1,2,2,2,1,1,5,1,2,2,,,质感看起来很好,1,看起来更好,2,1,3,3,五线,偏低,"准备结婚期,已育,已有车",四川省,达州市
204,286083,726476,1024659,3C数码,88903296,1,1,1,1,1,1,1,1,1,1,1,,1,1,1,1,1,1,,1,1,5,1,1,,,,,,,,1,,,,,1,4,,1,,,1,1,,,,,1,1,1,,,1,1,,,,1,,,,4,1,5,,,3,6,,,,2,,,5,2,1,1,1,1,,1,,1,1,1,,,,1,1,1,1,1,2,1,1,1,,,外观功能都比较喜欢,1,1,1,1,1,1,2,1,1,1,,,质感好,1,质感材质好，手感舒适,1,1,3,4,二线,偏低,单身,重庆,重庆市
205,286083,726476,1024659,3C数码,88903304,,1,1,,,1,1,1,,1,,,,,,,,,,,1,4,1,1,,,,,,,,1,,,,,1,4,,,1,,1,1,,,,,,1,1,,,1,,,,,,,,,,2,1,,,3,,,,,,,,5,1,1,1,2,1,1,1,1,,1,,,,,1,1,2,1,1,6,1,2,1,,,产品功能多一点方便我适合用，价钱不是问题,1,1,1,2,1,2,6,1,2,1,,,感觉这个材质高级点的价格会高点，但是可以接受,3,我比较喜欢对比看看，两个都可以买来，只有使用以后才有评价权,1,1,4,2,三线,低,未知,福建省,龙岩市
206,286083,726476,1024659,3C数码,88903310,1,1,1,1,1,1,1,1,1,1,1,,1,1,1,1,1,1,,1,1,5,1,1,,,,,,,,1,,,,,1,4,,1,,1,,1,,,,,1,1,,1,1,,,1,1,,1,1,,,2,3,,1,6,,,7,8,,4,5,,5,2,1,2,2,1,1,1,1,,1,1,,,,1,2,1,2,2,4,2,2,3,,,这款产品功能符合需求，感觉还不错,1,2,1,2,1,2,5,2,2,2,,,这款产品外观看着不错，功能也符合需求,2,这款产品外观，功能更喜欢，更符合需求,2,1,3,2,一线,偏高,未知,上海,上海市
207,286083,726476,1024659,3C数码,88903390,1,1,1,1,1,1,1,1,1,1,1,,1,1,1,1,1,1,1,1,1,5,1,1,,,,,,,,1,,,,,1,4,,,,1,1,1,,,,,1,1,1,1,1,1,1,1,1,1,1,1,,,2,6,5,1,8,7,3,10,4,11,12,9,,5,1,1,1,1,,1,1,1,1,1,1,,,,1,1,1,1,1,6,1,1,1,,,好用就要多付钱,1,1,1,1,1,1,6,1,1,1,,,好看又好用,2,好看又好用,1,1,3,3,一线,偏低,未知,广东省,深圳市
208,286083,726476,1024659,3C数码,88903406,,,1,,,,,1,,1,1,,1,1,1,,,1,1,,1,2,1,1,,,,,,,,1,,,,,1,4,,,1,,,,,,,,1,1,,,,1,,,,1,1,,,,1,2,,,,5,,,,4,3,,,3,2,1,1,1,,1,,,1,1,,,,,1,1,1,2,1,4,1,2,2,,,防护到位更好的保护好屏护配色简约大气,1,1,1,1,1,1,5,1,2,3,,,不留指纹这一点很好，不脏保护屏幕,2,光栅版不会留下指纹，会显得很干净,2,1,3,2,二线,低,未知,山东省,济南市
209,286083,726476,1024659,3C数码,88903411,1,1,1,1,,,,1,,1,1,,1,1,,,1,1,,,1,5,1,1,,,,,,,,1,,,,,1,4,,1,,1,1,,,,,,1,1,1,1,1,1,,1,1,,,1,,,1,4,2,8,5,3,,7,9,,,6,,5,1,1,1,1,1,1,1,,1,1,,,,,1,1,1,1,2,6,1,2,2,,,保护性强，而且有专属的取笔放笔的收纳,1,1,1,1,1,1,5,1,1,2,,,防指纹，外观颜值很在线。,2,四周保护，而且也不易沾指纹这点很戳我,1,1,3,3,二线,偏低,"已婚,育婴期,已育,已有车",湖北省,武汉市
210,286083,726476,1024659,3C数码,88903415,,1,,1,,,1,1,,,,,,,,,,,,,1,8,1,1,,,,,,,,1,,,,,1,5,,,,,,1,,,,,1,,,,1,,,,,,,1,,,1,,,,2,,,,,,,3,,3,2,1,2,2,,,,,,1,,,,,1,2,2,1,1,3,2,3,,,,愿意多付钱，因为这种设计更保护平板,1,2,1,2,1,1,4,2,3,,,,不留指纹，这个卖点比较需要,3,两款都不错，就看有没有自己喜欢的颜色了,1,1,3,4,四线,低,未知,陕西省,宝鸡市
211,286083,726476,1024659,3C数码,88903448,,1,,1,,,,1,,,1,,1,1,1,1,1,1,,1,1,4,1,1,,,,,,,,1,,,,,1,5,,,1,,,,,,,,1,,1,,1,,,,1,1,1,1,,,1,,4,,7,,,,2,3,5,6,,2,2,1,2,2,,1,,,1,1,,,,,1,4,2,3,4,1,4,,,4,3,配色给人感觉很不好看，同时实用性没有很明显提升,1,3,4,3,2,4,2,5,,,4,3,仅仅因为防指纹就要多花钱，我觉得不值，而且颜色我也不喜欢,3,我对这两款没有明显偏好,4,2,3,1,二线,低,单身,福建省,福州市
212,286083,726476,1024659,3C数码,88903469,1,1,1,1,1,1,1,1,,1,1,,,,1,,1,1,,,1,5,1,1,,,,,,,,1,,,,,1,4,1,1,1,1,,,1,,,,1,,,1,,1,1,,1,,,1,,,4,,,6,,3,1,,2,,,5,,5,1,1,2,2,1,1,1,1,1,1,,,,,1,1,1,2,1,6,1,1,2,,,看产品各方面的配置值不值得多付钱吧,1,1,1,1,1,1,6,1,1,2,,,看产品各方面情况决定的,2,更符合我的喜好一些吧,1,1,3,4,四线,偏低,单身,福建省,宁德市
214,286083,726476,1024659,3C数码,88903490,1,1,1,1,1,1,1,1,1,,1,,1,1,,,1,,,,1,5,1,1,,,,,,,,1,,,,,1,4,1,1,,,1,,,,,,1,1,,1,1,,,1,,1,1,1,,,1,2,,5,8,,,4,,6,7,3,,5,1,1,1,1,1,1,1,1,,1,1,,,,1,1,1,2,2,6,1,2,2,,,四周气囊增强了平板的保护力，不容易摔坏，这一点很吸引我，愿意多支付更多价值,1,1,2,2,1,2,6,1,2,3,,,不粘指纹这一点解决了我的痛点，很吸引我，愿意为其多支付,1,四周气囊对平板的保护非常契合我的需求，我愿意为其支付更多,2,1,3,2,三线,低,未知,山东省,泰安市
215,286083,726476,1024659,3C数码,88903500,,,,,,,,1,,,1,,1,1,1,1,,,1,,1,5,1,1,,,,,,,,1,,,,,1,5,,,,1,,,,,,,1,1,,,,,,,1,1,,,,,3,2,,,,,,,1,4,,,,5,2,1,1,1,,1,1,1,,,,,,,1,2,3,3,3,3,2,2,2,,,看起来颜值一般,1,1,1,1,1,2,5,1,1,2,,,防指纹挺喜欢的,2,指纹这一点很实用,1,1,4,3,四线,低,"准备结婚期,育婴期,已育,装修期,已有车",山东省,枣庄市
216,286083,726476,1024659,3C数码,88903502,,1,,,,1,1,1,,,,,,,,,,,,,1,5,1,1,,,,,,,,1,,,,,1,4,,1,1,1,,,,,,,1,1,,,1,1,,1,,,,1,,,2,1,,,5,6,,4,,,,3,,5,1,1,2,2,1,1,,,1,1,1,,,,1,3,2,2,2,6,2,2,2,,,配色好看可以吗 手感好的 不影响散热的 ,1,1,1,1,1,1,6,2,2,3,,,手感好不停留手油的话更好,2,光面的手感不如光栅卡,1,1,3,2,二线,低,"已婚,育婴期,已有房,已有车",浙江省,杭州市
217,286083,726476,1024659,3C数码,88903507,1,1,1,1,1,1,1,1,1,1,1,,1,1,1,1,1,1,1,1,1,5,1,1,,,,,,,,1,,,,,1,4,,1,1,,1,,,,,,1,1,1,,1,1,1,1,,1,1,1,,,2,7,10,,3,1,4,6,,5,8,9,,5,1,1,2,2,1,1,1,1,,1,,,,,1,2,1,2,1,4,2,2,3,,,配色不是特别好看，外观设计略土气,1,1,2,2,1,1,5,1,2,3,,,看起来质感更好，并且防指纹,2,外观更加独特，手感更好，同时更加防指纹,1,1,3,6,三线,低,未知,浙江省,温州市
218,286083,726476,1024659,3C数码,88903511,1,1,1,1,1,1,1,1,,1,1,,1,1,1,1,1,1,1,,2,2,1,1,,,,,,,,1,,,,,1,4,,,1,,1,,,,,,1,1,,,,1,,1,,1,,,,,3,2,,,,1,,4,,5,,,,3,1,1,2,1,,1,1,,,,,,,,1,2,1,1,2,3,2,2,4,,,外观单调，有点贵,1,2,2,2,2,2,2,2,2,4,,,太贵了,2,好看一些,1,1,5,2,二线,低,未知,天津,天津市
219,286083,726476,1024659,3C数码,88903517,,,1,1,,,1,1,,,,,,,,,,,,,1,5,1,1,,,,,,,,1,,,,,1,5,,,,,,1,,,,,1,1,1,,,1,,,,,,1,,,4,2,3,,,5,,,,,,1,,6,2,1,2,2,1,1,,,1,,,,,,1,1,1,2,2,3,2,2,3,,,愿意是因为，更能防磕碰，颜色很喜欢清新,1,2,2,3,2,2,3,2,3,,,,磨砂，拿着摩擦力强，不容易掉，加10以内可接受,2,摩擦力更强，拿着方便,2,1,3,4,二线,低,未知,辽宁省,沈阳市
220,286083,726476,1024659,3C数码,88903529,1,1,1,1,,1,1,1,1,1,,,,,,,,,,,1,5,1,1,,,,,,,,1,,,,,1,5,,1,1,,1,1,,,,,1,1,,,1,1,,,,1,1,,,,1,4,,,3,6,,,,5,2,,,5,1,1,2,2,1,1,1,,1,1,,,,,1,2,1,2,3,5,2,2,2,,,设计的很符合普通人日常从娱乐到办公所需要的平板支撑姿势，并且着力于用户的痛点和买点，从多方面深入了解并解决用户需求和问题,1,2,2,3,1,3,2,3,,,2,,主要的卖点就是不易沾指纹，其余方面并没有什么吸引人购买的,3,两款的区别和优势并不太有区分，从个人角度来看会更愿意购买更有性价比的一款,2,1,3,1,五线,中等,恋爱期,湖南省,永州市
221,286083,726476,1024659,3C数码,88903531,1,1,,1,1,1,,1,,1,1,,,1,1,1,1,1,1,,1,5,1,1,,,,,,,,1,,,,,1,4,,1,,,1,,,,,,1,1,1,1,1,1,1,1,1,1,1,1,,,1,7,4,3,10,9,6,5,2,12,8,11,,5,1,1,1,1,1,1,1,1,1,1,1,,,,1,1,1,1,1,6,1,1,2,,,适合我的平板电脑，有科技感,1,1,1,1,1,1,6,1,1,1,,,我喜欢磨砂感觉,2,性价比高，我更喜欢磨砂的质感，摸上去很舒服，防护效果好，复合我的使用习惯,2,1,3,3,二线,低,未知,安徽省,合肥市
222,286083,726476,1024659,3C数码,88903553,1,1,1,1,,,,1,,,,,1,,1,,,1,,1,1,5,1,1,,,,,,,,1,,,,,1,4,,1,1,1,,,1,,,,1,1,,1,,1,,,,,,1,,,4,1,,2,,3,,,,,,5,,5,2,1,1,2,1,1,,1,1,1,,,,,1,2,3,2,1,3,2,2,2,,,愿意，我愿意，这样的功能更好，可以更好保护平板,1,1,2,1,1,2,5,1,2,2,,,我愿意，我喜欢磨砂的质感,2,光栅的质感更加高级,1,1,3,6,三线,偏高,"已婚,已育,已有房,孝敬期",福建省,莆田市
223,286083,726476,1024659,3C数码,88903574,,,,,,1,,1,,,1,,,,,,,,,,1,4,1,1,,,,,,,,1,,,,,1,3,,,1,,,,,,,,1,1,,,,,,,,1,,,,,2,1,,,,,,,,3,,,,4,2,1,2,2,1,,,,1,1,,,,,1,2,2,2,1,6,1,2,2,,,对平板电脑保护好，要携带方便，配色多选择,1,2,2,2,2,1,6,1,2,2,,,外观够吸引，质感体验好，最重要是防指纹,2,对光栅款感兴趣，外观材质都喜欢，对平板电脑有很好的防护,2,1,3,2,二线,低,"已婚,已育,已有房",广东省,佛山市
224,286083,726476,1024659,3C数码,88903576,1,1,1,1,1,1,,1,1,,1,,1,,1,1,,,,,1,6,1,1,,,,,,,,1,,,,,1,4,,,,,,1,,,,,1,1,1,1,1,1,1,1,1,1,1,1,,,1,5,10,3,8,11,12,7,9,4,2,6,,6,1,1,2,2,1,1,1,1,1,1,,,,,1,2,1,1,2,3,2,2,3,,,四角防护，能更好的保护平板。笔槽拿取更方便,1,1,1,1,1,1,5,1,1,2,,,磨砂手感更舒适，防滑，不留指纹，看着更高级,2,外观看着更高级，防滑，不留指纹，使用手感更舒适,1,1,3,2,一线,低,"已婚,已育,装修期,已有房,已有车",北京,北京市
225,286083,726476,1024659,3C数码,88903586,,1,1,,,1,,1,,1,1,,1,1,1,1,1,1,,,1,5,1,1,,,,,,,,1,,,,,1,4,,,1,,,,,,,,1,1,1,,1,1,1,1,1,1,1,1,,,2,3,9,,11,6,8,4,1,5,10,7,,5,2,1,2,3,1,1,1,1,1,1,1,,,,1,1,2,3,1,1,2,2,4,,,这是平板保护套的基础功能，如果这些基础功能要溢价，消费者难以接受,1,2,3,1,1,2,2,1,4,,,,材质的不同 ，不应该成为品牌溢价的理由，基础功能做到位才最重要,2,磨砂防滑，减少指纹留痕，更加好收拾好收纳，不显脏,5,1,3,6,二线,偏低,未知,福建省,泉州市
226,286083,726476,1024659,3C数码,88903594,1,1,1,1,1,1,,1,1,,1,,1,1,1,1,1,,,,1,6,1,1,,,,,,,,1,,,,,1,4,,,,,,1,,,,,1,1,1,1,1,1,,1,1,1,1,1,,,1,2,9,4,8,11,,10,7,6,3,5,,6,1,1,2,2,1,1,1,1,1,1,,,,,1,2,1,1,2,3,2,2,3,,,笔槽拿取更方便，日常使用更便利。四角防护能更好的保护平板,1,1,1,1,1,1,5,1,1,2,,,外观更时尚，磨砂质感更舒适。不沾指纹，更高级,2,外观更时尚，磨砂质感更舒适。不沾指纹，看着更干净，好打理，使用更方便,1,1,3,2,二线,低,未知,辽宁省,沈阳市
227,286083,726476,1024659,3C数码,88903604,1,1,1,1,1,,,1,,1,1,,1,1,1,,1,1,,,1,2,1,1,,,,,,,,1,,,,,1,4,,1,,1,1,1,1,,,,1,1,1,1,,,1,,,,,,,,1,5,4,2,,,3,,,,,,,3,1,1,2,1,1,1,1,1,1,1,,,,,1,1,2,2,3,1,1,2,2,,,看着更好看更耐用,1,1,2,1,2,3,1,2,1,1,,,效果很不错,3,材质看着更好。感觉保护效果更好,2,1,4,2,一线,低,未知,广东省,深圳市
228,286083,726476,1024659,3C数码,88903622,1,1,1,1,1,1,1,1,1,1,1,,1,1,1,1,1,1,1,1,1,3,1,1,,,,,,,,1,,,,,1,4,,,1,,,1,,,,,1,1,1,,1,,,1,,,,,,,1,3,2,,5,,,4,,,,,,3,1,1,2,2,,1,,,,,,,,,1,2,2,1,2,5,2,3,,,,增加的升级点不是特别的在意,1,3,3,2,2,3,1,4,,,4,3,升级点的功能比较理所当然,3,日常使用足够的情况下不想为升级的功能多付费,2,1,4,2,二线,中等,"已婚,育婴期,已育,装修期,已有房,已有车",湖北省,武汉市
229,286083,726476,1024659,3C数码,88903626,1,1,1,1,1,1,1,1,1,1,1,,,1,,,,,,,1,5,1,1,,,,,,,,1,,,,,1,4,,1,1,,,1,1,,,,1,1,1,1,1,1,,,1,,1,1,,,1,2,8,4,5,7,,,3,,9,6,,5,1,1,1,2,1,1,1,1,1,1,,,,,1,2,1,2,1,6,1,2,2,,,我相信一分钱一分货，升级款肯定比普通款功能更加强大，防护力升级，日常使用体验更加好,1,1,1,1,1,1,6,1,2,2,,,光栅背板比普通款更加不沾指纹，而且颜值更加高，感觉很适合我的使用需求，既美观又好用,2,价格来说我相信一分钱一分货，外观上面光栅款更加吸引我，让我有购物的欲望,1,1,3,2,三线,中等,"准备结婚期,育婴期,已有车",广东省,汕头市
230,286083,726476,1024659,3C数码,88903642,1,1,1,1,,1,,1,1,1,1,,1,1,1,1,1,1,1,1,1,4,1,1,,,,,,,,1,,,,,1,3,,,1,,,,,,,,1,,,1,,,,1,1,,,,,,2,,,3,,,,4,1,,,,,4,1,1,2,2,1,1,,,,,,,,,1,2,2,2,1,5,2,2,2,,,看着不错区别,1,2,2,2,2,1,5,2,2,3,,,看着不错啊,3,看着不错啊,1,1,5,6,二线,偏低,"已婚,已育,装修期,已有房,已有车",江苏省,南京市
231,286083,726476,1024659,3C数码,88903643,1,1,1,1,1,1,1,1,1,1,1,,1,1,1,1,1,1,1,1,1,6,1,1,,,,,,,,1,,,,,1,4,,,,1,,,,,,,1,1,1,,1,1,,,1,1,1,,,,4,5,1,,2,6,,,3,7,8,,,6,1,1,1,1,1,1,1,1,1,1,1,,,,1,1,1,1,2,6,1,1,1,,,使用方法简单，外观漂亮大气，,1,1,1,1,1,1,6,1,1,1,,,外观好看，质感很好，设计更合理，,2,材质更好一些，外观漂亮，防护更好。,1,2,3,6,五线,中等,"准备结婚期,已育",河北省,邢台市
232,286083,726476,1024659,3C数码,88903672,1,1,1,1,1,1,,1,,1,1,,1,1,1,1,1,1,1,1,1,2,1,1,,,,,,,1,,,,,,1,4,,1,,,,,,,,,,,,1,,1,,,,,1,,,,,,,3,,1,,,,,2,,,2,2,1,2,2,1,,1,,,1,,,,,1,3,2,3,3,2,4,,,4,4,与我实际需求有差，我还是喜欢翻盖的，更加简洁的,1,3,2,3,3,3,2,4,,,4,4,不喜欢透明的设计,4,我不喜欢透明的设计，更喜欢深色系的,2,1,4,6,五线,偏低,"已婚,育婴期,已育,已有房,已有车",江西省,九江市
233,286083,726476,1024659,3C数码,88903682,,1,1,1,1,1,1,1,1,1,1,,1,1,1,1,1,1,1,1,1,6,1,1,,,,,1,,1,,,,,1,,5,,,,1,,1,,,,,1,1,,,,,,1,,1,,,,,1,4,,,,,,2,,3,,,,6,2,1,2,2,,1,,1,,1,,,,,1,1,1,2,1,5,1,2,2,,,都差不多性能,1,2,2,1,1,2,3,2,2,2,,,不太值这个价格,1,物美价廉,2,1,3,3,二线,偏低,"已婚,已育,已有车",江苏省,无锡市
234,286083,726476,1024659,3C数码,88903683,,1,1,,1,1,1,,,1,1,,1,,1,,1,1,1,,2,3,1,1,,,,,,,,1,,,,,1,5,,,1,,,,,,,,1,1,,,,,,,1,,1,,,,1,2,,,,,,,4,,3,,,3,2,1,2,2,1,1,1,,,1,,,,,1,2,1,3,2,3,2,2,3,,,四角防护，保护效果更好,1,2,2,2,2,2,2,2,2,3,,,更耐用,1,四角防护效果更好,2,1,3,2,一线,偏低,"已婚,育婴期,已育",上海,上海市
235,286083,726476,1024659,3C数码,88903704,1,1,1,1,1,,,1,1,1,1,,1,1,1,1,,1,,,1,2,1,1,,,,,,,,1,,,,1,,4,,1,,,,,,,,,1,1,,1,1,1,1,1,1,1,,,,,2,5,,3,9,4,6,7,1,8,,,,3,2,1,2,2,1,1,,1,,1,,,,,1,2,2,3,2,3,2,2,3,,,主要根据预算，预算够可能会购买,1,2,3,2,2,2,4,2,2,4,,,对我来说光栅背板不是吸引我的点，所以不愿意为这点付更多的钱,1,"升级光面款已经满足了我的需求，价格上也符合我的预期，如果光栅款价格高于15，我就会购买升级光面款
",2,1,5,2,二线,高,"已婚,已育,已有房,已有车",浙江省,杭州市
236,286083,726476,1024659,3C数码,88903763,1,1,1,1,1,1,1,1,,1,1,,1,1,1,1,1,1,,1,1,4,1,1,,,,,,,,1,,,,,1,5,,,,1,1,,,,,,1,,,,,1,1,1,,1,1,,,,1,,,,,5,6,4,,2,3,,,4,2,1,2,2,1,1,,1,1,,1,,,,1,1,1,2,2,2,3,,,2,,防护可以多付一点钱，因为之前屏幕碎了花了很多钱。配色外观属于锦上添花的范畴，加一点点钱还是可以的。,1,1,3,2,1,2,3,3,,,2,,质感这个我不觉得需要多花钱有无都可，防指纹还好，可以减少打理。其他没有值得需要加钱花钱的地方。外观一般吧。,3,对外观没有特别的要求。所以觉得差不多，加一点点钱还好，多了就不会买。功能方面才是真正值得花钱的地方。,4,1,4,4,二线,低,"已婚,育婴期,已育",江苏省,南京市
237,286083,726476,1024659,3C数码,88903766,,1,,1,,,,1,,1,1,,1,1,,,1,,,,1,5,1,1,,,,,,,,1,,,,,1,4,,1,,,1,1,,,,,1,1,,,,,,1,,,,,,,1,2,,,,,,3,,,,,,5,2,1,2,2,,1,,1,,1,,,,,1,1,1,1,2,4,2,2,3,,,愿意从防护性升级方面购买，但是贵太多了就会重新思考,1,1,2,2,1,2,3,1,2,4,,,不留指纹看起来很干净,2,不留指纹看起来更舒服,2,1,2,1,三线,偏低,单身,江西省,南昌市
238,286083,726476,1024659,3C数码,88903788,1,1,1,,,1,1,1,,1,,,,1,1,1,,1,,,1,5,1,1,,,,,,,,1,,,,,1,5,,1,1,1,,,,,,,1,1,1,1,,1,,,,,1,,,,1,2,5,6,,3,,,,,4,,,5,1,1,1,1,1,1,,,1,,1,,,,1,2,1,2,1,3,1,2,1,,,配色简约耐看 磁吸设计非常方便日常使用,1,2,2,1,1,2,4,2,2,3,,,比较特别 防指纹很合我心意,2,磨砂的视觉看起来更高级,1,1,3,6,二线,偏高,准备结婚期,重庆,重庆市
239,286083,726476,1024659,3C数码,88903801,1,1,1,1,1,1,1,,,1,1,,1,1,,1,1,1,,1,2,2,1,1,,,,,,,,1,,,,1,,3,,1,,,,,,,,,,,,1,1,,,,,1,,1,,,,,,4,2,,,,,1,,3,,3,2,1,2,2,1,1,,,1,,,,,,1,2,2,2,3,3,2,3,,,,价格有点不实惠了,1,2,3,2,2,3,3,2,2,4,,,太贵了,1,价格合理,2,2,5,3,二线,偏低,"已婚,装修期,已有车",山东省,烟台市
240,286083,726476,1024659,3C数码,88903810,1,1,1,1,1,1,,1,1,1,1,,1,1,1,1,1,1,1,1,1,7,1,1,,,,,,,,1,,,,,1,5,,,,1,,1,,,,,1,1,1,1,,1,,,,,1,1,,,1,2,6,3,,7,,,,,4,5,,6,1,1,2,2,1,1,1,1,,1,,,,,1,1,1,2,1,5,1,2,4,,,我觉得升到一百三十九块九就已经超出了我的心理价位，我觉得这个升级点就就是差不多一百二十九块九这个价格我觉得最适合我设计技术都非常符合我的习惯,1,2,3,2,2,2,7,2,4,,,,我觉得光栅背板没有光面的那么好看，我个人是更倾向于光面的那种设计，当然我能理解光栅的那个嗯，设计可能制作成本更高，我喜欢光栅的人，可能可以接受的，而我个人只是更喜欢光面而已,1,这两款从技术功能上都差不多，只是外观的差异，所以也就只是外观的偏好的问题而已,2,1,4,2,三线,偏高,未知,广东省,汕头市
241,286083,726476,1024659,3C数码,88903844,1,1,1,1,,1,1,1,,1,1,,1,1,1,1,1,1,,1,1,4,1,1,,,,,,,,1,,,,,1,5,,,,1,1,,,,,,1,,,,1,,1,1,1,1,,1,,,4,,,,5,,3,7,1,2,,6,,4,1,1,2,2,,1,,1,,1,1,,,,1,2,1,2,3,3,3,,,2,,防护行很重要，可以防止屏幕碎掉，之前就碎了花了好多钱。其他的就不要加钱了。,1,2,3,2,2,3,4,2,4,,,,就是个装饰没有实质性功能。还好额外话好几十没有必要，几块钱还行吧。,3,都是外观类的，没有明显的感觉。,4,1,4,4,二线,低,"已婚,已有房,已有车",江苏省,南京市
242,286083,726476,1024659,3C数码,88903855,,1,1,,,,,1,,1,1,,1,1,,1,1,1,,1,2,3,1,1,,,,,,,,1,,,1,1,,3,,1,,,,,,,,,1,1,,,,,,,,,,,,,1,2,,,,,,,,,,,,4,4,1,3,3,,,1,,,,,,,,1,2,2,3,3,6,3,,,2,,没必要,1,3,3,3,3,3,7,3,,,3,3,没必要,3,能用就好,2,1,5,3,二线,偏高,"已婚,育婴期,已育,已有车",福建省,泉州市
243,286083,726476,1024659,3C数码,88903872,1,1,1,1,1,1,1,1,,1,1,,1,1,1,1,1,1,1,1,1,5,1,1,,,,,,,,1,,,,,1,5,1,1,,1,1,,,,,,1,,,,,1,,1,1,,1,,,,4,,,,,5,,1,3,,2,,,5,1,1,2,2,,1,,,1,1,,,,,1,2,2,2,2,5,2,2,3,,,不确定笔槽是否实用 配色一般吸引,1,1,1,1,1,1,5,1,2,3,,,太贵的话就觉得不值得了,2,看起来品质更好一些,2,1,4,2,一线,偏低,未知,北京,北京市
244,286083,726476,1024659,3C数码,88903879,1,1,1,1,1,,1,1,1,,,,,,,,,,,,1,5,1,1,,,,,1,1,1,,,,,,1,4,,,,1,1,1,1,,,,1,1,1,1,1,1,,1,,1,1,1,,,4,1,3,6,10,9,,2,,5,8,7,,5,2,1,2,2,1,1,,1,,,,,,,1,2,1,1,2,5,2,1,2,,,防护效果更好,1,2,2,2,2,2,2,2,3,,,,价值不大可有可无,3,价格差别不大的话客户可以自己按照喜好选择,2,1,3,2,二线,偏低,"已婚,已有房,已有车",浙江省,杭州市
245,286083,726476,1024659,3C数码,88903884,1,1,1,1,1,1,1,1,1,1,1,,1,1,1,1,1,1,1,1,1,4,1,1,,,,,,,,1,,,,,1,4,,1,,,,,,,,,1,1,,1,,,1,1,,1,,,,,1,2,,6,,,3,5,,4,,,,4,1,1,2,2,1,1,1,,1,,,,,,1,3,3,3,3,4,2,2,2,,,本来功能够用了,1,1,1,1,1,2,5,1,1,1,,,看着很不错,2,喜欢,1,1,3,2,一线,偏高,"已婚,已育,已有车",上海,上海市
246,286083,726476,1024659,3C数码,88903914,1,1,1,,,1,1,,1,,,,1,,,1,,,,,1,4,1,1,,,,,,,,1,,,,,1,3,,1,,1,,1,,,,,1,,,,1,1,,,,1,,,,,2,,,,4,1,,,,3,,,,5,1,1,2,2,,1,1,,,1,,,,,1,2,2,3,2,4,2,2,3,,,感觉日常追剧不需要那么多设计 如果是工作用 可能会更有用,1,2,2,2,1,3,3,2,2,4,,,有点太贵了 经常喜欢换不同的壳有点不划算,2,不喜欢指纹特别明显的 显脏,2,1,3,2,三线,低,未知,新疆维吾尔自治区,乌鲁木齐市
247,286083,726476,1024659,3C数码,88903915,1,1,1,1,1,1,1,1,,1,1,,1,1,1,,1,1,,,1,5,1,1,,,,,,,,1,,,,,1,4,,,1,,1,1,,,,,1,1,1,1,1,1,1,1,1,1,1,1,,,1,3,6,2,7,5,11,4,9,8,10,12,,6,1,1,2,2,1,1,,,,1,,,,,1,1,1,2,1,4,1,2,2,,,有多种配色可以选择，能够选择自己喜欢的配色。四角防护，更安全，能更好地保护平板，磁吸旋转设计，看起来更方便便捷，适合多种场景的使用。,1,2,2,1,1,2,3,1,2,3,,,这个设计对我来说，没有特别大的吸引力，可有可无。当然如果价钱合适，还是会购买。但是如果超出预期，就不会购买。,1,这款的卖点已经足够满足我的一些需求，价格也比较合适，综合各方面来看，更倾向于光面款。,1,1,3,3,五线,偏高,"准备结婚期,已育,已有车",广东省,揭阳市
248,286083,726476,1024659,3C数码,88903934,1,1,1,1,1,1,1,1,1,1,1,,1,1,1,1,1,1,1,1,2,4,1,1,,,,,,,,1,,,,,1,5,,1,,,,,,,,,1,,,1,1,1,1,,1,1,1,1,,,2,,,3,4,7,6,,1,8,9,5,,4,1,1,1,1,1,1,,,1,1,1,,,,1,1,1,1,1,3,1,2,3,,,材质更加环保，保护性强,1,1,1,1,1,1,4,1,2,3,,,材质样式好,2,样式喜欢材质好,2,1,4,4,二线,中等,"已婚,育婴期,已育,已有车",辽宁省,大连市
249,286083,726476,1024659,3C数码,88903948,1,1,,,,,1,1,1,1,1,,1,1,1,1,1,1,1,1,1,2,1,1,,,,,1,,,,,,1,,,4,,,1,,,,,,,,1,1,,,,1,,,,,,,,,2,3,,,,1,,,,,,,,2,2,1,2,2,1,1,,,,,,,,,1,2,2,2,2,2,2,4,,,,贵了,1,2,2,2,2,2,2,2,4,,,,贵了,1,性价比更高,1,1,4,2,一线,偏低,准备结婚期,上海,上海市
250,286083,726476,1024659,3C数码,88903957,,,1,,,,1,1,,1,1,,1,1,1,1,1,,,,1,3,1,1,,,,,,,,1,,,,,1,3,,,1,,,,,,,,1,1,,,1,,,1,,1,1,1,,,1,6,,,5,,,4,,7,3,2,,3,2,1,1,1,,1,,1,1,1,,,,,1,2,1,3,2,3,2,3,,,,不确定升级的是否是智商税,1,3,3,3,3,3,2,3,,,3,3,不怎么好看、质感也不确定好不好,1,好看简约、性价比可以介绍,2,1,4,3,未知,偏低,已婚,未知,未知
251,286083,726476,1024659,3C数码,88903974,1,1,1,1,1,1,1,1,1,1,1,,1,1,1,1,1,1,1,1,1,2,1,1,,,,,,,,1,,,,,1,4,,1,1,,1,1,,,,,1,1,1,1,1,1,1,1,1,1,1,1,,,1,9,10,4,11,5,6,3,8,7,2,12,,3,1,1,4,5,1,1,1,,1,,,,,,1,2,1,1,1,5,2,2,3,,,要简洁、有逻辑、有态度。我愿意为真实提升防护等级和真正解决笔槽充电/取用痛点的设计多付钱，因为平板价值高、维修贵，且笔槽若能做到充电不遮挡、取放顺手，确实能大幅提升日常效率；但我不愿为单纯的配色或外观溢价买单，因为壳子本质上是消耗品，颜值溢价往往性价比最低，且浅色易脏、特殊材质难清洁，远不如把钱花在功能性升级上。,1,2,1,1,1,1,5,2,2,2,,,要简洁、有逻辑、有态度。我愿意为真实提升防护等级和真正解决笔槽充电/取用痛点的设计多付钱，因为平板价值高、维修贵，且笔槽若能做到充电不遮挡、取放顺手，确实能大幅提升日常效率；但我不愿为单纯的配色或外观溢价买单，因为壳子本质上是消耗品，颜值溢价往往性价比最低，且浅色易脏、特殊材质难清洁，远不如把钱花在功能性升级上。,2,要简洁、有逻辑、有态度。我愿意为真实提升防护等级和真正解决笔槽充电/取用痛点的设计多付钱，因为平板价值高、维修贵，且笔槽若能做到充电不遮挡、取放顺手，确实能大幅提升日常效率；但我不愿为单纯的配色或外观溢价买单，因为壳子本质上是消耗品，颜值溢价往往性价比最低，且浅色易脏、特殊材质难清洁，远不如把钱花在功能性升级上。,1,1,3,4,二线,偏低,未知,四川省,成都市
252,286083,726476,1024659,3C数码,88904221,1,1,1,1,1,1,1,1,1,1,1,,1,1,1,1,1,1,1,1,1,2,2,1,,,,,,,,1,,,,,1,4,,1,,,1,,1,,,,1,1,1,1,1,1,1,1,1,,1,1,,,1,7,3,10,11,8,9,6,2,,4,5,,4,1,1,1,1,1,1,1,,1,1,1,,,,1,1,1,1,2,5,1,1,2,,,我愿意为这三个升级点对付钱的主要原因是什么 防护 便携性 配色 外观 日常体验,1,1,2,1,1,2,5,1,2,2,,,我愿意为这光栅背板多付钱的原因是什么 防指纹 特别 耐看 ,2,我这样选择的主要原因是什么 价格 外观 材质 防护 功能,1,1,3,2,一线,偏低,未知,北京,北京市
253,286083,726476,1024659,3C数码,88904233,1,1,1,1,1,1,1,1,1,1,1,,1,1,1,1,1,1,1,1,1,5,1,1,,,,,,,,1,,,,,1,4,,,1,1,,,,,,,1,1,,1,1,1,1,1,,,1,1,,,1,3,,8,9,5,6,7,,,4,2,,6,1,1,1,1,1,1,,1,1,1,,,,,1,2,1,3,1,4,1,2,3,,,主要我不喜欢笔槽设计，容易藏污纳垢，清理起来很麻烦，平时我用笔的频率也不高，这个设计对我来说很积累。愿意多付钱的是四角的升级防护。,1,1,1,1,1,2,4,1,2,4,,,愿意多付钱是后背的光栅设计，不沾指纹有一定的摩擦力手持时不容易脱落,2,这款不容易沾指纹，日常护理比较省心，还有这款防滑性更好,1,1,4,4,二线,偏低,未知,山东省,济南市
254,286083,726476,1024659,3C数码,88904236,1,1,1,1,1,1,1,1,1,1,1,,1,1,1,1,1,1,1,1,1,4,1,1,,,,,,,,1,,,,,1,4,1,1,1,1,1,1,1,,,,1,1,1,1,1,1,1,1,1,1,1,1,,,1,7,11,3,9,12,10,2,6,8,4,5,,5,1,1,1,2,1,1,1,1,1,1,1,,,,1,1,1,2,1,5,1,2,2,,,物有所值，好用就好,1,1,2,2,1,1,5,2,1,2,,,愿意的，好用就好,3,物有所值，质量好，耐用,1,1,3,2,一线,低,未知,广东省,广州市
255,286083,726476,1024659,3C数码,88904297,1,1,1,1,1,1,1,1,1,1,1,1,1,1,1,1,1,1,1,,2,7,1,1,,,,,,,,1,,,,,1,5,,,,1,1,1,,,,,1,,1,,1,1,,1,1,,,,,,2,,3,,4,5,,6,1,,,,,7,1,1,1,1,1,1,1,,1,1,1,,,,1,1,1,1,1,5,2,2,2,,,价格有点偏高，质量我是认可的,1,2,1,1,2,2,3,2,2,2,,,价格太高了，有点支付不起,2,比较喜欢光栅版本的平板保护套,2,1,4,2,三线,偏低,"已婚,育婴期,已育,已有房,已有车",广东省,江门市
256,286083,726476,1024659,3C数码,88904310,1,1,1,1,1,1,1,1,1,1,1,,1,1,1,1,1,,,1,1,5,1,1,,,,,,,,1,,,,,1,4,,,,,1,1,,,,,,1,1,,,1,,1,1,,,1,,,,1,5,,,6,,2,4,,,3,,5,1,1,1,1,1,,,,1,,1,,,,1,1,1,1,1,3,1,2,3,,,可能溢价太多,1,1,1,1,1,1,4,1,2,3,,,价格有点过高,3,都是很好的保护性兼备颜值,2,2,2,1,三线,偏低,"已婚,已育,已有房,已有车",江苏省,泰州市
257,286083,726476,1024659,3C数码,88904317,1,1,1,1,1,,1,1,,1,1,,1,1,1,1,,1,1,,1,4,1,1,,,,,,,,1,,,,,1,4,,,1,,,,,,,,1,1,,1,,1,,,1,,1,1,,,1,4,,6,,5,,,3,,2,7,,4,2,1,2,2,1,1,,,,,1,,,,1,2,1,3,2,3,2,3,,,,如果防护的基础上更好，不是颜色的就差点，可以多付钱购买,1,2,2,3,1,2,4,2,2,3,,,防指纹这个可以，外观就差点,2,同等价位会选择光栅款,2,1,4,2,二线,中等,"已婚,育婴期,已育,已有车",山东省,济南市
258,286083,726476,1024659,3C数码,88904320,1,,1,,,1,1,1,1,,,,,,1,,,,,,1,5,1,1,,,,,,,,1,,,,,1,4,,,,1,,,,,,,1,1,,,1,1,,1,1,,,1,,,5,3,,,7,1,,2,4,,,6,,5,2,1,1,2,1,1,,,1,1,,,,,1,2,2,1,2,5,1,2,2,,,安全防护比不上前面两个，颜色搭配也不好看，价格偏高,1,1,2,1,2,1,4,2,2,1,,,担心背板材质质量不好，使用起来不是特别方便,1,光年款外观更好看，消费者更喜欢，日常防护比光栅款要好，功能更实用,1,1,4,2,三线,低,已婚,湖北省,宜昌市
259,286083,726476,1024659,3C数码,88904348,,,,,,,1,1,,,,,,,,,,,,,1,5,1,1,,,,,,,,1,,,,,1,4,,,,1,,,1,,,,1,1,,,,1,,,,,,1,,,1,4,,,,2,,,,,,3,,5,2,1,2,2,1,1,,1,1,,,,,,1,2,1,1,1,5,2,2,2,,,因为觉得这个价格很值，保护壳有保护的作用就比较放心啊，所以会考虑买的，哈哈哈,1,2,2,2,1,1,4,2,2,2,,,因为这个设计感十足，愿意花钱买的，支持一下，科技感 设计感。哈哈哈哈,2,这款比较洋气设计啊，一眼跟普通的保护壳不一样，比较少见。所以觉得是比较价值的,1,1,3,2,三线,偏高,"准备结婚期,已育,已有车",浙江省,台州市
260,286083,726476,1024659,3C数码,88904360,,,1,,,1,,1,,,1,,1,,,,,,,,1,4,1,1,,,,,,,,1,,,,,1,4,,,,1,,,,,,,1,1,,,,1,,,,,,1,,,2,4,,,,1,,,,,,3,,5,1,1,1,1,1,,,1,1,1,,,,,1,1,1,2,1,3,1,2,2,,,升级功能较好，性价比会变低,1,1,1,1,1,1,3,1,2,2,,,外观好，价格贵，性价比低,2,性价比更高,2,1,4,2,二线,中等,"已婚,已育,已有房,已有车",湖南省,长沙市
261,286083,726476,1024659,3C数码,88904376,1,1,,1,,1,,1,,,,,1,1,,,,,,,1,5,1,1,,,,,,,,1,,,,,1,4,,,1,1,,1,,,,,1,1,1,1,1,1,1,1,1,1,1,1,,,3,10,7,9,1,11,4,5,6,2,12,8,,6,2,1,1,2,1,1,1,1,1,1,1,,,,1,2,1,2,2,6,2,2,2,,,这三项升级点，我觉得能够更好的改善日常使用的体验，可以更好的保护设备新的外观配色，也能满足审美需求，这些细节优化，我觉得都让我的使用感受更好,1,2,1,2,2,2,6,2,2,2,,,外观质感防指纹，这些都很特别，也很耐看，而且防护功能更好，我觉得都挺不错,3,两款都挺不错的，都可以满足我的日常需求，就是光栅背板会在防护功能，视觉触觉方面做得更好,2,1,4,2,三线,低,未知,浙江省,温州市
262,286083,726476,1024659,3C数码,88904380,1,,,1,1,1,1,1,,1,1,,1,,1,,1,1,1,,1,5,1,1,,,,,,,,1,,,,,1,4,,,1,1,1,1,1,,,,1,1,1,,1,1,1,,,,1,,,,1,2,3,,6,4,5,,,,7,,,4,1,1,1,1,1,1,,,,1,,,,,1,1,1,1,1,5,1,1,1,,,手感比较好，颜值比较高，支撑度比较好,1,1,1,1,1,1,6,1,1,2,,,性价比更高,1,颜值比较高，手感上可能更适合我,1,1,3,2,二线,低,未知,山东省,烟台市
263,286083,726476,1024659,3C数码,88904405,1,1,1,1,1,1,1,1,1,1,1,,1,1,1,1,1,1,1,1,1,5,1,1,,,,,,,,1,,,,,1,4,,,,1,1,1,,,,,1,1,1,1,1,1,1,1,1,1,1,1,,,7,6,8,2,9,5,4,11,10,12,3,1,,5,1,1,1,1,1,,1,,1,,1,,,,1,1,1,1,1,5,1,1,1,,,设计好看，颜色搭配的好，使用方便,1,1,1,1,1,1,4,1,1,1,,,设计很独特,1,材质放心。外观好看,1,1,4,3,六线,偏低,未知,广东省,梅州市
264,286083,726476,1024659,3C数码,88904420,1,1,1,1,1,1,1,1,1,1,1,,1,1,1,1,1,1,,1,1,5,1,1,,,,,,,,1,,,,,1,4,1,1,1,,,,,,,,1,1,1,,,,,1,1,1,1,,,,3,4,6,,,,,5,7,2,1,,,5,1,1,1,1,1,,,1,,1,,,,,1,1,1,2,1,6,1,1,1,,,我愿意多付钱，这三个刚好是我需要的,1,1,1,1,1,1,6,1,1,2,,,价格有点贵的，性价比不高,3,主要是功能的问题，外表没有关系,2,1,4,3,二线,偏高,"已婚,育婴期,已有房",福建省,泉州市
265,286083,726476,1024659,3C数码,88904432,1,1,1,1,1,1,1,1,1,1,1,,1,1,1,1,1,1,,1,1,5,1,1,,,,,,,,1,,,,,1,4,1,,1,,1,1,1,,,,,1,,,1,,,1,,,,,,,,2,,,1,,,3,,,,,,5,2,1,2,2,,1,,,1,1,1,,,,1,2,2,2,2,3,2,2,2,,,看情况,1,2,2,1,2,1,2,2,1,2,,,看情况,1,喜欢,2,1,3,2,三线,偏低,恋爱期,广东省,惠州市
266,286083,726476,1024659,3C数码,88904441,1,1,1,1,1,1,1,1,,1,,,1,,1,1,,1,1,,1,6,1,1,,,,,,,,1,,,,,1,4,,1,1,,1,,1,,,,1,1,,1,,,,1,,,1,1,,,5,1,,6,,,,4,,,2,3,,6,2,1,2,1,1,1,1,,,1,,,,,1,1,1,1,1,5,1,2,2,,,有更多的选择性价比高,1,1,1,1,1,1,6,2,2,2,,,不怎么样好看的设计,1,性价比高的选择,2,1,4,3,三线,偏低,"准备结婚期,已有车",山西省,太原市
267,286083,726476,1024659,3C数码,88904461,,1,,,,,,1,,,,,1,1,,,,,,,1,5,1,1,,,,,,,,1,,,,,1,4,,,1,,,1,,,,,1,1,,,,,,,,,,,,,2,1,,,,,,,,,,,,5,1,1,1,1,,1,,1,,,,,,,1,1,1,1,1,6,1,1,2,,,优化,1,1,1,1,1,1,4,2,3,,,,还行,1,方便,1,1,4,3,三线,偏低,未知,江苏省,盐城市
268,286083,726476,1024659,3C数码,88904477,1,1,1,1,1,,,1,,1,1,,1,1,1,1,1,1,,,1,2,1,1,,,,,,,,1,,,,,1,4,,,,1,,,,,,,1,,,1,1,,1,,,,,,,,3,,,1,2,,4,,,,,,,2,1,1,2,2,,1,,,1,1,,,,,1,2,2,3,2,3,2,2,4,,,不带镜头保护容易沾灰，笔槽可有可无，配色简洁，外观尚可，日常使用方便，带磁吸充电和固定方便,1,2,2,2,2,2,3,2,2,4,,,仅防指纹一个功能，价格高出太多无法接受,2,防指纹,2,1,4,2,一线,偏低,"已婚,育婴期,已育,已有房,已有车",广东省,深圳市
269,286083,726476,1024659,3C数码,88904481,,1,1,1,,1,,1,,1,1,,,1,1,1,1,1,,1,1,5,1,1,,,,,,,,1,,,,,1,5,,1,,1,1,1,,,,,1,1,1,1,1,1,,1,,1,1,1,,,1,2,3,9,8,5,,10,,7,4,6,,5,2,1,2,1,1,1,,1,,,,,,,1,2,1,1,1,4,2,3,,,,主要是图片展示的颜色我不是那么喜欢，看起来不是很好看，而且我觉得升级点其实应该是必须的吧，还要额外多收钱吗？就那不如直接只出升级版呢,1,2,3,2,2,2,2,2,3,,,,就一点点小的变化就要多花很多钱也是没有必要吧，感觉没有那么吸引我吧，可以选择其他的,3,其实都出也可以吧，但就别搞光栅版再涨价，感觉不划算没有必要，没有那么突出，如果只有一个那就光栅版吧,2,1,3,2,三线,偏低,未知,山东省,东营市
270,286083,726476,1024659,3C数码,88904516,,1,1,,,,1,,,,,,1,1,1,,1,,,1,2,2,2,1,,,,,,,1,,,,,1,,4,1,,1,,,1,,,,,1,1,,1,,1,,,1,,1,,,,1,4,,3,,2,,,6,,5,,,3,2,1,2,2,1,1,1,,1,,,,,,1,2,2,2,1,3,2,2,2,,,配色蓝调符合和人审美，外观设计简洁，防护升级，材质很好的话，会考虑购入,1,2,1,2,2,2,4,2,2,2,,,除了配色功能质感比较美观耐用外，个人也比较偏好光栅效果，若出联名款限定图案也许更特别一些。,2,除颜色功能外观设计外，光栅款更吸引人，使用更便捷，同时视觉效果有种未来科技感。,2,1,4,2,二线,低,已婚,辽宁省,沈阳市
271,286083,726476,1024659,3C数码,88904519,1,1,1,1,,1,1,1,1,1,1,,1,1,1,,1,1,,,1,5,1,1,,,,,,,,1,,,,,1,4,1,1,,,1,,,,,,1,1,1,,,1,,,,,,1,,,1,3,4,,,2,,,,,,5,,4,2,1,2,2,1,1,1,,,,,,,,1,2,2,2,3,3,2,2,2,,,因为这三个点它都是比较常见的，而且它在便利性上并不是特别的有优点,1,2,3,2,2,3,2,2,3,,,,因为它好看是一个点，其次主要是它的使用功能，如果能有个好的体验才是最重要的,1,因为升级光面板的，首先它是比较简约大方的款式，其次它的功能有升级就可以了,2,2,3,3,六线,低,未知,江西省,抚州市
272,286083,726476,1024659,3C数码,88904523,1,1,1,1,,,1,1,1,,1,,,1,1,1,1,,,,1,4,1,1,,,,,,,,1,,,,,1,4,,,1,,,,,,,,1,1,,1,1,,,,1,,,1,,,1,3,,4,6,,,,5,,,2,,4,2,1,1,1,1,1,,,,1,1,,,,1,1,1,1,1,4,1,2,3,,,感觉就没有性价比了,1,1,1,1,1,1,3,1,2,3,,,感觉性价比不太高了,3,重要的保护功能差不多,2,1,4,4,二线,低,未知,江苏省,无锡市
273,286083,726476,1024659,3C数码,88904528,1,1,1,1,1,1,1,1,1,1,1,,1,1,1,1,1,1,,1,1,5,1,1,,,,,,,,1,,,,,1,4,,1,1,1,1,1,1,,,,1,1,1,1,1,1,1,1,1,1,1,1,,,5,1,4,10,2,12,7,8,3,9,11,6,,5,1,1,2,1,1,1,1,1,1,1,1,,,,1,2,1,1,1,3,1,2,2,,,比较方便和辩解的感觉就是这个意思，然后比较方便就是说这个磁铁的就是说这个,1,2,2,1,2,1,4,1,1,2,,,比较喜欢这个款式就是说这个价格比较方便和快捷就是说,1,价格比较划算功能比较齐全就是说这个防护，比较适合我的方便,2,1,3,2,二线,中等,准备结婚期,浙江省,杭州市
274,286083,726476,1024659,3C数码,88904569,1,1,,,1,,,1,1,,,,,,,,,,,,1,5,1,1,,,,,,,,1,,,,,1,4,,,1,,1,,1,,,,1,1,,1,,1,,,1,1,1,,,,7,4,,5,,3,,,1,2,6,,,5,1,1,2,2,1,,1,1,1,1,1,,,,1,2,2,1,2,4,2,1,1,,,升级后的防护设计能更好地保护设备，笔槽也让收纳和使用更便利，整体质感和颜值也更高，能带来更省心、更愉悦的使用感受，所以愿意为这些实用的升级买单。,1,1,2,2,2,1,4,1,1,1,,,光栅背板外观特别，防指纹且质感好，值得加钱。,3,"
两款的核心防护和使用功能都能满足我的需求，背板设计的差异对我影响不大，所以没有明显偏好。",1,1,3,3,六线,偏低,"已婚,已有车",安徽省,宿州市
275,286083,726476,1024659,3C数码,88904570,1,1,1,1,1,1,1,1,1,1,1,,1,1,1,1,1,1,1,1,1,4,1,1,,,,,,,,1,,,,,1,4,,,,1,,,,,,,1,1,,,,1,,1,,,1,1,,,6,4,,,,2,,5,,,3,1,,4,2,1,1,1,1,1,1,1,1,1,,,,,1,2,3,2,3,4,2,2,3,,,我觉得多了功能愿意多付费，但是太多了就不愿意了，毕竟就是一个保护套，太胡里花哨也没必要,1,2,3,3,2,3,3,3,,,3,2,我觉得同等价位我可以买到这个功能的，要讲究性价比,1,各项指标符合我的需求,2,1,3,2,二线,低,未知,浙江省,杭州市
276,286083,726476,1024659,3C数码,88904573,1,1,1,,,1,1,,1,1,1,,1,1,1,1,1,1,1,1,1,3,1,1,,,,,,,,1,,,,,1,4,,,1,,1,,,,,,1,1,,1,1,,,,1,,1,,,,1,2,,4,6,,,,3,,5,,,5,2,1,2,2,1,,,,,,,,,,1,2,1,2,2,4,2,2,2,,,感觉有点没必要，我更需要真正有用的功能来保护,1,2,2,2,1,1,3,2,2,2,,,我愿意多付钱，但是是一定的范围，不能太多，太多我会觉得在圈钱,2,看上去更特别，手感更好，更高级,1,1,3,4,二线,偏高,未知,湖南省,长沙市
277,286083,726476,1024659,3C数码,88904582,1,1,1,1,1,1,1,1,1,1,1,,1,1,1,1,1,,1,,1,5,2,1,,,,,,1,,,,,,1,,4,,1,,,,,,,,,1,1,,,,1,,1,,,1,,,,2,3,,,,1,,5,,,4,,,6,2,1,2,2,1,1,1,1,,,,,,,1,2,2,2,2,6,2,2,2,,,增加的这些功能用起来更方便，更舒适，更耐用，物超所值,1,3,3,3,2,3,3,4,,,4,4,光栅背板的功能对我来说无所谓,2,光栅背板不容易脏，手感好,2,1,5,2,一线,偏高,"已婚,已育,装修期,已有车",上海,上海市
278,286083,726476,1024659,3C数码,88904594,,,,1,,,,1,1,,,,,,,,,,,1,1,5,1,1,,,,,,,,1,,,,,1,5,,1,,1,1,,1,,,,1,1,1,1,,1,,,,,1,1,,,3,6,5,1,,4,,,,,7,2,,5,1,1,1,1,1,1,1,1,1,1,1,,,,1,1,1,1,1,6,1,1,1,,,   这个平板外观也好看。而且他的设计比较好，不会让平板掉地下摔坏。所以我愿意去选他。,1,1,1,1,1,1,6,1,1,1,,,我愿意买这个，因为它比较方便，而且有防滑的功效。我感觉他是比较适合我们的。所以我就会很喜欢这个。,1,这款产品它主要是怕平板掉下来摔坏他多方面的去保护了他这个。整体上就是我喜欢的样子。又美观又实用。,1,1,3,6,二线,偏低,未知,吉林省,长春市
279,286083,726476,1024659,3C数码,88904608,,1,,,,,1,1,,1,1,,1,1,1,,,,,,1,5,1,1,,,,,,,,1,,,,,1,4,,,,,,1,,,,,1,1,,1,,,,1,1,,1,1,,,1,3,,6,,,,7,4,,5,2,,5,2,1,2,2,1,1,,,1,,,,,,1,2,2,2,2,4,2,2,2,,,笔槽比较便利方便，四角气囊防摔，配色简洁大方，防护性能高,1,2,2,2,1,2,5,2,2,2,,,背部质感舒适度高，可以防指纹这点比较特别有吸引力，外观简洁大方，值得购买,2,在都有四角防护侧取笔槽的情况下，磨砂背更有质感，更不容易沾上指纹这点更有吸引力,1,1,4,3,三线,偏低,未知,广东省,汕头市
280,286083,726476,1024659,3C数码,88904646,,,1,1,1,1,1,1,1,,1,,1,1,1,,,,1,,1,7,1,1,,,,,,,,1,,,,,1,4,,,,,,1,,,,,1,1,1,,,1,,1,,,1,,,,1,5,2,,,3,,6,,,4,,,7,1,1,2,4,,,1,,,,,,,,1,1,1,2,2,3,1,1,1,,,因为配色好看，比较符合我的审美,1,2,3,1,1,3,1,2,3,,,,不愿意，因为我觉得没区别并且光面手感更好,1,手感比较好，使用起来很方便，,1,1,3,2,三线,低,未知,江西省,南昌市
281,286083,726476,1024659,3C数码,88904651,1,1,1,1,1,1,1,1,1,1,1,,1,1,1,1,1,1,1,1,1,5,1,1,,,,,,,,1,,,,,1,4,1,1,,,1,,,,,,1,1,,,,,,,1,,,,,,1,2,,,,,,,3,,,,,5,1,1,1,1,1,1,,,,1,,,,,1,2,2,1,1,5,2,2,4,,,没有特别打动人的地方,1,2,2,1,1,2,6,2,2,2,,,还行吧我比较喜欢这个,2,我更加喜欢这个。,1,1,4,3,四线,偏低,"单身,育婴期,已有车",四川省,德阳市
282,286083,726476,1024659,3C数码,88904662,1,1,1,1,1,1,1,1,1,1,1,,1,1,1,1,1,1,1,1,1,5,1,1,,,,,,,,1,,,,,1,4,,,1,,,1,1,,,,1,1,1,1,1,1,1,1,,,1,1,,,5,3,8,4,7,2,9,6,,,1,10,,5,1,1,1,1,1,1,1,1,1,1,1,,,,1,1,1,1,1,4,1,1,1,,,设计好看，功能性丰富，感觉很值，使用会更方便。,1,1,2,1,1,1,3,1,1,2,,,不沾指纹，质感更好。,2,不沾指纹,1,1,3,2,一线,低,未知,广东省,深圳市
283,286083,726476,1024659,3C数码,88904702,1,1,1,1,1,,1,1,1,1,1,,1,1,1,,1,1,,1,1,3,1,1,,,,,,,,1,,,,,1,4,,,,,1,1,,,,,1,1,1,,1,,,1,,1,1,,,,6,5,4,,7,,,2,,3,1,,,3,2,1,1,2,1,1,,1,1,1,,,,,1,2,2,2,2,3,2,3,,,,感觉和基础的平板壳没有特别大的差别,1,2,2,2,2,2,4,2,3,,,,定价过高感觉没有基础版的差别,3,性价比更好的就会选择,2,1,3,2,六线,低,准备结婚期,湖南省,怀化市
284,286083,726476,1024659,3C数码,88904727,1,1,1,1,,1,1,1,,1,1,,1,1,1,1,1,1,,1,1,3,1,1,,,,,,,,1,,,,,1,4,,1,,,,,,,,,1,1,1,1,1,1,,1,1,1,1,1,,,2,8,5,7,9,6,,4,10,1,3,11,,3,2,1,2,2,1,,,,,,1,,,,1,2,2,2,3,3,2,2,4,,,性价比太低，其他选择多的是,1,2,2,2,2,2,3,2,4,,,,性价比不高,3,都差不多,4,1,4,2,二线,高,未知,江苏省,苏州市
287,286083,726476,1024659,3C数码,88904957,,1,1,1,1,,1,,,1,1,,1,,1,1,1,1,1,1,1,5,1,1,,,,,,,,1,,,,,1,4,,,1,,1,,,,,,1,1,1,,,,,1,1,,,,,,2,1,3,,,,,4,5,,,,,5,2,1,2,2,,1,,1,,1,,,,,1,2,2,2,3,4,2,4,,,,功能更全面个性化技术也更全面,1,2,2,2,1,1,5,2,2,4,,,性价比一般,3,设计简洁差异化不大,2,1,4,2,一线,中等,"已婚,已有房",上海,上海市
288,286083,726476,1024659,3C数码,88904962,1,1,1,1,,,1,1,,,,,1,1,1,1,1,1,,,1,4,1,1,,,,,,,,1,,,,,1,4,,,,1,,1,,,,,1,1,,1,,,,,,1,,,,,2,3,,4,,,,,,1,,,,4,2,1,2,2,1,1,,1,,,,,,,1,3,3,3,2,2,3,,,2,,用不到,1,2,2,2,3,2,3,2,3,,,,用不到,1,性价比更高,2,2,3,2,二线,低,未知,浙江省,杭州市
289,286083,726476,1024659,3C数码,88905224,1,1,1,,1,,1,1,,1,1,,1,1,1,1,1,1,,1,1,3,1,1,,,,,,,,1,,,,,1,4,,,,,1,,,,,,1,,1,,1,,,1,,1,1,,,,5,,4,,2,,,6,,3,1,,,3,1,1,2,2,1,,1,1,,1,1,,,,1,2,3,2,1,2,2,2,3,,,防护是平板壳基本要求，没有必要，笔槽这个倒是可以多付钱，有的人需要有的不需要，也可以为了设计多付钱,1,5,4,2,2,3,1,3,,,2,,我不是很喜欢这个外观设计，所以不愿意多付钱,1,光面手感更好一些，如果是不留指纹，防护性好，复合我的需求，我愿意加钱,2,1,2,2,四线,偏低,单身,河南省,南阳市
290,286083,726476,1024659,3C数码,88905266,1,1,1,1,1,1,1,1,1,1,1,,1,1,1,1,1,1,1,1,1,5,1,1,,,,,,,,1,,,,,1,4,,1,1,1,,,,,,,1,1,,1,1,1,1,1,1,,1,,,,1,4,,6,7,9,8,3,5,,2,,,5,2,1,2,2,1,1,1,1,1,1,,,,,1,2,1,3,3,5,2,3,,,,颜色更加鲜艳，可以更保护眼睛 ，增加了便利性日常使用会更方便快捷 防护增加保护了平板的寿命,1,2,1,2,2,2,7,2,3,,,,独特的材质和设计使综合体验感更高 ，但个人不喜欢 喜欢光面的,1,减少指纹 清洁也更方便 光面版使用多年 已经习惯了 也可以在各个日常环境中使用,1,1,3,6,二线,偏低,恋爱期,浙江省,宁波市
291,286083,726476,1024659,3C数码,88905324,1,1,1,1,,1,1,1,,1,1,,1,1,1,1,1,1,,,1,5,1,1,,,,,,,,1,,,,,1,5,,1,1,,1,,,,,,1,1,1,,,,,1,,1,1,,,,1,3,2,,,,,5,,6,4,,,5,1,1,1,1,1,1,1,,,1,,,,,1,1,1,2,1,5,1,2,2,,,不清楚三个升级点的好用程度到底怎么样，是否有他说的那个效果,1,1,2,1,1,1,4,1,1,2,,,我感觉溢价太多了，愿意多付钱，但不愿意溢价买,3,外观上我没有太大的要求，所以都可以，主要看重的是他的材质和功能，如果防护效果很好的话，就非常值得加钱购买,1,1,3,2,三线,中等,"恋爱期,已育",湖南省,岳阳市
292,286083,726476,1024659,3C数码,88905341,,1,1,1,1,1,1,1,1,,,,,,,,,,,1,1,5,1,1,,,,,,,,1,,,,,1,4,1,1,1,,,,,,,,,,,1,1,1,,,1,,,,,,,,,3,1,2,,,4,,,,,5,1,1,1,2,,,1,1,1,1,,,,,1,1,2,2,1,6,1,1,1,,,我觉得它的设计非常合理 很喜欢,1,1,1,2,1,1,6,1,1,1,,,我觉得这个设计非常好,2,我觉得它的设计更好,1,1,4,2,二线,低,未知,江苏省,苏州市
293,286083,726476,1024659,3C数码,88905346,1,1,1,1,1,1,1,1,1,1,1,,1,1,1,1,1,1,1,1,1,5,1,1,,,,,,,,1,,,,,1,4,,1,1,,,1,,,,,1,1,1,,1,,,1,,,1,1,,,1,5,2,,3,,,4,,,6,7,,5,1,1,1,1,1,1,,,,1,,,,,1,2,1,2,2,5,2,2,2,,,可以多付费，但高出有点多,1,1,1,1,2,1,6,1,2,2,,,149有点贵了，129可以可以,2,防指纹，很好,1,1,4,3,二线,中等,未知,陕西省,西安市
294,286083,726476,1024659,3C数码,88905348,,1,1,1,1,1,1,1,,1,1,,1,1,1,1,1,1,1,,1,5,1,1,,,,,,,,1,,,,,1,4,1,1,1,,1,1,,,,,1,1,1,1,1,1,,1,,,1,1,,,1,6,7,9,4,8,,2,,,5,3,,5,2,1,1,1,,1,1,1,1,1,1,,,,1,2,1,3,3,4,2,3,,,,因为感觉基础款已经挺有防护的了 再升级的感觉没有什么必要性 配色方面我更喜欢简单的白色 新升级的颜色感觉不要耐看 外观感觉也有点太花里胡哨了 不如普通版本的看着舒服好用,1,2,4,2,3,3,2,4,,,2,,因为感觉这一特点比较鸡肋 我对背面沾不沾指纹没有太大需求 感觉这一升级对我来说没啥太大必要 不太喜欢这样的设计 还是喜欢简约的,1,因为光栅款的条纹看着让我感觉很不舒服 不协调 价格也感觉不太合适 我还是喜欢光面款 看着简单的舒服用起来也很便捷 好用 ,2,1,3,3,三线,偏低,恋爱期,浙江省,台州市
295,286083,726476,1024659,3C数码,88905353,,,1,1,,,,1,,1,1,,1,1,1,1,1,1,1,1,1,5,1,1,,,,,,,,1,,,,,1,4,,,1,,1,,,,,,1,1,1,,,1,,,,,,1,,,1,3,2,,,5,,,,,,4,,5,2,1,1,1,,1,,,1,,1,,,,1,1,1,1,1,6,1,2,2,,,有笔槽，符合日常使用，颜色和功能设计都可以,1,1,1,1,2,1,7,1,2,2,,,设计比较新颖，背面不单调，颜色也好看,2,光栅款更有设计感，比较有个性，使用也方便,1,1,4,2,二线,中等,"已婚,育婴期,已育,装修期",浙江省,杭州市
296,286083,726476,1024659,3C数码,88905377,1,1,1,,,1,1,1,1,1,1,,1,1,1,1,1,1,,1,1,6,1,1,,,,,,,,1,,,,,1,4,,,,1,,1,,,,,1,,1,,1,1,1,1,1,1,,,,,5,,8,,1,7,4,2,6,3,,,,6,1,1,1,2,1,1,1,1,1,,1,,,,1,1,2,1,2,4,1,2,2,,,外观简单好看，可拆分，防护好,1,2,1,2,1,2,5,2,1,2,,,防指纹，颜色好看，也特别好看,2,价格合适，外观颜色也适合我,2,1,3,3,三线,低,未知,福建省,厦门市
297,286083,726476,1024659,3C数码,88905381,,1,1,,,,1,1,,,1,,1,1,,1,,1,1,,1,5,1,1,,,,,,,,1,,,,,1,4,,,1,,,1,,,,,1,1,,,1,,,,1,,1,,,,3,4,,,2,,,,5,,1,,,5,1,1,1,1,1,1,1,,1,1,1,,,,1,1,1,1,1,4,1,1,2,,,我比较愿意，升级的有我需要的功能，配色也很好看,1,1,1,1,1,1,5,1,2,2,,,愿意付钱，比较耐看特别实用,1,这款更符合我的需求,2,1,3,3,二线,中等,未知,湖北省,武汉市
298,286083,726476,1024659,3C数码,88905383,,1,1,1,1,1,1,1,1,1,1,,,1,,,1,1,,,1,4,1,1,,,,,,,,1,,,,,1,4,,1,1,1,1,,,,,,1,1,1,,,1,,1,,,,1,,,1,2,5,,,4,,3,,,,6,,4,1,1,1,1,1,1,1,,,1,,,,,1,2,1,1,1,4,2,3,,,,对比上一款它的升级点不够突出，更多的是满足外观的需求,1,4,3,2,3,2,2,4,,,2,,光珊背板采用的是硬壳，对比软壳保护性差了很多，而且由于硬壳的特性每次装卸非常容易刮花平板边沿,1,不需要搞太多花里胡哨的东西，能够保证防摔的同时，壳子做的足够轻便即可,3,1,3,3,四线,中等,"已婚,装修期",广东省,湛江市
299,286083,726476,1024659,3C数码,88905394,1,1,1,1,1,1,1,1,1,1,1,,1,1,1,1,1,1,1,1,1,5,1,1,,,,,,,,1,,,,,1,4,,,,1,1,1,,,,,1,1,1,1,1,1,1,1,1,1,1,1,,,6,7,2,1,4,10,12,3,9,8,11,5,,5,1,1,1,1,1,1,1,1,1,1,1,,,,1,1,1,1,1,5,1,1,1,,,好用所以要多付钱,1,1,1,1,1,1,5,1,1,1,,,好看又好用,2,好看又好用,1,1,3,3,一线,偏低,"准备结婚期,已育,已有车",广东省,深圳市
300,286083,726476,1024659,3C数码,88905408,,,1,1,1,1,1,1,,,1,,,1,1,1,,,,,1,5,1,1,,,,,,,,1,,,,,1,4,,,1,1,1,,,,,,1,1,1,1,,1,,,1,1,1,,,,1,3,7,5,,2,,,4,6,8,,,5,1,1,1,1,1,1,,,1,1,1,,,,1,1,1,1,1,3,1,1,1,,,防摔更好，耐用并且品牌可行,1,1,1,1,1,1,5,1,1,1,,,颜色比较好找，配色好看，比较合适入手,1,不会脏的快，而且旋转携带方便收纳,1,1,4,3,一线,偏低,单身,广东省,深圳市
301,286083,726476,1024659,3C数码,88905420,1,1,1,1,1,,1,1,1,,1,,1,1,1,,,1,,1,1,2,1,1,,,,,,,,1,,,,,1,5,,,1,,,,,,,,1,1,,1,,1,1,1,,1,,,,,7,2,,4,,1,6,5,,3,,,,2,1,1,4,4,,1,,,1,,,,,,1,2,4,2,2,4,2,3,,,,烟的选择丰富这点对我比较有吸引力，因为我选择保护套的主要的点就是外观。但是另外的升级会令我担心它变得很重，这点是个比较大的扣分项,1,2,3,2,2,2,2,4,,,3,2,感觉不值得，超过我的预算。背板的更换并不会带来性能的提升，为这个多付钱有点冤大头了,2,个人更喜欢磨砂的质感。不沾染指纹也是很好的一个点。另外没有比较反而会觉得定价更容易接受。,1,1,3,2,一线,偏低,"已婚,育婴期",上海,上海市
302,286083,726476,1024659,3C数码,88905446,1,1,1,1,,,1,1,,,,,,,,,,,,,1,5,1,1,,,,,,,,1,,,,,1,4,,1,1,,,1,,,,,1,1,,,,1,,1,,1,1,1,,,1,7,,,,4,,2,,5,6,3,,5,1,1,1,1,1,1,,1,,1,1,,,,1,1,1,1,1,6,1,1,1,,,愿意 这样防护性更好一点 不怕摔 有笔槽 不用担心笔会乱丢 配色不花哨 外观简洁好看 日常使用便携不怕重,1,1,1,1,1,1,6,1,1,1,,,外观更独特一点 不会撞款 质感更高级 防指纹这点很特别 别的品牌不会考虑这一点 耐看颜色好看 我愿意为了这些功能加钱,2,价格方面还可以能接受 外观独特不会撞款 材质安全 防护更佳到位 值得加钱,1,1,4,6,二线,偏低,"已婚,育婴期,已有房",山东省,青岛市
303,286083,726476,1024659,3C数码,88905454,1,1,1,1,1,,,1,1,1,1,,1,1,1,1,1,1,,1,1,5,1,1,,,,,,,,1,,,,,1,5,,,1,1,,1,,,,,1,,,1,1,,,,,,,,,,1,,,2,3,,,,,,,,,5,1,1,2,2,1,1,1,,,1,,,,,1,2,1,2,1,4,2,3,,,,防护升级，可以更好保护我的平板，颜色好看，感觉更能满足日常使用,1,2,2,1,1,2,3,2,3,,,,没有特别明显的优点，感觉跟前面差不多,1,性价比相对较高，在价格以内可以接受光面,1,1,3,2,三线,偏低,"准备结婚期,已育,已有房,已有车",广东省,江门市
304,286083,726476,1024659,3C数码,88905456,1,1,1,1,1,1,1,1,1,1,1,,1,1,1,1,1,1,1,1,2,7,1,1,,,,,,,,1,,,,,1,4,,,1,,,,,,,,1,,,,,,,,,1,,,,,1,,,,,,,,,2,,,,7,1,1,1,1,1,,,1,1,1,1,,,,1,1,1,1,1,6,1,1,1,,,我愿意为升级点额外付费。升级后强化了整机防护能力，边角、镜头全包防摔，能有效避免手机磕碰维修；新增笔槽可以收纳手写笔，随用随取不易丢失，日常通勤、办公携带便利性大幅提升；外观配色质感升级，握持手感更好，长期高频使用体验提升明显，多出的成本可以接受。,1,1,1,1,1,1,6,1,1,1,,,我愿意为光栅背板额外付费。光栅纹理视觉层次感强，外观辨识度高，不容易和普通背板款式撞款；特殊纹理不易残留指纹油污，日常握持更干净；质感高级耐看，长期使用不会审美疲劳，外观溢价对应的装饰价值可以接受。,3,两款产品的核心实用升级完全一致，都升级了四角防护、侧取笔槽和配色，能满足我防护收纳的核心使用需求。仅背板外观材质存在区别，光面简约百搭，光栅款防指纹、触感层次更强，二者各有优势，没有无法取舍的硬性差别，无论推出哪一款都能接受。,1,1,3,3,六线,中等,已婚,广东省,梅州市
305,286083,726476,1024659,3C数码,88905458,1,,,,,1,,1,,,1,,1,,,,1,1,1,1,1,5,1,1,,,,,,,,1,,,,,1,4,1,1,1,,,,,,,,1,,,,1,,,,1,1,1,1,,,3,,,,6,,,,5,1,2,4,,5,1,1,2,2,,1,,,,1,1,,,,1,2,1,3,3,2,2,3,,,,防护性能我很需要，但平时不怎么用笔。,1,2,3,3,3,3,1,4,,,3,3,颜值方面我并不太在乎，不想多花钱。,1,相比之下，前者升级功能。,4,1,3,2,二线,偏低,"已婚,已有房",江苏省,无锡市
306,286083,726476,1024659,3C数码,88905465,1,1,1,1,,,1,1,1,1,1,,1,1,1,1,1,1,,1,1,2,1,1,,,,,,,,1,,,,,1,4,,,1,,,,,,,,1,1,,,1,1,,1,1,1,1,,,,1,2,,,5,8,,4,7,6,3,,,2,1,1,2,2,1,1,,,,1,,,,,1,2,2,2,3,3,2,3,,,,这个功能对我来说需求度不高,1,2,2,2,1,2,3,2,3,,,,价格过于高了,2,不留指纹，不会造成外观不好看,2,1,5,2,一线,低,"已婚,已育",上海,上海市
307,286083,726476,1024659,3C数码,88905501,,1,1,1,1,,,1,,,,,,,,,,,,,2,3,1,1,,,,,,,,1,,,,,1,3,,,1,,,,,,,,1,1,,1,,1,,1,,,,1,,,4,3,,5,,1,,2,,,,6,,5,2,1,1,1,1,1,,1,1,1,,,,,1,1,1,2,2,5,1,1,1,,,防护性能好，使用起来方便，颜色、外观设计很喜欢,1,1,1,1,1,1,6,1,1,1,,,设计感强,3,价格可接受、外观设计都喜欢,1,1,3,2,一线,偏低,"准备结婚期,已育,已有房,已有车",广东省,广州市
308,286083,726476,1024659,3C数码,88905514,1,1,1,1,1,1,1,1,,1,1,,1,1,1,1,1,1,,,1,5,1,1,,,,,,,,1,,,,,1,4,,1,1,,1,,1,,,,1,1,1,1,1,,,,1,1,,,,,2,7,5,4,3,,,,1,6,,,,5,1,1,1,1,1,1,,1,1,1,1,,,,1,1,1,1,1,5,1,1,1,,,配色好看，质感不错，保护功能很到位的，这点不错的，都很好,1,2,2,1,1,1,5,1,1,2,,,防指纹不错，这点很需要的，但是价格太高会失去性价比,2,主要是防指纹，这点对于我来说比较重要,1,1,3,2,五线,中等,"准备结婚期,已有车",江西省,九江市
309,286083,726476,1024659,3C数码,88905525,1,1,1,1,1,1,1,1,1,1,1,,1,1,1,1,1,1,1,1,1,5,1,1,,,,,,,,1,,,,,1,5,,,,,1,,,,,,1,1,1,1,1,1,1,1,1,1,1,1,,,4,2,1,5,9,7,10,6,3,11,12,8,,6,1,1,1,1,1,1,1,1,1,1,1,,,,1,2,2,1,1,6,2,2,1,,,对材质安全性愿意多付钱，四角突出气囊感觉臃肿搁手反而没有吸引力，磁吸是好的点子，拆卸方便。外观要上档次。,1,1,1,1,1,1,6,1,2,2,,,表面处理并不是很重要，光栅与光面各有各的好处。,2,看起来更高端一些，另外感觉上光栅比光面更给人一种安全感。,1,1,3,2,二线,低,未知,广东省,佛山市
310,286083,726476,1024659,3C数码,88905528,,,,,1,,,1,1,,,,,,,,,,,,1,2,1,1,,,,,,,,1,,,,,1,4,,1,,,,,,,,,1,1,,,,1,,,1,1,1,,,,2,6,,,,1,,,5,4,3,,,2,2,1,2,2,1,1,,,1,1,,,,,1,2,2,2,2,4,2,3,,,,没有太大提升,1,2,3,3,2,3,3,2,3,,,,价格有点贵了，提升并不多,4,价格稍高,2,1,5,6,一线,偏低,"已婚,育婴期,已育,已有车",北京,北京市
312,286083,726476,1024659,3C数码,88905559,,,,,1,,1,,1,,,,,,,,,,,,1,5,1,1,,,,,,,,1,,,,,1,5,,1,,,,,,,,,1,1,,1,,,,1,,,,,,,1,2,,4,,,,3,,,,,,6,1,1,1,1,1,1,,,1,1,,,,,1,1,1,2,2,4,1,2,2,,,防护好。颜色喜欢。设计喜欢,1,1,1,1,1,1,5,1,1,1,,,很特别，没怎么在市场上见过，想尝试,2,没用过这个材质的，很想尝试，不沾指纹很吸引我，配色也喜欢，防护功能做得好,1,1,3,2,一线,偏低,已婚,上海,上海市
313,286083,726476,1024659,3C数码,88905568,1,1,1,1,1,1,1,1,,1,1,,1,1,1,1,1,1,,1,1,3,1,1,,,,,,,1,,,,,,1,4,,1,,,,,,,,,1,1,,,,,,1,,1,1,,,,1,2,,,,,,3,,5,4,,,3,2,1,1,1,1,1,1,1,1,1,,,,,1,1,1,3,3,1,2,3,,,,这三个升级点对我来说吸引力不大,1,1,3,3,3,3,1,3,,,3,2,吸引力不大,1,光面款更好看点,2,1,4,4,一线,偏高,"准备结婚期,已育,已有房,已有车",上海,上海市
314,286083,726476,1024659,3C数码,88905572,1,1,1,1,1,1,1,1,1,1,1,,1,1,,1,1,1,1,1,1,5,1,1,,,,,,,,1,,,,,1,4,,1,1,,1,,,,,,1,1,1,1,1,1,,,,,1,1,,,4,2,5,8,6,7,,,,,1,3,,5,2,1,2,2,1,1,1,1,1,,,,,,1,2,2,2,2,3,2,2,3,,,比较愿意加点钱能让自己获得更满意的产品,1,2,2,2,2,2,1,2,3,,,,我觉得我不太愿意再多付钱了，感觉到这已经没啥必要了,1,感觉光栅性价比不高，还要多付钱，不太值得,2,1,3,3,三线,偏低,准备结婚期,浙江省,台州市
315,286083,726476,1024659,3C数码,88905575,1,1,1,1,1,1,1,1,1,1,1,,1,1,1,1,1,1,,1,1,5,1,1,,,,,,,,1,,,,,1,4,,,,1,,,,,,,1,1,,,1,,,,,,,,,,1,2,,,3,,,,,,,,,5,1,1,1,1,,1,1,,1,1,,,,,1,2,1,2,1,4,2,1,2,,,没有哪里不喜欢的地方，总体看起来都挺好的，没有太多不喜欢有疑问的方面,1,2,1,1,1,2,4,2,2,2,,,这款包装整体看起来还是挺好看的，感觉非常适合这个品牌的包装设计风格很满意,2,还是挺有可能去购买的，没有太多不可能去购买的地方，两款整体都还挺好的,2,1,3,6,二线,低,单身,广东省,佛山市
316,286083,726476,1024659,3C数码,88905649,1,,1,1,1,1,1,1,1,,,,,,,,1,,,,1,5,1,1,,,,,,,,1,,,,,1,4,,,1,1,,,1,,,,1,1,,,,1,,,1,1,,,,,2,3,,,,5,,,1,4,,,,5,1,1,2,2,1,1,,,,1,1,,,,1,1,2,2,3,3,2,2,2,,,看起来有吸引力,1,2,2,1,2,1,3,2,2,4,,,比较有吸引力,3,都不错的,2,1,3,6,五线,中等,未知,广东省,揭阳市
317,286083,726476,1024659,3C数码,88905692,1,1,1,1,1,1,1,1,,1,1,,1,1,1,1,1,1,1,,1,5,1,1,,,,,,,,1,,,,,1,4,,1,1,,1,1,,,,,1,1,,,1,1,,1,,1,,,,,1,2,,,3,6,,4,,5,,,,5,1,1,2,2,1,1,,1,1,,,,,,1,1,1,1,1,5,1,2,2,,,有适合我自己需要用到的地方功能也比较简洁明了使用也方便快捷。,1,2,2,1,1,2,5,2,2,2,,,没有了解过这个但看着是个不错的选择,2,不太喜欢光面这个品质所以选择另一款功能看起来也好一点,1,1,3,6,三线,偏低,未知,广东省,江门市
318,286083,726476,1024659,3C数码,88905703,1,1,1,1,1,,,1,1,1,1,,1,1,1,,1,,,,2,3,1,1,,,,,,,,1,,,,,1,5,1,,,,,,,,,,1,1,,,,1,,1,,1,1,1,,,1,3,,,,2,,5,,7,6,4,,4,2,1,2,3,1,1,1,,,,,,,,1,2,2,4,3,3,2,3,,,,有些功能不是我需要的,1,2,3,2,1,3,3,4,,,4,3,这个功能我不需要，没必要多花钱,3,这个不是重点，对我来说重点是防摔,2,1,4,2,四线,低,未知,湖南省,常德市
319,286083,726476,1024659,3C数码,88905716,1,1,1,1,1,1,1,1,,1,1,,1,1,1,1,1,1,1,1,1,3,1,1,,,,,,,,1,,,,,1,4,,,1,,,1,,,,,1,1,1,,1,1,,,,,,,,,3,5,2,,1,4,,,,,,,,5,1,1,2,2,1,1,1,,,1,,,,,1,1,1,1,3,5,1,2,3,,,升级点的功能性不强，没有多大上涨空间,1,2,3,3,2,3,7,2,4,,,,升级没有意义,1,两款升级都一样，光栅版只是外观设计上更美观，对于我来说，这种款式只需要考虑功能，美观程度对于我的选择没有影响,4,1,4,2,四线,低,未知,河北省,沧州市
320,286083,726476,1024659,3C数码,88905729,1,1,1,1,,,1,1,1,,,,1,1,1,1,1,1,,,1,4,1,1,,,,,,,,1,,,,,1,4,,,,1,,1,1,,,,1,1,,1,,1,1,1,,1,1,,,,2,8,,3,,4,5,1,,7,6,,,4,1,1,2,2,1,1,,1,1,1,,,,,1,1,1,2,1,3,2,3,,,,看到气囊防护性会更好。看着颜色也比较漂亮,1,1,1,1,1,1,4,2,2,4,,,显着大方，耐脏,2,看着更高级，感觉手感会很好,1,1,3,2,二线,低,"已婚,已育,已有车",天津,天津市
321,286083,726476,1024659,3C数码,88905775,1,1,1,1,1,1,1,1,1,1,1,,1,1,1,1,1,1,1,1,1,7,1,1,,,,,,,,1,,,,,1,4,,,,,,1,,,,,1,,,,,,,,,,,1,,,1,,,,,,,,,,,2,,7,2,1,2,2,,,,,1,,,,,,1,2,1,2,1,6,2,2,2,,,防摔，配色好看,1,2,2,2,2,2,6,2,2,2,,,防摔，配色好看,3,主要还是防摔，配色好看,2,1,2,4,六线,偏低,准备结婚期,贵州省,铜仁市
322,286083,726476,1024659,3C数码,88905810,,1,1,1,1,1,1,,,1,1,,1,1,1,1,1,1,1,,1,4,1,1,,,,,,,,1,,,,,1,5,1,,,,,,1,,,,1,,,,,1,,1,,1,,,,,1,,,,,3,,4,,2,,,,2,1,1,2,2,,,,1,1,1,,,,,1,2,2,1,1,3,2,2,4,,,性价比符合预期 颜色满足使用 外壳造型有特点,1,2,1,1,2,1,4,2,2,4,,,不沾指纹 造型更耐看 质感更高,2,有质感 性价比符合预期 保护度高,2,1,3,4,五线,低,准备结婚期,山西省,晋中市
323,286083,726476,1024659,3C数码,88905844,,1,,1,,1,1,1,,1,,,,,,,,,,,1,5,1,1,,,,,,,,1,,,,,1,4,,,1,,,,,,,,,,1,,,,1,1,,,,,,,,,2,,,,3,1,,,,,,5,1,1,1,1,,1,,1,,1,,,,,1,1,1,1,1,3,1,1,2,,,防护性好,1,1,1,1,1,1,4,1,1,1,,,防滑 磁吸折叠,2,值得加钱,2,1,4,2,二线,低,"已婚,育婴期,已有车",山东省,烟台市
324,286083,726476,1024659,3C数码,88905846,,1,1,1,1,,1,1,,,1,,1,1,1,1,1,1,,1,1,4,1,1,,,,,,,,1,,,,,1,2,,1,,,,,,,,,1,1,,,,,,1,,,,,,,1,2,,,,,,3,,,,,,4,2,1,2,2,1,1,,1,,1,,,,,1,3,2,3,3,2,3,,,2,,防护升级颜色丰富,1,3,3,3,2,3,1,4,,,3,3,没有更多特别点,3,"特点差不多
",2,1,6,5,一线,偏低,"已婚,育婴期,已育,已有房,已有车,孝敬期",上海,上海市
325,286083,726476,1024659,3C数码,88905849,1,1,1,1,1,1,1,1,1,1,1,,1,1,1,1,1,1,1,1,1,4,1,1,,,,,,,,1,,,,,1,5,,,,,1,,,,,,1,1,1,1,1,1,,1,1,1,1,1,,,2,1,3,8,4,7,,6,10,9,11,5,,4,1,1,2,2,1,1,1,,,,,,,,1,1,1,1,2,4,1,2,3,,,这三个升级点可能会造成不耐用容易坏,1,2,2,1,2,3,3,2,3,,,,没什么实用价值,2,不容易脏不沾指纹,2,1,4,2,二线,高,"已婚,育婴期,已育,已有房,已有车",天津,天津市
326,286083,726476,1024659,3C数码,88905917,,,,,,,,1,,,,,,,,,,,,,1,7,1,1,,,,,,,,1,,,,,1,4,,,,1,,1,,,,,1,1,,,,,,1,1,,1,1,,,1,5,,,,,,3,2,,4,6,,7,1,1,2,2,1,1,,,1,1,1,,,,1,1,1,1,1,6,1,1,1,,,首页它这个外观和配色非常吸引我，而我坚持认为一分价钱一分货，功能的升级能让产品更好的保护平板，更方便的使用平板，大大提升的平板的使用感官，因此功能升级的额外付费是很有必要的,1,2,2,1,1,2,5,2,2,2,,,防指纹是个不错的功能，可以让平板看上去更干净，在商务中应用也很有礼貌,2,考虑到商务场合的应用，感觉光栅版更有格调,1,1,3,2,一线,低,"已婚,已育,已有车",上海,上海市
327,286083,726476,1024659,3C数码,88905922,1,1,1,1,1,1,1,1,1,1,1,,1,1,1,1,1,1,1,,1,3,1,1,,,,,,,,1,,,,,1,5,,,1,,,,,,,,1,1,,1,,,,1,1,,1,,,,2,1,,5,,,,4,6,,3,,,3,1,1,4,3,,,1,,1,,,,,,1,4,2,4,3,3,4,,,4,4,没有拆分和笔槽的需求，外观看着不够好看,1,4,4,2,3,3,2,4,,,4,3,看着并没有更好看,3,平时平板都是摆着的，根本看不到背面，更多是保护和支撑,2,1,3,2,一线,低,未知,广东省,深圳市
328,286083,726476,1024659,3C数码,88905934,1,1,1,1,1,1,1,1,1,1,1,,1,1,1,1,1,1,1,1,1,4,1,1,,,,,,,,1,,,,,1,5,,,1,,,,,,,,1,1,,,,,,1,,1,,,,,1,2,,,,,,4,,3,,,,5,2,1,2,1,,1,1,1,1,1,,,,,1,2,2,3,2,3,2,2,2,,,好看,1,2,3,3,2,2,4,2,2,3,,,没啥功能溢价,1,性价比,2,1,5,2,一线,偏高,"已婚,育婴期,已育,装修期,已有房,已有车",上海,上海市
329,286083,726476,1024659,3C数码,88906191,1,1,1,1,1,1,1,1,1,1,1,,1,1,1,1,1,1,1,1,1,4,1,1,,,,,,,,1,,,,,1,4,1,1,1,1,1,1,1,,,,1,1,1,1,1,1,1,1,1,1,1,1,,,1,5,8,6,3,4,12,10,7,11,2,9,,4,2,1,1,1,1,1,1,1,1,1,1,,,,1,1,1,1,2,6,1,1,1,,,好看好用安全,1,1,1,1,1,2,6,1,1,1,,,好用高端,3,好用，外观好看，安全可靠,1,1,3,2,一线,低,未知,广东省,广州市
331,286083,726476,1024659,3C数码,88906222,1,1,1,1,1,1,,1,1,1,1,,1,1,1,1,1,1,1,1,1,6,1,1,,,,,,,,1,,,,,1,4,1,,1,1,,1,1,,,,1,,1,1,,1,,1,1,1,1,1,,,1,,2,8,,7,,4,3,5,6,9,,6,2,1,2,2,1,1,1,,,1,1,,,,1,2,2,2,2,4,2,2,2,,,性价比,1,2,2,2,2,2,4,2,2,2,,,性价比参考,2,适合我的就好,2,1,4,2,五线,低,"已婚,育婴期,已育,已有房,已有车",安徽省,淮南市
332,286083,726476,1024659,3C数码,88906235,1,1,1,1,,1,1,1,1,1,1,,1,1,1,1,1,1,1,,1,4,1,1,,,,,,,,1,,,,,1,5,,1,,,1,1,,,,,,,1,1,,,,1,,,1,,,,,,3,4,,,,1,,,2,,,5,1,1,2,2,,1,1,,,1,,,,,1,1,1,2,3,5,1,2,1,,,功能符合我的的需求，很好！,1,2,1,2,1,3,5,2,2,1,,,没有什么实质性作用！,2,作用满足我的需求即可！,2,1,4,2,二线,偏低,未知,江苏省,南京市
333,286083,726476,1024659,3C数码,88906246,1,1,1,1,1,1,1,1,1,,1,,1,1,1,1,1,1,,,1,6,1,1,,,,,,,,1,,,,,1,4,,,1,,,,,,,,1,1,,1,1,,,,,,1,,,,2,5,,1,3,,,,,,4,,,6,1,1,1,2,1,1,,,,1,1,,,,1,2,1,2,2,5,1,2,4,,,防摔方面加强了，外观配色很多选择，这是吸引我的最大的因素,1,1,1,1,1,2,6,1,1,2,,,材质更好了还繁华不沾指纹磨砂这些都是新我的最大因素,2,价格不贵的同时材质啊抗指纹了各方面都提升了很多我觉得我比较喜欢买这款,2,1,3,2,五线,偏低,未知,广东省,清远市
334,286083,726476,1024659,3C数码,88906253,1,1,1,1,,,,1,,1,1,,1,1,1,1,1,1,1,,1,5,1,1,,,,,,,,1,,,,,1,4,,1,1,1,1,1,,,,,1,1,1,1,1,1,1,1,1,,,1,,,1,8,9,3,10,2,4,6,7,,,5,,5,1,1,1,1,1,1,1,1,1,1,,,,,1,1,1,1,2,5,1,1,2,,,我自己容易摔东西，喜欢保护好的。其次分开的厚度和重量都会考虑,1,1,2,1,1,2,4,1,1,2,,,磨砂质感很好，具体要看颜色和实际的效果,2,磨砂质感，不容易留指纹挺重要的，尤其是夏天,1,1,3,3,二线,低,未知,河南省,郑州市
335,286083,726476,1024659,3C数码,88906272,1,,,,,1,,1,,,,,,,,,,,,,1,5,1,1,,,,,,,,1,,,,,1,4,,,,1,,,,,,,1,1,,,,,,1,1,,,,,,2,1,,,,,,3,4,,,,,5,2,1,2,2,1,1,,,,1,,,,,1,2,2,2,2,6,2,2,2,,,愿意，因为配置会更多，更方便使用，更耐用,1,2,2,2,2,2,6,2,2,2,,,愿意，感觉会更方便使用，更耐用，质感会更好,1,材质感觉会更好，功能和防护多，使用起来方便,2,1,3,2,一线,偏低,未知,广东省,广州市
336,286083,726476,1024659,3C数码,88906276,1,1,1,1,1,1,1,1,1,1,1,,1,1,1,1,1,1,1,1,1,5,1,1,,,,,,,,1,,,,,1,4,,1,,1,1,1,,,,,1,1,1,1,1,1,1,1,1,1,1,1,,,1,10,2,7,8,6,3,5,9,4,11,12,,7,2,1,2,2,1,1,1,1,1,1,1,,,,1,2,2,2,2,6,2,2,2,,,愿意，方便，耐脏，防爆,1,2,2,2,2,2,6,2,2,2,,,感觉质量一般,3,都可以啊，只要耐脏耐用就都可以,1,1,4,3,一线,中等,"已婚,育婴期,已育,已有房,已有车",广东省,广州市
337,286083,726476,1024659,3C数码,88906292,1,1,1,1,,1,1,1,1,1,1,,1,1,1,1,1,1,1,1,1,5,1,1,,,,,,,,1,,,,,1,4,,1,,,,,,,,,,1,,,,1,,1,,,,,,,,2,,,,1,,3,,,,,,5,1,1,1,1,1,1,,,,1,,,,,1,1,1,1,1,3,1,1,1,,,愿意多付一点钱，外观配色要好看，磁吸设计方便拿取，四周是气囊设计，不容易摔到边边角角，起到很好的保护作用，笔槽也方便拿取,1,1,1,1,1,1,5,1,2,2,,,愿意多付一点钱，光栅背板设计很新颖。整个外观很高级。磨砂质感也不会滑溜。防指纹设计很好，,2,主要原因也是更喜欢磨砂质感一点。性价比高，设计很独特，全方位气囊防护很安心。磁吸设计方便拿取,1,1,4,2,二线,偏低,未知,湖南省,长沙市
338,286083,726476,1024659,3C数码,88906297,1,1,,1,1,1,,1,1,1,1,1,1,1,1,1,1,1,1,1,1,5,1,1,,,,,,,,1,,,,,1,4,1,1,1,,1,,1,,,,,,1,,1,1,1,1,,,,,,,,,2,,1,5,4,3,,,,,,5,1,1,1,2,1,,1,1,1,,1,1,,,1,1,2,1,2,5,1,2,1,,,这个设计很有特色，因为我觉得一般平板的话，他这种的话，如果有增加额外的慈禧，可能这次618我会重新再考虑买,1,1,2,1,2,1,5,1,2,1,,,颜色很,1,喜欢,1,1,4,3,一线,偏低,已婚,广东省,广州市
339,286083,726476,1024659,3C数码,88906316,1,1,1,1,1,1,1,1,1,1,1,,1,1,1,1,1,1,1,1,1,5,1,1,,,,,,,,1,,,,,1,4,,,,1,1,1,,,,,1,1,1,1,1,1,1,1,1,1,1,1,,,2,6,4,10,8,3,12,9,5,11,1,7,,5,1,1,1,1,1,,,1,,1,,,,,1,1,1,1,1,5,1,1,1,,,用起来很方便，颜色不好看，设计的也不怎么好看,1,1,1,1,1,1,5,1,1,1,,,耐磨性更好，,2,外观更好看，材质更放心。功能也好,2,1,4,2,六线,偏低,已婚,广东省,梅州市
340,286083,726476,1024659,3C数码,88906333,1,1,1,1,1,1,,1,1,1,1,,1,1,1,1,1,1,1,1,1,3,2,1,,,,,,,,1,,,,,1,5,,1,,,,,,,,,1,1,1,1,1,,,1,,1,1,1,,,1,5,8,6,7,,,4,,2,3,9,,3,1,1,2,2,1,1,,1,1,1,,,,,1,2,2,2,3,3,2,4,,,,不妨碍拿笔，气囊防磕碰，具体要看重量，材质，颜色很一般，看看有没有其他颜色,1,2,3,2,2,3,3,2,4,,,,没觉得光栅值钱到加价这么多，现在制造业这么发达，又在国内买，功能升级其实也不多,2,防指纹，如果价格差不多，可能倾向光栅，原价觉得还是有点贵了，毕竟不是Apple商店内的合作商,2,2,3,2,二线,偏高,"准备结婚期,育婴期,已育,装修期",湖北省,武汉市
341,286083,726476,1024659,3C数码,88906370,1,1,1,1,1,1,1,1,1,1,1,,1,1,1,1,1,1,1,1,1,5,1,1,,,,,,,,1,,,,,1,4,,1,1,,,1,1,,,,1,,,1,,,1,,1,1,,,,,2,,,1,,,4,,3,5,,,,5,2,1,2,2,,,,,1,1,1,,,,1,2,1,3,2,3,2,2,2,,,主要就是为了保护磕碰。笔槽其实我无所谓。外观要高级，拿出去不至于尴尬。,1,2,2,2,2,2,3,2,2,2,,,觉得这是必须的,1,光面感觉更高级一点。,2,1,3,2,二线,低,未知,江苏省,苏州市
342,286083,726476,1024659,3C数码,88906373,,,,,,1,1,1,1,,,,,,,,,,,,1,5,1,1,,,,,,,,1,,,,,1,4,,,,,1,,,,,,1,1,1,1,1,1,1,1,1,,,1,,,6,2,3,1,10,5,7,4,9,,,8,,5,2,1,2,1,1,1,1,,1,1,,,,,1,1,1,1,1,6,1,2,2,,,防护性能加强，配色更美观，使用感更好。,1,1,1,1,1,1,6,1,1,2,,,磨砂背面有质感防指纹，更美观。,2,喜欢磨砂背面，防指纹。,1,1,2,1,四线,低,"已婚,育婴期,已育,装修期,已有房,已有车",宁夏回族自治区,银川市
343,286083,726476,1024659,3C数码,88906399,1,1,,,,1,,1,,,,,1,1,1,,1,1,,,1,5,1,1,,,,,,,,1,,,,,1,5,1,1,1,,1,,,,,,1,1,1,1,1,,,,1,1,1,,,,1,4,8,5,6,,,,2,7,3,,,6,2,1,2,1,1,1,1,,1,1,,,,,1,2,1,2,2,4,2,2,3,,,额外增加的设计和功能挺吸引我的，但不至于让我多花太多的钱购买,1,2,2,1,1,2,3,2,3,,,,光栅背板确实更特别，也不会粘指纹，但并没有什么特别的功效，可以多付钱但不能加价太多。,1,升级款更实用，功能也更全面，比起光栅背板的版本，这款的性价比更高,2,1,3,6,三线,中等,"准备结婚期,育婴期,装修期,已有车",福建省,厦门市
344,286083,726476,1024659,3C数码,88906414,1,1,,,,,,1,1,1,1,,1,1,1,1,1,1,1,1,1,5,1,1,,,,,,,,1,,,,,1,4,,,,,,1,,,,,1,1,1,1,,,,1,1,,,1,,,1,2,7,5,,,,3,4,,,6,,5,2,1,2,3,1,1,,,,,,,,,1,2,3,2,1,5,2,2,3,,,毕竟只是图片，不知道耐用性如何,1,4,3,3,3,3,2,3,,,2,,光栅背板没感觉有啥用,1,更喜欢光面款,2,1,5,4,六线,低,"已婚,已有车",广东省,云浮市
345,286083,726476,1024659,3C数码,88906432,1,1,1,1,1,1,1,1,1,1,1,,1,1,1,1,1,1,,1,1,5,1,1,,,,,,,,1,,,,,1,4,,,1,,,,,,,,1,1,,1,,1,1,1,,,,1,,,2,1,,4,,6,7,3,,,,5,,5,2,1,2,2,1,1,,,,1,,,,,1,2,1,4,2,3,2,2,2,,,我喜欢就好,1,2,3,1,1,2,1,3,,,3,2,不喜欢这种设计,1,喜欢光面的手感,2,1,3,3,二线,低,未知,湖南省,长沙市
346,286083,726476,1024659,3C数码,88906449,1,1,1,1,1,1,1,1,1,1,1,,1,1,1,1,1,1,1,1,1,5,1,1,,,,,,,,1,,,,,1,4,1,1,1,1,1,1,1,,,,1,1,1,1,1,1,1,1,1,1,1,1,,,7,3,6,1,5,9,4,11,10,12,8,2,,5,1,1,1,2,1,1,1,1,1,1,1,,,,1,1,2,1,2,4,1,2,1,,,非常喜欢非常好,1,1,2,1,2,1,4,1,2,1,,,非常喜欢非常好,3,非常喜欢非常好,1,1,4,2,一线,中等,"已婚,育婴期,已育,已有房,已有车",上海,上海市
347,286083,726476,1024659,3C数码,88906451,1,1,1,1,1,1,1,1,1,,1,,1,1,,1,1,,1,,1,3,1,1,,,,,,,,1,,,,,1,4,,,,1,,,,,,,1,1,1,,,1,1,,1,,,1,,,2,1,5,,,4,7,,6,,,3,,4,2,1,1,1,1,,,1,1,1,,,,,1,1,1,1,1,5,1,2,2,,,整体的升级增加了四个角的一个防撞性啊，掉地板可以给平板起到一个更好的保护性和那个安全性的话，这个原因都为他付出一二十块钱是可以的，然后就是说可以出现联名IP款的话，就更愿意为他多付点价格。,1,1,1,1,1,1,6,1,1,2,,,升级成关山背板还不容易脏，这样子我们就不用很一段时间就要固定换一次这个平板的这个。保护壳，嗯，这个时候愿意为他多付点价格是没有问题的。,2,光珊版更全面比光面板的话功能啊，还有它的这个保护性，还有它这个嗯这个它的这个使用程度上面会更升级好，还有这个细节上面。更突出，不容易脏，环保性更强，这时候会因为他多付点价格。,2,2,4,3,二线,低,未知,福建省,泉州市
349,286083,726476,1024659,3C数码,88906470,1,1,1,1,1,1,1,1,1,1,1,,1,1,1,1,1,1,1,1,1,5,1,1,,,,,,,,1,,,,,1,4,,,,,,1,,,,,1,1,1,,,,,1,1,,,1,,,3,1,6,,,,,5,4,,,2,,5,1,1,2,2,1,1,,1,,1,,,,,1,2,1,2,2,5,2,2,4,,,价格可能比预期的稍微高了一点点,1,2,2,2,1,2,3,2,4,,,,价格比预期的稍微高了一点点,2, 有层次感 比较简洁 不沾指纹,2,1,3,6,二线,偏低,未知,江苏省,南通市
350,286083,726476,1024659,3C数码,88906473,1,1,1,1,1,,1,1,,,,,,,,,,,,,1,6,1,1,,,,,,,,1,,,,,1,4,,,1,,,1,,,,,1,1,,1,1,,,1,,,1,1,,,1,2,,4,5,,,3,,,7,6,,6,1,1,2,2,1,1,,1,1,,,,,,1,2,1,3,2,5,2,3,,,,没有太突出的特点，市面上类似的选择很多,1,2,2,1,1,2,5,2,2,4,,,材质和功能方面基本满足，但外观设计和配色不太喜欢,2,磨砂设计在手感上要好很多，而且更加耐脏和远离指纹,1,2,3,2,二线,偏低,"单身,已有房,已有车",广东省,东莞市
351,286083,726476,1024659,3C数码,88906485,,1,,,,,1,,,1,1,,1,1,1,,1,1,,,1,3,1,1,,,,,,,,1,,,,,1,4,,,1,,1,,,,,,1,1,1,1,,1,1,1,,,1,,,,1,2,6,4,,7,8,3,,,5,,,3,2,1,2,2,1,1,1,,,1,,,,,1,2,2,3,2,4,2,3,,,,安全，防护好，使用方便,1,2,2,2,3,3,4,3,,,2,,使用方便,2,看起来更喜欢,2,1,3,2,二线,中等,"已婚,育婴期,已有房,已有车",浙江省,宁波市
352,286083,726476,1024659,3C数码,88906496,,,1,1,1,1,,1,1,1,1,,,1,,1,,,,1,1,5,1,1,,,,,,,,1,,,,,1,4,,1,,1,,1,,,,,1,1,,,1,1,,1,1,1,,,,,6,5,,,2,7,,3,1,4,,,,5,1,1,1,1,1,1,1,1,1,1,1,,,,1,1,1,1,1,4,1,1,1,,,愿意，因为我觉得它外观好看，还有笔槽非常方便，颜色很亮眼比较保护眼睛我挺喜欢的，日常对平板也好,1,1,1,1,1,1,4,1,1,1,,,挺好的我觉得背板非常方便，防护也到位我愿意购买我觉得非常方便,3,价格合适日常使用方便我觉得挺好的，我会购买我喜欢这个品牌,1,1,3,2,三线,偏低,未知,河北省,石家庄市
353,286083,726476,1024659,3C数码,88906497,,,1,,1,1,1,1,,1,,1,1,,,,,,1,1,1,5,1,1,,,,,,,,1,,,,,1,4,1,1,,,,1,1,,,,1,1,,,1,1,1,1,,1,,,,,7,1,,,5,6,4,2,,3,,,,5,1,1,1,1,1,1,1,1,1,1,1,,,,1,1,1,1,1,4,1,1,1,,,有笔槽非常方便，颜色清新，比较护眼，看起来很耐用质量不错防护的比较到位,1,1,1,1,1,1,4,2,1,1,,,质感看起来很好，我觉得挺不错的升级款更耐看了，非常适合我，价格也合适日常使用高,3,我喜欢这个，品牌不错升级款耐看颜色好看,1,1,3,2,三线,偏低,未知,河北省,石家庄市
354,286083,726476,1024659,3C数码,88906503,1,1,1,,1,1,1,1,,1,1,,1,1,1,1,1,1,,,1,5,1,1,,,,,,,,1,,,,,1,4,,1,,,1,1,,,,,1,1,1,,1,1,,1,1,1,1,1,,,1,7,6,,2,5,,8,10,4,9,3,,4,1,1,1,2,1,1,1,1,1,1,1,,,,1,1,1,1,1,5,1,1,2,,,笔槽方便取，外观简洁，配色高级,1,1,2,1,1,2,2,1,2,2,,,防指纹效果好就愿意多付钱,2,防指纹效果更强,1,1,3,3,六线,偏低,未知,广东省,梅州市
355,286083,726476,1024659,3C数码,88906504,1,1,1,1,1,1,1,1,1,1,1,,1,1,1,1,1,1,1,,1,5,1,1,,,,,,,,1,,,,,1,5,,,1,,,,,,,,1,1,,1,,,,1,1,1,1,,,,1,5,,7,,,,6,2,3,4,,,5,2,1,1,1,1,1,1,1,,1,1,,,,1,1,1,3,2,4,1,2,2,,,防护性和日常体验是我比较看重的，这个比较加分，另外几个对我的选择影响没那么重要，我需要最基础的这些功能就好，这几个升级对我吸引没那么大。,1,1,2,2,1,2,4,2,2,3,,,外观上虽然比较好看，但是不是我最重要的选择，同样，质感，是否耐看，是否特别也对我影响不太大，主要考虑性价比高的。,3,两者的防护功能差不多，就是外观、材质和价格上稍微有点差别，总体上看起来对我得影响都差不多，没有特殊偏好。,2,1,3,2,三线,偏低,"已婚,已育,已有车",广东省,汕头市
356,286083,726476,1024659,3C数码,88906527,1,1,1,1,1,1,1,1,1,1,1,,1,1,1,1,1,1,1,1,2,4,1,1,,,,,,,,1,,,,,1,4,1,,,,,,,,,,1,1,,1,1,1,,1,1,,1,1,,,1,7,,4,9,5,,6,3,,8,2,,5,2,1,1,1,1,1,,,1,1,,,,,1,1,1,4,2,5,1,2,2,,,四面全包气囊防摔保护这一个点很喜欢，配色外观简洁大方，感觉日常使用应该很方便。但是本人对笔槽便利性方面没有过多的要求。,1,2,1,1,1,2,4,2,2,3,,,防指纹这一点挺喜欢的，不像光面那样容易沾染指纹，没用多久就会显脏显旧。比光面贵十几块钱左右会考虑这个，但是贵太多就觉得没必要了。,2,最重要的是能起到气囊全面保护作用的，外观简洁大方，材质耐用。在这些基础上，更喜欢能防指纹沾染的光栅款，如果价格贵太多的话，升级光面款也可以考虑。,2,1,4,4,五线,偏低,"已婚,育婴期,已有房,已有车",广西壮族自治区,桂林市
357,286083,726476,1024659,3C数码,88906528,1,1,1,1,,1,1,1,1,1,1,,1,1,1,1,1,1,,1,1,5,1,1,,,,,,,,1,,,,,1,5,,,,,1,1,1,,,,1,1,,1,1,1,1,1,1,,,1,,,1,3,,6,4,7,8,5,2,,,9,,5,1,1,2,2,,1,1,,1,,1,,,,1,2,1,1,1,3,2,2,3,,,配色有点单一了，可以更个性化一点。透明的防护功能有点担心。,1,2,1,1,1,1,5,1,1,2,,,防指纹使用效果更好，愿意多付钱购买使用。,3,主要看整体，外观设计感和价格综合考虑吧。,2,1,3,6,三线,中等,未知,江西省,南昌市
358,286083,726476,1024659,3C数码,88906563,1,1,1,1,1,1,1,1,1,1,1,,1,1,1,1,1,1,,1,1,2,1,1,,,,,,,,1,,,,,1,4,,1,,,1,,1,,,,,1,1,,,1,1,,,1,1,1,,,,2,3,,,4,6,,,5,1,7,,2,2,1,2,2,1,1,,,1,,,,,,1,2,3,2,2,3,3,,,2,,感觉可有可无，用处不大,1,4,4,3,2,4,1,4,,,4,2,我觉得很丑,1,我觉得光栅很丑,2,1,3,2,一线,偏低,"准备结婚期,育婴期,已育",广东省,深圳市
359,286083,726476,1024659,3C数码,88906565,1,1,,1,,1,1,1,1,1,1,,1,1,,1,,1,,,1,5,1,1,,,,,,,,1,,,,,1,5,,1,,1,,1,,,,,1,1,1,1,,,,1,1,1,1,,,,1,5,7,6,,,,3,4,8,2,,,5,2,1,1,1,1,1,,1,,1,1,,,,1,1,1,1,2,6,1,1,1,,,因为升级版的防护效果更好，能够更好的保护平板，而且日常我用到笔的频率还是蛮高的，所以这样升级以后拿取笔更加方便，也不会担心没地放笔导致笔丢了。此外，配色多，这样可以选择的颜色就多，就可以买到自己喜欢的颜色了。,1,1,1,1,1,1,6,1,1,1,,,因为再次升级的版本设计很不错很好看，背面的材质换成了更有质感的材质，看上去就很有质感。而且背面能够减少指纹得留存，为日常使用提供了便利。整理的设计也很特别很耐看，值得加钱购入。,2,因为光栅版具有升级光面板所有的优点，价格上应该也不会有太大差别，肯定光栅版的更好了。而且光栅版的外观更加简洁大方，材质是微磨砂膏的材质更有质感，功能也更全，防护效果也更好，此外也很符合我的日常使用习惯，肯定更值得选择。,1,1,3,6,二线,偏低,"准备结婚期,育婴期",河南省,郑州市
360,286083,726476,1024659,3C数码,88906589,1,1,1,,1,1,,1,,1,1,,1,1,1,1,1,1,1,,1,7,2,1,,,,,1,,1,,,,,,1,5,,,1,,,,,,,,1,1,1,1,,1,,1,1,1,1,1,,,1,3,7,4,,6,,8,9,10,2,5,,7,2,1,1,1,1,1,1,1,1,,1,,,,1,1,1,1,1,6,1,1,1,,,功能都提升了，多功能的，颜色还好看，看着有质感,1,3,3,2,2,3,7,2,2,2,,,看着还是挺漂亮的,1,简单优雅大方,2,1,3,2,三线,偏低,"单身,育婴期",广东省,惠州市
361,286083,726476,1024659,3C数码,88906613,1,1,,,1,1,,1,1,1,1,,1,1,1,1,1,1,1,1,1,2,1,1,,,,,,,1,,,,,,1,5,,,,1,,,1,,,,1,1,,,,1,,,,,,,,,2,3,,,,1,,,,,,,,4,2,1,2,2,,1,1,,,1,,,,,1,1,1,1,1,5,2,3,,,,都是切实需要的功能，防摔、拿笔方便，还有最重要的颜值,1,4,4,2,3,4,7,5,,,5,5,不喜欢光栅设计，觉得不好看，不如光面高级,1,各方面功能都考虑到了，拿笔方便、防摔气囊，最重要的光面颜值更佳,1,1,4,6,三线,偏低,"已婚,育婴期,已育,装修期",安徽省,芜湖市
362,286083,726476,1024659,3C数码,88906620,1,1,1,1,1,1,1,1,1,1,1,,1,1,1,1,1,1,1,1,1,3,1,1,,,,,,,,1,,,,,1,4,,1,,,,,,,,,1,1,,1,,1,,1,,1,1,1,,,2,7,,3,,4,,8,,1,6,5,,2,2,1,2,3,1,,1,,,,,,,,1,2,2,3,2,2,3,,,2,,不是必要条件，不愿意为非实用性的升级买单,1,2,3,2,3,3,3,3,,,2,,磨砂质感可能比较防滑,3,光面款更干净，光栅款更实用,2,1,2,2,五线,高,"已婚,已育",内蒙古自治区,赤峰市
363,286083,726476,1024659,3C数码,88906676,1,1,1,1,,,1,1,,1,1,,1,1,1,,,1,,,1,5,1,1,,,,,,,,1,,,,,1,4,,,,1,1,1,,,,,1,1,1,1,,,,1,,1,1,,,,4,6,7,2,,,,1,,3,5,,,5,2,1,2,1,,1,1,,,1,,,,,1,2,1,2,2,4,2,3,,,,感觉有点贵,1,1,2,1,1,2,6,2,2,3,,,感觉有点贵了,2,不易粘上指纹,1,1,4,2,二线,中等,准备结婚期,江苏省,苏州市
364,286083,726476,1024659,3C数码,88906696,1,1,1,,,,1,1,,,,,,,,,,,,,1,5,1,1,,,,,,,,1,,,,,1,4,,,1,1,1,,,,,,1,1,1,1,1,1,,,,,,1,,,3,1,5,4,7,6,,,,,,2,,4,2,1,1,1,1,1,1,,1,1,1,,,,1,1,1,1,1,5,1,1,4,,,笔槽拿取便利，防护性强，配色美观，好搭配，日常使用起来舒适便捷,1,1,1,1,1,1,7,1,1,4,,,外观美观，防指纹，颜色耐看，好搭配，性价比高,3,都在原有平板保护基础上升级了四角防护，笔槽拿取方便，配色，美观,1,1,3,2,六线,低,"已婚,已育,已有车",广西壮族自治区,来宾市
365,286083,726476,1024659,3C数码,88906769,1,1,1,1,1,1,1,1,1,1,,,,,,,,,,,1,5,1,1,,,,,,,,1,,,,,1,4,,1,,,,,,,,,1,1,1,1,1,1,1,1,,,,1,,,6,8,4,2,1,3,5,7,,,,9,,5,1,1,1,1,1,1,,1,1,1,,,,,1,1,1,1,1,5,1,1,1,,,使用感好,1,1,1,1,1,1,6,1,1,1,,,折叠使用方便,1,使用方便,1,1,3,2,三线,偏高,未知,广东省,惠州市
366,286083,726476,1024659,3C数码,88906778,1,1,1,,,1,,1,,1,1,,1,1,,1,,,,,2,2,1,1,,,,,,,,1,,,,,1,4,,1,1,,,,,,,,1,1,,,1,,,,1,1,,1,,,1,5,,,3,,,,2,4,,6,,3,1,1,2,2,1,1,,,1,1,,,,,1,2,1,3,2,4,1,3,,,,颜色相对来说比较好看，但是价格太高了性价比不高，因为卖的人多有很多选择性价比比较好,1,1,1,1,1,2,3,2,3,,,,标价129之间已经差不多了，背感设计的很好拿起来有手感 可以防滑设计,2,背感有防滑设计 颜色相对来说比较好看,1,2,3,6,三线,偏低,"已婚,已有车",广东省,惠州市
367,286083,726476,1024659,3C数码,88906798,,,1,1,,,,1,,1,1,,,,,,,,,,1,3,1,1,,,,,,1,,,,,,,1,4,,1,,,,,,,,,,,,,,,1,,,,,1,,,,,,,,,2,,,,,1,,3,2,1,2,2,1,,,,,1,,,,,1,1,1,1,1,3,1,4,,,,笔槽很便利，配色很重要,1,2,2,2,1,1,2,2,5,,,,性价比太低了,1,选性价比比较高的吧,1,1,4,4,三线,低,"已婚,育婴期,已育,已有房,已有车",山东省,威海市
368,286083,726476,1024659,3C数码,88906802,1,1,1,1,1,1,1,1,1,1,1,,1,1,1,1,1,1,1,1,1,7,1,1,,,,,,,,1,,,,,1,4,,,,1,,,,,,,1,1,1,1,1,1,1,1,1,,1,1,,,5,1,8,9,6,10,11,3,7,,2,4,,7,1,1,1,1,1,1,1,,1,1,1,,,,1,1,1,1,1,6,1,1,1,,,这个产品的设计与功能打动了我吸引了我,1,1,1,1,1,1,7,1,1,1,,,这个产品的实用性打动了我吸引了我,1,这个产品的实用性设计打动了我吸引了我,1,1,3,2,三线,低,"已婚,已育,已有房,已有车,孝敬期",山西省,太原市
369,286083,726476,1024659,3C数码,88906832,,1,1,,1,,,1,1,1,1,,1,1,1,1,1,1,1,,1,4,1,1,,,,,,,,1,,,,,1,4,,,,1,,,,,,,1,1,,1,,,1,1,1,1,1,,,,1,2,,5,,,8,3,6,7,4,,,4,1,1,1,2,1,1,,,,1,,,,,1,2,2,3,3,2,1,2,4,,,如果是日常比较关注的，就会愿意多付点钱。如果觉得对我的使用没有任何影响的就不愿意。,1,4,4,3,3,4,1,3,,,2,,感觉没有什么必要。,1,性价比更高，基本上能够满足我的需求。,2,1,4,2,一线,偏低,"已婚,育婴期,已育,已有房,已有车",广东省,广州市
370,286083,726476,1024659,3C数码,88906838,,1,,,,,1,1,,1,,,,,,,1,,,1,1,5,1,1,,,,,,,,1,,,,,1,4,,,1,1,1,,,,,,1,1,1,1,1,1,1,1,1,1,1,1,,,4,1,6,3,2,10,9,5,11,8,12,7,,5,1,1,1,1,1,1,,,,1,1,,,,1,1,1,1,1,5,1,1,1,,,四角有防护气囊，可以旋转放置手机电脑颜色比较简约，看着质感也比较好,1,1,1,1,1,1,5,1,1,1,,,光栅背板防指纹、不打滑，质感比较好，而且颜色配色非常好看,3,两款都是差不多的形状，都可以旋转立放，而且都不留指纹，四角都有防护气囊、防撞,1,1,4,2,二线,偏高,已婚,安徽省,合肥市
371,286083,726476,1024659,3C数码,88906861,,,,1,,1,1,1,,1,1,,1,1,1,1,1,1,,1,1,5,1,1,,,,,,,,1,,,,,1,4,,1,,,1,,1,,,,1,1,,1,,1,1,,1,1,,1,,,1,4,,7,,6,5,,3,2,,8,,3,2,1,2,3,,,1,,1,1,,,,,1,3,2,3,4,2,4,,,4,3,感觉这个配色很土 不时尚 外观看起来很冗杂 不简约,1,3,5,2,2,4,7,4,,,4,4,感觉整个设计、外观很土 不时尚,1,比较时尚简约 而且性能也足够日常使用,1,1,3,4,一线,偏高,"准备结婚期,育婴期,已育",广东省,广州市
372,286083,726476,1024659,3C数码,88906871,,,1,1,,1,1,1,,,1,,,,,,1,1,1,1,1,5,2,1,,,,,,,,1,,,,,1,4,,1,,1,,1,,,,,1,1,,1,,1,1,,1,,,1,,,1,5,,2,,6,7,,4,,,3,,4,1,1,1,2,,,,,1,1,,,,,1,1,2,3,2,3,2,3,,,,便利 配色多 防护性较好,1,2,2,3,2,2,3,2,3,,,,防指纹 比较耐用,3,价格 材质 防护,2,2,2,1,四线,偏高,"已婚,已育,已有房,已有车",江苏省,宿迁市
373,286083,726476,1024659,3C数码,88906878,1,1,1,1,1,1,1,1,1,1,1,,1,1,1,1,1,1,,1,1,6,2,1,,,,,,,,1,,,,,1,4,,,,1,,,,,,,1,1,1,1,1,1,,1,1,1,1,,,,1,10,4,6,3,8,,5,9,2,7,,,5,2,1,1,1,1,1,,1,,,1,,,,1,1,2,1,1,4,2,3,,,,喜欢更好看的外观,1,2,1,2,1,2,4,2,4,,,,不值得更多的,2,更好看,2,1,4,2,二线,高,"已婚,育婴期,已育,已有房",辽宁省,大连市
374,286083,726476,1024659,3C数码,88906879,1,1,1,1,1,1,1,1,1,1,1,,1,1,1,1,1,1,1,1,1,5,1,1,,,,,,,,1,,,,,1,4,,1,1,,,1,,,,,1,1,1,1,1,1,,1,1,,1,1,,,1,6,8,5,7,10,,9,4,,2,3,,5,1,1,1,1,1,1,1,1,1,1,1,,,,1,1,1,1,1,5,1,1,2,,,性能更好了更值得,1,1,1,1,1,1,5,1,2,2,,,性能更好了,2,更不容易有指纹,1,1,4,2,二线,中等,"已婚,育婴期,已育,已有房,已有车",江苏省,南通市
375,286083,726476,1024659,3C数码,88907189,1,1,1,1,1,1,1,1,1,1,1,,,1,1,1,1,1,1,1,1,6,1,1,,,,,,,,1,,,,,1,4,,,,1,,1,,,,,1,1,,1,,1,,1,1,,,,,,5,2,,3,,6,,1,4,,,,,6,2,1,2,2,1,1,1,,,,1,,,,1,1,1,1,1,5,2,2,2,,,外观好,1,2,2,2,2,2,4,2,2,3,,,贵了,1,新款,1,1,4,2,一线,低,未知,上海,上海市
376,286083,726476,1024659,3C数码,88907240,,1,1,1,1,,,1,,1,1,,1,1,1,1,1,,,,2,3,1,1,,,,,,,,1,,,,,1,4,,1,,,,,,,,,,1,1,1,,1,1,,,,1,1,,,,5,3,2,,4,6,,,,7,1,,4,1,1,1,2,1,1,1,,,,,,,,1,1,2,2,1,4,1,2,2,,,便携，功能性多样，,1,2,1,2,1,1,6,1,2,2,,,功能性很吸引购买意愿,3,材质，设计功能性多样，比较喜欢,1,1,4,3,六线,中等,"已婚,育婴期,已育,已有车",安徽省,阜阳市
377,286083,726476,1024659,3C数码,88907243,1,1,1,1,1,1,1,1,1,1,1,,1,1,1,1,1,1,,1,1,2,1,1,,,,,,,,1,,,,1,,4,,1,,,1,,1,,,,1,,1,,1,,,,1,,,,,,1,,2,,4,,,,3,,,,,4,1,1,1,1,1,1,1,1,1,1,1,,,,1,1,1,1,2,6,1,1,2,,,防护好 更方便,1,1,1,1,1,1,6,1,1,1,,,外观设计好,1,更好看,1,1,3,6,五线,中等,已婚,湖北省,随州市
378,286083,726476,1024659,3C数码,88907245,1,1,1,1,1,,,1,1,1,1,,1,1,1,1,1,1,,1,1,2,2,1,,,,,,,,1,,,,1,,4,,1,,,,,,,,,1,,,,,,,1,,1,1,1,,,1,,,,,,,5,,4,3,2,,3,2,1,2,2,1,,,,,,,,,,1,2,3,2,2,2,3,,,2,,不需要笔槽,1,2,3,2,1,2,3,2,2,3,,,可防指纹,2,防指纹,2,1,6,2,三线,偏低,未知,山东省,潍坊市
379,286083,726476,1024659,3C数码,88907263,1,1,1,1,1,1,1,1,1,1,1,,1,1,1,1,1,1,1,1,1,3,1,1,,,,,,,,1,,,,,1,4,,1,,,,,1,,,,,1,1,,,,,1,,,,1,,,,3,4,,,,,1,,,,2,,3,1,1,1,1,1,1,1,1,1,1,1,,,,1,1,1,1,2,4,1,2,2,,,可能价格有点贵,1,1,1,1,1,1,4,1,1,2,,,价格超出预期,1,功能好，触感更好,2,1,4,2,二线,偏低,"已婚,已有房,已有车",浙江省,杭州市
380,286083,726476,1024659,3C数码,88907264,1,1,1,1,1,1,1,1,1,1,1,,1,1,1,1,1,1,1,1,1,3,1,1,,,,,,,,1,,,,,1,4,,1,,,,,1,,,,,,1,,1,,1,,,,1,,,,,,3,,2,,4,,,,1,,,3,1,1,1,1,1,1,1,1,1,1,1,,,,1,1,1,1,2,4,1,2,2,,,价格贵了点,1,1,1,1,1,1,5,1,1,2,,,价格超过预期,1,触感好,2,1,4,2,二线,低,未知,浙江省,杭州市
381,286083,726476,1024659,3C数码,88907270,,,,1,1,,,1,,1,,,,,,,1,,1,1,2,7,1,1,,,,,,,,1,,,1,,,5,,,,,1,,,,,,1,1,1,,,,,1,,1,1,,,,5,1,3,,,,,4,,6,2,,,7,1,1,2,1,1,1,,,1,1,,,,,1,2,1,1,1,6,1,1,2,,,希望有其他颜色可供选择,1,2,3,1,1,3,4,1,2,2,,,不太喜欢这种设计，感觉容易卡灰,1,光面看起来更亮，摸起来更舒服,1,1,3,2,三线,低,未知,江苏省,盐城市
382,286083,726476,1024659,3C数码,88907275,1,1,1,1,1,1,1,1,,,,,1,1,1,1,1,,,1,1,6,1,1,,,,,,,,1,,,,,1,4,1,1,,1,,,1,,,,1,1,1,1,1,1,1,1,1,1,1,1,,,6,4,9,2,1,5,10,8,7,11,3,12,,6,1,1,2,2,1,1,1,1,,1,,,,,1,2,1,1,2,5,2,2,2,,,功能更完善颜色更丰富体验更好,1,1,1,1,1,2,5,2,2,4,,,价格太贵性价比低,2,有我需要的功能保护更好体验更好,2,1,4,2,二线,偏低,"准备结婚期,育婴期,已育,已有车",湖北省,武汉市
383,286083,726476,1024659,3C数码,88907276,1,1,,,,,,1,,,1,,1,1,1,1,1,1,1,1,2,3,1,1,,,,,,,,1,,,,,1,4,,1,,,,,,,,,,1,,,,1,,,,,,1,,,,2,,,,1,,,,,,3,,3,2,1,2,2,1,1,,,,,,,,,1,2,1,3,3,3,2,4,,,,价格太高,1,2,3,2,3,3,1,4,,,3,2,不喜欢这种背板,1,喜欢光面的,2,1,3,2,二线,偏低,"已婚,已育",浙江省,杭州市
384,286083,726476,1024659,3C数码,88907292,1,1,1,1,1,,1,1,,1,1,,,,,,1,,,,1,5,1,1,,,,,,,,1,,,,,1,5,,,1,1,1,,,,,,1,1,1,,,1,,1,1,,1,1,,,1,7,5,,,4,,3,8,,6,2,,6,1,1,1,1,1,1,1,1,1,1,1,,,,1,1,1,1,1,6,1,1,1,,,颜值更好了，取笔很方便，很适合看剧工作使用，防护效果也很好,1,1,1,2,1,2,5,1,2,2,,,颜色搭配好看1不沾指纹，很耐看，选择性也很多,2,两款差不太多，但是，不沾指纹会更好,1,1,3,4,四线,中等,未知,江苏省,连云港市
385,286083,726476,1024659,3C数码,88907327,1,1,1,,,1,,1,,,1,,,,,,,,,,1,4,1,1,,,,,,,,1,,,,,1,4,,,,1,,,,,,,1,1,,,,1,,,1,,,1,,,2,4,,,,1,,,5,,,3,,5,1,1,1,1,1,,,1,1,1,,,,,1,1,1,2,1,2,1,1,2,,,外观好看，功能强大,1,1,1,1,1,1,2,1,1,2,,,外观设计漂亮，材质好，功能强大,1,更漂亮，好用。,1,1,4,2,二线,低,未知,湖南省,长沙市
386,286083,726476,1024659,3C数码,88907346,1,1,1,1,1,1,1,1,1,1,1,,1,1,1,1,1,1,,,1,5,1,1,,,,,,,,1,,,,,1,4,,1,1,,1,,,,,,1,1,,,1,,,1,,,1,,,,1,3,,,5,,,2,,,4,,,5,1,1,1,1,1,1,1,,,1,1,,,,1,1,1,1,1,6,1,1,1,,,愿意为更好的功能花钱,1,1,1,1,1,1,6,1,1,1,,,感觉这个功能值得,3,方便携带，保护性好、颜值高,1,1,3,2,四线,中等,准备结婚期,海南省,海口市
387,286083,726476,1024659,3C数码,88907351,1,1,1,1,,1,1,1,1,1,1,,1,1,1,1,1,1,,,2,7,1,1,,,,,,,,1,,,,,1,4,,,,,,1,,,,,1,1,,,,,1,,1,,,1,,,1,3,,,,,5,,4,,,2,,7,2,1,2,2,,1,1,,,1,,,,,1,2,3,2,2,6,2,2,2,,,功能更丰富，防护性更好，色差选择更多,1,2,2,2,2,2,6,2,2,2,,,质感更好，更喜欢磨砂防指纹外壳,2,个人更喜欢磨砂外壳,2,2,5,2,二线,偏低,"已婚,装修期",辽宁省,沈阳市
388,286083,726476,1024659,3C数码,88907354,,1,1,1,1,1,,1,,,1,,1,,,1,,1,,,1,5,1,1,,,,,1,,,,,,,,1,5,,,,,,1,,,,,1,1,,,,,,,1,,1,1,,,4,5,,,,,,,2,,3,1,,5,1,1,2,2,1,,,1,,,1,,,,1,2,1,2,1,6,2,2,2,,,颜值高，功能完备，特别好,1,2,2,2,1,1,6,2,2,2,,,质感好，外观颜值高,2,视觉好，材质安全，防指纹效果好,2,1,3,2,五线,中等,"已婚,育婴期,装修期,已有车",河南省,开封市
389,286083,726476,1024659,3C数码,88907369,,1,,,1,,1,1,,,,,1,1,1,,1,1,,,1,5,1,1,,,,,,,,1,,,,,1,4,1,,1,,,1,,,,,1,1,,1,1,,,,,,,1,,,1,2,,4,5,,,,,,,3,,5,2,1,2,2,1,1,,,1,,,,,,1,2,2,2,1,5,2,2,2,,,日常使用场景不同，需要不同的侧重点,1,2,3,2,2,2,5,2,2,2,,,看起来不错试一试,1,外观上更符合审美,1,1,3,4,二线,中等,"恋爱期,育婴期,装修期,已有车",四川省,成都市
390,286083,726476,1024659,3C数码,88907374,1,1,1,1,1,1,1,1,1,1,1,,1,1,1,1,1,1,1,1,1,5,1,1,,,,,,,,1,,,,,1,4,,1,1,,1,,,,,,1,1,1,1,1,,,1,,,1,,,,1,3,5,7,4,,,6,,,2,,,5,1,1,2,2,1,1,,,1,1,,,,,1,1,1,3,2,5,1,2,4,,,保护套会经常换，要买就要买性价比高的，用久了会发黄发臭的，这些都是锦上添花的功能，基础功能便宜一些也能用,1,2,2,2,1,2,5,1,2,3,,,不是必须的作用，锦上添花的功能，保护套需要经常换，性价比高很重要,2,在基础功能都齐全的基础上，高端大气上档次的设计比较有趣，磨砂质感比较喜欢，性价比高一点更好,2,1,3,2,二线,低,"已婚,装修期",江苏省,南京市
391,286083,726476,1024659,3C数码,88907394,1,1,1,1,,1,,1,1,,1,,,1,1,,1,1,1,1,1,6,1,1,,,,,,,,1,,,,,1,4,,1,,,1,,,,,,1,1,1,,1,1,1,,1,1,,,,,8,7,2,,1,3,6,,5,4,,,,5,2,1,1,2,,1,1,1,1,1,1,,,,1,2,1,2,1,5,1,2,2,,,价格合适，日常生活适合，可拆分磁吸,1,1,2,1,1,2,3,2,2,2,,,不沾指纹，外观紫色好看的,2,价格合适磁吸比较适合我,2,1,3,4,三线,低,未知,福建省,厦门市
392,286083,726476,1024659,3C数码,88907395,,,1,1,1,1,,1,1,,,,,,,,,,,,1,5,1,1,,,,,,,,1,,,,,1,4,,,1,1,1,,,,,,1,,1,,,1,1,,,1,1,1,,,3,,2,,,6,5,,,1,7,4,,5,1,1,1,1,1,1,,1,1,,,,,,1,2,2,2,2,2,1,4,,,,119作为一款保护壳，已经是我能接受的价格了，139就太贵了，无论是性能方面，就不值太高价格。,1,2,2,2,2,2,4,2,3,,,,功能升级了肯定愿意多付费,2,产品设计更符合我的审美，功能也很强大，能更好的起到保护屏保的屏幕作用，,1,1,3,2,二线,低,"已婚,已育,已有车",福建省,福州市
393,286083,726476,1024659,3C数码,88907400,1,1,1,1,,1,1,1,1,,1,,,1,1,,1,1,,1,1,3,1,1,,,,,,,,1,,,,,1,4,,,1,,,,,,,,1,,1,1,1,1,1,1,,1,,1,,,1,,2,5,3,6,9,4,,7,,8,,3,1,1,1,2,1,1,,1,1,,1,,,,1,1,1,2,1,1,2,4,,,,没有更多的功效性，这个价格有点虚高,1,2,3,2,1,2,3,4,,,3,2,必须期贵了10元，在可以接受的范围。只要颜色清爽好看,1,更加简洁明了，颜色清爽干净。比较好看高级,1,1,3,2,二线,低,"已婚,育婴期",浙江省,杭州市
394,286083,726476,1024659,3C数码,88907404,1,1,1,1,1,1,1,1,1,1,1,,1,1,1,1,1,1,1,1,1,5,1,1,,,,,,,,1,,,,,1,4,,,,,1,,,,,,,,1,1,,,,1,,,,,,,,,1,2,,,,3,,,,,,5,2,1,2,2,1,1,,,,,,,,,1,1,1,1,1,5,1,1,2,,,愿意多付钱，但是有额度，多付太多就不行了。,1,2,2,2,1,1,5,2,2,4,,,太贵了，溢价太多。,3,个人感觉差不多，区别不明显。,2,1,3,2,五线,偏低,"已婚,育婴期,已育,装修期,已有房,已有车",广西壮族自治区,南宁市
395,286083,726476,1024659,3C数码,88907418,,1,1,,,,,1,,,,,,,,,,,,1,1,5,1,1,,,,,,,,1,,,,,1,4,,1,1,,,1,,,,,1,1,1,,,1,,1,,,1,,,,2,4,6,,,5,,3,,,1,,,5,2,1,1,1,1,1,1,1,,1,1,,,,1,1,1,1,2,6,1,1,2,,,保护性好，有笔槽方便，配色更好看更多选择,1,1,1,1,2,2,6,1,1,2,,,保护性好，同时防指纹，功能比较全面，外观配色比较好看。,2,保护性好，可以防指纹，功能比较全面，外观颜色比较好看。,1,1,4,4,三线,偏低,"单身,育婴期",河北省,石家庄市
396,286083,726476,1024659,3C数码,88907429,1,1,1,1,,1,1,1,,1,1,,1,1,1,1,,1,1,,2,4,1,1,,,,,,,,1,,,,,1,4,,,1,,,,,,,,1,1,,,1,,,1,1,,1,,,,1,2,,,5,,,3,6,,4,,,4,2,1,2,1,1,1,,1,,1,,,,,1,2,4,2,4,1,4,,,4,2,太丑了，那些配色加外显设计欣赏不来,1,4,4,2,2,4,1,4,,,4,4,更丑了，谁想出来的啊，真的没必要弄成一条一条的，还是鲜艳配色 欣赏不来，太不耐看了,1,主要是光栅太丑了，这名字也不好听啊拜托,2,1,4,2,二线,低,已婚,福建省,泉州市
397,286083,726476,1024659,3C数码,88907458,,1,1,1,1,,1,,,1,,,1,1,1,1,1,1,1,1,1,2,1,1,,,,,,,,1,,,,,1,5,,1,1,,,,,,,,1,1,,,,1,,,,,,,,,2,3,,,,1,,,,,,,,2,1,1,2,2,,1,,,,,,,,,1,1,1,1,1,3,2,3,,,,性价比不够高,1,2,3,2,2,2,2,2,4,,,,光栅设计不太吸引我,1,外观更好看些,2,1,4,2,二线,偏低,"已婚,育婴期,已育,已有房,已有车",山东省,济南市
398,286083,726476,1024659,3C数码,88907472,1,1,1,,1,,,1,,,1,,,,1,,1,1,,,1,5,1,1,,,,,,,,1,,,,,1,4,,1,1,,1,,,,,,1,1,1,1,,,1,,,,1,1,,,1,2,4,5,,,6,,,,3,7,,5,1,1,1,2,1,1,,,1,1,,,,,1,2,1,2,3,5,1,2,2,,,防护更多更便利,1,1,1,1,1,2,5,1,2,3,,,性价比,3,更喜欢软的材质,1,1,2,2,四线,偏低,单身,河北省,廊坊市
399,286083,726476,1024659,3C数码,88907498,,1,1,1,,,1,1,,,1,,,,1,1,,1,,,1,5,1,1,,,,,,,,1,,,,,1,4,,1,,1,,1,,,,,1,1,1,1,1,1,1,1,1,1,1,1,,,1,2,6,5,8,7,4,3,10,12,9,11,,5,1,1,1,1,1,1,1,1,1,1,1,,,,1,1,1,2,1,5,1,1,1,,,更更好的保护我的平板电脑，四个角有气囊，防护性更强，而且磁吸可旋转，能任意调节角度，更方便使用，能取笔槽，方便使用，颜色可选更多,1,1,1,2,1,1,3,1,1,2,,,嗯，感觉从功能上没有特别的需求，嗯，不至于是必付钱的选项，如果性价比更高一些，感觉更好,1,光面款性价比上更高，而且基本功能就已经能够满足了，效果也比较好，使用上感觉也很便利了呃，当价格要加很多的时候，就没有必要额外的功能,1,1,3,2,二线,偏低,准备结婚期,天津,天津市
400,286083,726476,1024659,3C数码,88907505,1,1,1,1,1,1,1,1,1,1,1,,1,1,1,1,,1,1,1,1,3,1,1,,,,,,,,1,,,,,1,3,,,1,,1,,,,,,1,1,,,,,,,1,1,,,,,2,3,,,,,,,4,1,,,,3,1,1,2,2,1,1,1,,,1,,,,,1,1,1,2,3,3,2,2,4,,,一体化支架设计，设备防护很到位，,1,1,1,1,1,1,4,1,2,4,,,外观更满足审美,2,防滑，散热性能优化，颜值高，不沾指纹,1,1,3,4,二线,偏高,"准备结婚期,已有车",重庆,重庆市
401,286083,726476,1024659,3C数码,88907507,1,1,1,1,1,,1,1,1,1,1,,1,1,,,1,1,1,1,1,5,1,1,,,,,,,,1,,,,,1,4,1,1,1,,,,,,,,1,1,1,1,1,1,1,1,,1,,1,,,1,2,6,7,3,10,9,5,,4,,8,,5,1,1,1,1,1,,,,,1,,,,,1,2,1,2,1,5,1,2,2,,,安全性更高,1,2,2,2,2,3,3,2,2,4,,,溢价太多了,2,不易沾指纹,2,1,3,3,三线,偏低,"已婚,育婴期",浙江省,金华市
402,286083,726476,1024659,3C数码,88907521,,,1,,1,1,1,1,1,,1,,1,,,,1,1,1,1,1,2,1,1,,,,,,,,1,,,,,1,5,,,1,,,,,,,,1,,,1,,1,,1,,1,,,,,1,,,4,,2,,3,,5,,,,2,3,1,3,2,1,1,,,,,,,,,1,3,2,3,2,2,3,,,3,3,这些材料感觉没那么贵，虽然设计还可以,1,2,2,1,2,2,3,3,,,3,3,比普通的贵了，还是希望可以优惠,2,耐脏耐摩,2,1,5,4,三线,低,未知,福建省,厦门市
403,286083,726476,1024659,3C数码,88907523,1,1,1,1,1,1,1,1,1,1,1,,1,1,1,1,1,1,1,1,1,5,1,1,,,,,,,,1,,,,,1,4,,,1,,,,,,,,1,,1,1,1,1,,,1,1,1,1,,,6,,8,7,3,4,,,9,1,2,5,,4,1,1,2,2,,1,,,1,,,,,,1,4,2,2,2,2,2,2,3,,,这几个点不应该自动升级吗？,1,3,4,3,3,3,1,4,,,4,3,不好看这个设计很奇怪,1,这个设计简洁大方，不复杂,2,1,3,2,五线,偏高,"准备结婚期,育婴期,已育",广东省,揭阳市
404,286083,726476,1024659,3C数码,88907545,,,,,,,1,,,,1,,1,1,,,1,1,,,2,5,1,1,,,,,,,,1,,,,,1,4,,,1,,,,,,,,,1,,,,1,,,,,,,,,,2,,,,1,,,,,,,,6,2,1,2,1,1,,,1,,,,,,,1,2,2,3,2,5,2,2,3,,,没有太本质的变化,1,3,3,2,2,2,5,2,2,3,,,提升不多,2,防指纹,2,2,5,2,二线,中等,单身,四川省,成都市
405,286083,726476,1024659,3C数码,88907557,1,1,1,1,1,1,1,1,1,1,1,,1,1,1,1,1,1,1,1,1,5,1,1,,,,,,,,1,,,,,1,5,,,1,1,,,1,,,,1,,1,1,,1,,,1,1,,1,,,1,,4,6,,5,,,3,7,,2,,5,1,1,1,2,1,1,1,,1,,,,,,1,2,1,2,2,3,2,2,2,,,这个配色不是很好看，而且太简洁啦，,1,2,2,1,2,3,4,2,1,3,,,好像并不是很需要这个功能，而且这个配色真的不太适合女生吧,1,一方面是我的心里价位，另外一方面是配色问题，而且多出来的几个功能好像并不是很有用啊,2,1,3,2,六线,中等,"准备结婚期,育婴期,已育",云南省,曲靖市
406,286083,726476,1024659,3C数码,88907566,1,1,1,1,,,,1,1,1,1,,1,1,1,,1,1,,1,1,6,1,1,,,,,,,,1,,,,,1,4,,,,,1,1,,,,,1,1,1,1,,,1,1,1,,,1,,,2,1,7,5,,,4,3,6,,,8,,6,2,1,2,2,1,1,,1,1,,1,,,,1,2,1,2,1,5,2,2,2,,,因为升级过后，我觉得功能性有加强吧，材质肯定是有升级，我主要是觉得他的颜色丰富，价格合理,1,2,2,2,1,1,5,1,2,2,,,因为他能够不留下指纹，我觉得很干净，不容易粘灰粘东西,3,感觉各有各的特点，我觉得价格是我能够接受的,1,1,3,2,二线,偏低,"准备结婚期,已有车",四川省,成都市
407,286083,726476,1024659,3C数码,88907582,,1,,,,,,1,,,,,,,,,,,,1,1,5,1,1,,,,,,,,1,,,,,1,5,,1,,1,1,,1,,,,1,1,1,1,,,,1,,,1,,,,1,4,6,5,,,,3,,,2,,,5,1,1,1,1,1,1,1,1,1,1,1,,,,1,1,1,1,1,6,1,1,1,,,因为它这个保护套能够足够的保护平板不被磕碰，不去刮伤，而且还有防滑减震的功效，这样在日常中就特别的需要。很方便，而且颜值也很高,1,1,1,1,1,1,6,1,1,1,,,我感觉光格背板它有很强的摩擦力，它不会一下子手滑掉到地上，对平板有一定的保护作用。我觉得这一点就很好，日常用起来一定是很方便的,1,首先它有一定的防滑功效，然后呢它再是光面的，用起来手感就一定是很好的，然后它的颜值上也是很高的，所以我愿意去选它,1,1,3,6,五线,中等,恋爱期,辽宁省,锦州市
409,286083,726476,1024659,3C数码,88907716,,1,1,,,,,1,,1,1,,,,1,,1,1,,,1,4,1,1,,,,,,1,1,,,,1,1,,4,,,,,,1,,,,,1,1,,,1,,,,,,,,,,1,3,,,2,,,,,,,,,4,2,1,1,1,1,1,,,,1,,,,,1,1,1,2,1,3,2,2,2,,,配色简单,1,2,2,2,1,2,2,2,2,2,,,防指纹效果好,1,价格合理,1,1,4,4,二线,偏低,准备结婚期,四川省,成都市
410,286083,726476,1024659,3C数码,88907789,,,1,,1,,,1,,1,1,,1,1,1,1,1,1,1,,1,3,1,1,,,,,,,,1,,,,,1,4,,,,,,1,,,,,1,1,1,,,,1,1,,,1,1,,,2,5,3,,,,6,4,,,7,1,,4,2,1,2,1,1,1,1,1,1,,,,,,1,2,1,2,1,6,1,2,2,,,四角防摔气囊，颜色多选比较有吸引力，另外可拆分也可以，现在的这款是一体的，特别不方便。,1,2,2,2,2,3,5,2,2,4,,,相较光面背板来说，防指纹也没有多大的吸引力，多个10元左右可以接受，多了就不值得了。,1,平时使用，比较在意误摔会不会损坏平板，所以有防撞气囊很重要，另外本人比较喜欢个性化的颜色，讨厌千篇一律的黑白灰。,1,1,4,2,四线,低,"已婚,已育,已有房,已有车",山东省,枣庄市
411,286083,726476,1024659,3C数码,88907796,1,1,1,,1,1,1,1,1,1,1,,1,1,1,1,1,1,1,1,1,5,1,1,,,,,,,,1,,,,,1,4,,,,,1,,,,,,1,1,1,,1,,,1,1,1,,1,,,1,5,3,,4,,,6,7,8,,2,,5,1,1,1,1,1,1,1,1,1,1,,,,,1,1,1,1,1,5,1,1,1,,,愿意为这升级的三个点多付钱的原因是因为他保护他的质量，品格有有上升，然后他的笔槽的便利性，还有从保护电脑的这个防护性上面还有这个外观，外观和日常体验这个方面是愿意多加这个钱的。,1,1,1,1,1,1,5,1,1,1,,,这款看起来更高级些,2,这款看起来更高级，外观看起来是我的菜,1,1,3,2,六线,偏高,"已婚,育婴期,已育,装修期",安徽省,六安市
412,286083,726476,1024659,3C数码,88907811,1,1,1,1,,,,1,1,1,,,,,,1,,,,,1,5,1,1,,,,,,,,1,,,,,1,4,,,1,,1,,,,,,1,1,1,1,1,1,,1,1,,,1,,,1,2,3,5,4,7,,8,9,,,6,,5,1,1,1,1,1,1,1,,1,1,1,,,,1,2,1,2,2,5,1,1,2,,,愿意付费是因为有边角保护，而且磁吸可拆分，还能定制自己喜欢的配色,1,1,1,1,1,1,5,1,1,1,,,磨砂壳是我一生最爱，高端大气上档次，手感又好又不容易滑落,2,我更喜欢磨砂感的平板壳，更有质感，手感也好，不容易滑落,1,1,4,3,一线,中等,"已婚,育婴期,已育,孝敬期",广东省,深圳市
413,286083,726476,1024659,3C数码,88907820,1,1,1,1,1,1,1,1,1,1,1,,1,1,1,1,1,1,,1,1,5,1,1,,,,,,,,1,,,,,1,5,,1,,,1,,1,,,,1,1,1,1,1,1,1,1,1,1,,1,,,1,2,10,6,4,7,11,8,5,3,,9,,2,2,1,1,1,1,1,,1,,1,,,,,1,1,1,1,2,3,1,2,4,,,溢价太高，便宜点还可以。,1,1,1,1,1,1,3,2,2,4,,,不沾指纹这个功能很好。所以可以多付一点。,2,主要是不沾指纹这个功能。很适合我。夏天手比较容易出汗，张指纹不太好。,1,1,4,2,一线,偏低,"准备结婚期,已有车",北京,北京市
414,286083,726476,1024659,3C数码,88907873,1,1,,1,,1,1,1,,1,1,,,1,,1,1,1,,,1,5,1,1,,,,,,,,1,,,,,1,4,,1,1,,1,,1,,,,1,1,,1,,1,,,1,,1,,,,1,3,,4,,5,,,2,,6,,,5,2,1,2,2,,1,,,,1,,,,,1,2,2,2,4,2,3,,,3,3,配色好难看，不喜欢，防护还可以，多做点配色吧,1,2,3,2,2,4,1,3,,,3,4,不喜欢这个纹路,1,都不好看，其实，相比之下更不喜欢光栅的纹路，跟窗帘布一样,2,1,3,2,一线,中等,单身,广东省,广州市
415,286083,726476,1024659,3C数码,88907916,1,1,1,1,1,,,1,,1,1,,1,1,1,1,1,1,1,1,1,2,1,1,,,,,,,,1,,,,,1,4,,,1,,,,,,,,1,,1,1,,,,,,,,,,,1,,3,2,,,,,,,,,,2,1,1,2,2,1,,,,,,,,,,1,2,1,2,3,3,2,2,3,,,防护,1,2,1,1,1,1,3,1,2,3,,,喜欢磨砂质感,2,更喜欢磨砂质感,1,1,3,3,二线,偏低,"已婚,已育,已有房,已有车",江苏省,南京市
416,286083,726476,1024659,3C数码,88908113,1,1,1,1,1,1,1,1,1,1,1,,1,1,1,1,1,1,1,1,1,7,1,1,,,,,,,1,,,,,,1,5,,1,1,,,1,,,,,1,1,,1,,,1,,1,,,,,,3,2,,1,,,5,,4,,,,,7,2,1,2,3,,,1,,1,,,,,,1,2,3,3,2,5,2,3,,,,就是比之前那款功能更多吧,1,3,3,3,2,3,5,3,,,3,2,说实在的 我不怎么喜欢,3,我不喜欢保护壳的设计,1,2,3,2,三线,低,"已婚,装修期,已有房,已有车",江苏省,镇江市
417,286083,726476,1024659,3C数码,88908116,1,1,1,1,1,1,1,1,1,1,1,,1,1,1,1,1,1,1,1,1,6,2,1,,,,,,,1,,,,,,1,5,,,,1,1,1,,,,,,1,1,1,1,1,1,,,,,1,,,,1,2,3,4,6,7,,,,,5,,6,1,1,1,2,1,1,,,1,,,,,,1,1,1,1,2,6,1,2,1,,,材质和设计都增加了亮点，而且价格增加幅度也不大,1,1,1,1,1,2,6,2,2,2,,,设计了磨砂的手感是我很喜欢的,1,设计了磨砂的手感但我还是喜欢光面的设计，使用时候有笔槽的习惯,1,1,3,4,二线,中等,"已婚,育婴期,已育,装修期,已有车",天津,天津市
418,286083,726476,1024659,3C数码,88908120,1,1,1,1,1,1,1,1,1,1,1,,1,1,1,1,1,1,1,1,1,4,1,1,,,,,,,,1,,,,,1,4,,,1,1,,1,1,,,,1,1,,1,1,1,1,1,1,,1,1,,,1,7,,3,2,5,6,9,8,,10,4,,5,1,1,1,1,1,1,,,1,1,,,,,1,1,1,2,1,5,1,1,2,,,防护措施齐全,1,1,2,1,1,2,4,1,2,2,,,防指纹,2,防指纹,1,1,3,2,一线,偏低,单身,北京,北京市
419,286083,726476,1024659,3C数码,88908124,1,1,1,1,1,1,1,1,1,1,1,,1,1,1,1,1,1,1,1,1,6,1,1,,,,,,,,1,,,,,1,5,,,1,1,,1,1,,,,1,1,1,1,1,1,1,1,1,1,1,1,,,2,1,12,8,4,11,10,9,6,5,3,7,,6,1,1,1,1,1,1,1,1,1,1,1,,,,1,1,1,1,1,6,1,1,1,,,防护好，外观好看，日常使用方便,1,1,1,1,1,1,6,1,1,2,,,外观设计风格简约，质感非常不错,2,外观设计理念很不错，材质更好，功能强大,1,1,3,4,六线,偏低,已婚,山西省,运城市
420,286083,726476,1024659,3C数码,88908129,1,1,1,1,1,1,,1,1,1,1,,1,1,,1,1,,,,1,6,1,1,,,,,,,,1,,,,,1,4,,,,1,1,,,,,,1,1,1,1,1,,,,,1,,,,,1,2,6,3,5,,,,,4,,,,6,1,1,1,2,1,1,1,,,,,,,,1,1,1,2,1,5,2,1,2,,,如果防护比较好，笔比较好拿，我愿意支付溢价，因为对于我来说非常方便的,1,1,2,1,2,1,5,1,2,1,,,因为不容易留指纹还有脏东西,1,我喜欢光面的东西,1,1,3,3,五线,中等,未知,江西省,赣州市
421,286083,726476,1024659,3C数码,88908133,1,1,1,1,1,1,1,1,1,1,1,,1,1,1,1,1,1,1,1,1,4,1,1,,,,,,,,1,,,,,1,4,1,1,1,1,1,1,1,,,,1,1,1,1,1,1,1,1,1,1,1,1,,,1,5,7,6,4,9,11,12,3,10,2,8,,4,1,1,1,1,1,1,1,1,1,1,1,,,,1,1,1,1,2,6,1,1,1,,,安全，好看好用,1,1,1,1,1,2,6,1,1,1,,,高端大气，颜色鲜艳,3,高端大气上档次,1,1,3,2,一线,低,"准备结婚期,已有车",广东省,广州市
422,286083,726476,1024659,3C数码,88908138,1,1,,,,,,1,,1,,,1,1,,1,1,1,1,1,1,6,1,1,,,,,,,,1,,,,1,,4,,,,1,,,,,,,1,1,,1,1,,,1,1,,1,1,,,1,5,,7,6,,,4,3,,8,2,,6,2,1,2,2,,1,,1,1,1,,,,,1,1,1,2,2,5,1,2,2,,,防护气囊,1,2,2,2,2,2,7,2,2,3,,,防指纹,2,达到需要,2,1,5,3,二线,偏低,"已婚,育婴期,已育,装修期,已有房,已有车",江苏省,苏州市
423,286083,726476,1024659,3C数码,88908164,1,1,1,1,1,1,,1,1,1,1,,1,1,1,1,,1,1,1,2,3,1,1,,,,,,,,1,,,,,1,4,,,1,,,,1,,,,1,1,,,,1,,,,1,1,,,,1,4,,,,2,,,,3,5,,,3,2,1,2,2,1,1,1,1,1,,,,,,1,2,2,1,1,3,2,3,,,,感觉升级的功能的质感没有那么强烈，而且变得更厚重一些,1,2,2,1,2,2,3,3,,,2,,感觉是比较普通的一个升级和功能,2,感觉质感会更好一些，摸起来更舒适,2,1,4,2,二线,低,已婚,浙江省,杭州市
424,286083,726476,1024659,3C数码,88908200,,,,,,,1,1,1,,,,,,,,,1,,,1,5,1,1,,,,,,,,1,,,,,1,5,,,,,1,,,,,,1,1,1,1,1,1,1,,1,,,,,,1,2,7,4,8,6,5,,3,,,,,5,1,1,1,1,1,1,,1,,1,1,,,,1,1,1,1,1,4,1,1,1,,,还是更想要外形上多一些设计感的,1,1,1,1,1,1,7,1,1,2,,,对比下光面更吸引人,1,光面感看起来更时尚有质感,1,2,3,6,一线,低,"准备结婚期,育婴期,已育,装修期,已有房",广东省,广州市
425,286083,726476,1024659,3C数码,88908211,1,1,1,1,1,,,1,,1,1,,1,1,1,1,1,1,1,1,1,5,1,1,,,,,,,,1,,,,,1,4,,1,1,,,,,,,,1,1,1,,,1,,1,1,1,,,,,1,5,7,,,2,,4,3,6,,,,6,2,1,2,2,1,1,,1,1,,,,,,1,2,3,2,2,4,2,3,,,,更多的颜色选择比较需要，四个角的气囊，担心外形变丑,1,2,2,2,1,2,3,3,,,2,,不容易留指纹比较吸引我,3,两种都可以，就要看综合性能,1,1,3,2,二线,中等,"已婚,育婴期,已育,装修期,已有房,已有车",江苏省,苏州市
426,286083,726476,1024659,3C数码,88908223,1,1,1,1,1,1,,1,,1,1,,1,1,1,1,1,1,,1,1,2,1,1,,,,,,,1,,,,,,1,4,,1,,,1,,,,,,1,1,1,,1,,,1,,,1,,,,1,2,3,,6,,,4,,,5,,,2,1,1,1,2,1,1,,,1,1,,,,,1,2,1,2,3,5,2,2,1,,,感觉这个设计材质都是我喜欢的，而且又能比较好的保护平板，更稳定起到更好的保护效果，款式也很好看，用着也更放心,1,1,2,2,3,2,4,2,2,2,,,愿意买，外观款式和颜色感觉都很好看，而且又能减震效果，还能起到很好的保护作用，感觉平常携带或使用时会更放心些,1,感觉这个价位有这些防震，保护，折叠便捷等功能很方便，又用着安心，而且这个价位能拿到感觉挺实惠的，同时颜色款式我都觉得都很好看,2,1,3,6,二线,偏高,"准备结婚期,已育",福建省,福州市
427,286083,726476,1024659,3C数码,88908230,1,1,1,1,1,1,,1,,,,,1,1,,1,1,1,,,1,5,1,1,,,,,,,,1,,,,,1,4,1,1,1,,,,,,,,1,1,,,,,,,,,1,1,,,1,3,,,,,,,,,2,4,,5,1,1,2,2,1,1,,1,1,1,,,,,1,2,2,2,2,6,2,2,2,,,各方面都有升级，配色简单大方，好看，多花钱是应该的。,1,2,2,2,2,2,6,2,2,2,,,看起来更加高级，不容易沾上指纹，更好看。,2,更加简单，好看，不容易沾上指纹，感觉是升级了款式和功效。,1,1,3,2,一线,偏低,"已婚,育婴期,已育,已有房,已有车",广东省,深圳市
428,286083,726476,1024659,3C数码,88908238,1,1,1,1,1,1,1,1,1,1,1,,1,1,1,1,1,1,,1,1,5,1,1,,,,,,,,1,,,,,1,4,,1,1,,,1,,,,,1,1,,,,,1,1,,,,,,,1,3,,,,,2,4,,,,,,5,2,1,2,2,,1,,,,1,,,,,1,2,2,2,1,6,2,3,,,,气囊能提供更好的保护，拿去触控笔更加方便，配色丰富鲜艳，日常使用更加便捷，看起来很清新简洁,1,3,4,3,2,3,7,3,,,3,2,设计不符合我的审美，不喜欢这种竖条条的，看着像袜子之类的纺织纹路，看着不好看,1,外观更符合我的审美，实用性都差不多，那当然选好看的了，不好看整天看着变扭，不是白花钱吗,1,1,3,4,一线,低,恋爱期,北京,北京市
429,286083,726476,1024659,3C数码,88908259,1,1,1,1,,1,1,1,1,1,1,,1,1,1,1,1,1,1,1,2,4,1,1,,,,,,,,1,,,,,1,5,,,1,,,,,,,,1,1,,1,,1,,1,1,,,1,,,1,7,,3,,5,,4,2,,,6,,5,1,1,1,1,1,1,,,,1,,,,,1,1,1,3,2,4,1,2,2,,,看起来实用高档,1,2,3,1,1,1,3,1,2,4,,,防指纹。,1,不喜欢光栅,1,1,3,2,一线,中等,"已婚,已育,已有房,已有车",北京,北京市
430,286083,726476,1024659,3C数码,88908261,1,1,1,1,1,1,1,1,1,1,1,,1,1,1,1,1,1,1,1,1,5,1,1,,,,,,,,1,,,,,1,4,1,,1,,1,,,,,,1,1,,1,,1,1,1,,,1,1,,,1,2,,5,,6,7,3,,,8,4,,5,1,1,1,1,1,1,,,1,1,1,,,,1,1,1,1,1,5,1,1,1,,,整体功能升级了，外观也更好看了,1,1,1,1,1,1,4,1,1,2,,,整体设计感更强了，更具特别性,2,整体设计感更强，更特别,1,1,3,2,一线,中等,"已婚,已有房",广东省,深圳市
431,286083,726476,1024659,3C数码,88908282,,1,1,,1,,,1,,,,,,,,,,,,,1,5,1,1,,,,,,,,1,,,,,1,5,,,1,,,,,,,,1,,,1,,,,1,,,,1,,,3,,,1,,,,4,,,,2,,5,3,1,2,1,,1,,,1,1,,,,,1,1,1,2,2,3,2,3,,,,有些功能我不需要,1,4,4,3,4,3,1,4,,,2,,这个材质不太吸引我,1,符合我的审美,3,1,5,4,五线,中等,"已婚,育婴期,已育,装修期,已有房,已有车",青海省,西宁市
432,286083,726476,1024659,3C数码,88908294,1,1,1,1,1,1,1,1,1,1,1,,1,1,1,1,1,1,1,1,1,5,1,1,,,,,,,,1,,,,,1,5,,1,1,,1,,,,,,1,1,1,1,1,,,1,,,1,,,,1,2,4,3,7,,,5,,,6,,,5,1,1,2,2,1,1,,,1,1,,,,,1,1,1,3,2,5,1,2,4,,,多付20元差不多了，一般的保护套都具备保护功能，锦上添花的功能也是需要具有性价比的，保护套会经常换，价格太高不合适,1,2,2,2,1,2,5,1,2,3,,,这种工艺材质不是必须品，保护套需要经常换，价格便宜一点，性价比高一点比较好,2,更好看，高端大气上档次，更加防滑，磨砂质感很舒服，性价比高一点更好,2,1,3,2,二线,低,已婚,江苏省,南京市
433,286083,726476,1024659,3C数码,88908296,,1,,,,,,1,,,,,,,,,,,,,1,7,1,1,,,,,,,,1,,,,,1,4,,,1,,,1,1,,,,1,1,1,1,,,,1,1,,1,,,,2,6,7,3,,,,5,4,,1,,,7,1,1,1,1,1,1,,,1,1,1,,,,1,1,1,1,1,6,1,1,1,,,防护性能好，覆盖力强，配色简单大气，好携带,1,1,1,1,1,1,6,1,1,1,,,不易沾指纹，纹路清晰有质感，非常喜欢,2,防护性能更好，材质更好，还不易沾指纹，非常棒的设计,1,1,4,3,四线,偏低,未知,河南省,南阳市
434,286083,726476,1024659,3C数码,88908303,1,1,1,1,,,,1,,,1,,1,1,1,1,1,1,,1,1,5,1,1,,,,,,,,1,,,,,1,4,,1,1,,,1,,,,,1,1,,1,1,1,1,1,,1,1,,,,1,3,,5,9,7,8,6,,2,4,,,5,1,1,1,2,1,1,,,1,,,,,,1,2,1,2,2,2,2,2,3,,,价格贵了,1,2,3,2,2,2,2,2,4,,,,贵,1,更符合需求,4,1,3,6,六线,低,未知,辽宁省,葫芦岛市
435,286083,726476,1024659,3C数码,88908312,1,1,1,1,1,1,1,1,1,1,1,,1,1,1,1,1,1,1,1,1,4,1,1,,,,,,,,1,,,,,1,4,1,1,1,1,1,1,1,,,,1,1,,1,1,,,1,1,1,1,,,,2,8,,5,4,,,6,1,7,3,,,4,2,1,2,2,1,1,,,,,,,,,1,2,1,2,2,1,2,3,,,,为啥多付钱,1,2,2,2,1,2,1,2,3,,,,为什么要多付钱,3,都可以,4,1,4,2,三线,低,未知,浙江省,嘉兴市
436,286083,726476,1024659,3C数码,88908325,,1,,,,,,1,1,,,,1,1,1,1,1,1,1,1,1,5,1,1,,,,,,,,1,,,,,1,4,1,1,1,,,,,,,,1,1,,1,1,,,1,,,1,1,,,4,2,,1,3,,,6,,,7,5,,5,2,1,2,2,1,1,1,,1,,,,,,1,2,2,3,2,3,2,2,3,,,外观更高级，感觉比较耐脏，质量可以,1,2,2,1,1,2,5,2,3,,,,感觉不到实际的质量手感,1,感觉不容易脏，比较好清理,2,1,3,2,二线,中等,"已婚,已育,已有房",重庆,重庆市
437,286083,726476,1024659,3C数码,88908337,1,1,1,,,1,1,1,,1,,,,,,,,,,,1,5,1,1,,,,,,,,1,,,,,1,4,,,1,1,1,1,,,,,,,,1,1,1,,,1,,,,,,,,,2,3,4,,,1,,,,,5,1,1,2,1,,1,1,1,,,,,,,1,2,1,2,1,6,1,1,1,,,他的外观好看,1,1,1,2,1,1,6,1,1,2,,,我觉得他的设计非常有科技感，很喜欢 ,2,设计有科技感，然后我觉得很新鲜 ,1,1,4,3,二线,中等,"已婚,已有车",江苏省,苏州市
438,286083,726476,1024659,3C数码,88908341,1,1,1,1,,1,1,1,,,1,,1,,1,1,1,1,,,1,5,1,1,,,,,,,,1,,,,,1,4,1,1,1,,,1,,,,,1,1,,,,1,1,,,,,,,,2,1,,,,4,3,,,,,,,5,1,1,2,1,1,,1,1,1,,1,,,,1,1,2,1,1,5,1,1,2,,,外观耐用好用就行,1,1,1,2,2,2,6,2,1,1,,,耐用不要久了磨损严重,1,耐用颜色好用,1,1,3,2,三线,中等,"已婚,已育,已有房,已有车",浙江省,温州市
439,286083,726476,1024659,3C数码,88908360,,1,,,,,1,1,,1,1,,1,1,1,1,1,1,,,1,5,1,1,,,,,,,,1,,,,,1,4,,,,1,1,,,,,,1,1,1,1,1,,,,1,,1,1,,,2,4,3,6,8,,,,7,,5,1,,4,2,1,2,3,,,,,1,1,1,,,,1,2,2,3,1,4,2,4,,,,"一是笔槽便利性我会担心直取式的设计我的笔会掉
二是防护太多了会不会特别重，但是如果又轻包裹性又好的话会愿意付溢价。
三是配色丰富这点我会很喜欢。",1,2,1,2,1,2,7,1,2,3,,,我愿意多付部分溢价，但是如果高出了我的心理预期价格我就会放弃购买。,2,很喜欢这种磨砂的材质，看起来不仅比较高级也更符合我自己的审美，而且还防粘指纹。,1,1,3,1,五线,低,未知,贵州省,遵义市
440,286083,726476,1024659,3C数码,88908369,1,1,1,1,1,1,1,1,1,1,1,,1,1,1,1,1,1,1,1,1,4,1,1,,,,,,,,1,,,,,1,3,,,,1,,,,,,,1,1,,1,1,1,1,1,1,1,1,1,,,1,3,,9,7,2,4,10,5,8,11,6,,4,1,1,1,1,1,1,1,1,1,1,1,,,,1,1,1,3,1,5,1,2,2,,,各项功能都在我的心里预算内,1,2,1,1,2,2,7,2,2,2,,,3Y磁吸折叠都很喜欢,1,保护囊能很好保护平板,1,1,3,3,二线,低,未知,福建省,福州市
441,286083,726476,1024659,3C数码,88908370,1,1,1,1,1,1,1,1,1,1,1,,1,1,1,1,1,1,1,1,1,3,1,1,,,,,,,1,,,,1,1,,5,,,,1,,,,,,,1,1,,1,,1,1,1,,,,1,,,2,1,,7,,4,5,3,,,,6,,3,1,1,1,1,1,1,1,1,1,1,1,,,,1,1,1,1,1,6,1,1,1,,,升级后更人性化了，更适合现代人的使用习惯，方便，安全，有保障，多付点钱非常值得,1,1,1,1,1,1,6,1,1,1,,,磨沙面料沾指纹，高端大气上档次，低调奢华有内涵,2,光栅款更高端大气上档次，有现代感，有质感，适合我,1,1,4,4,一线,低,已有房,广东省,广州市
442,286083,726476,1024659,3C数码,88908384,,,,,,,,1,,,,,,,,,,,,,1,5,1,1,,,,,,,,1,,,,,1,4,,,1,,1,,1,,,,1,1,,,,,,,,,,1,,,1,2,,,,,,,,,,3,,5,1,1,1,1,1,1,1,1,1,1,,,,,1,1,1,1,2,6,1,1,1,,,防护方面比较重要我愿意多花钱去买这个设计,1,2,2,1,1,2,7,1,1,2,,,主要看重防护,2,磨砂不容易滑，我喜欢这个设计,1,1,3,2,五线,偏低,未知,江西省,萍乡市
443,286083,726476,1024659,3C数码,88908388,1,1,1,1,1,1,,1,,1,1,,1,1,1,,,1,1,,1,2,1,1,,,,,,,,1,,,,,1,5,,,1,,,,,,,,1,1,,,1,1,,,1,,,,,,1,2,,,4,5,,,3,,,,,4,2,1,2,2,1,1,,,,1,,,,,1,2,1,2,2,5,2,2,2,,,我愿意为这些升级点多付钱，主要是因为它们能切实提升日常使用体验：软边防摔和晶透背板既保护了平板不被刮花、磕碰，又能还原原机颜值且久用不发黄，防护和外观都兼顾到了；弹性防丢笔槽解决了Apple Pencil易丢的痛点，磁吸拆分和多形态支架则让追剧、学习、画画等场景都更方便顺手，整体的实用性和质感都比普通保护套提升明显，这些细节升级对我来说很有价值，值得额外投入。,1,2,2,2,2,2,3,2,2,3,,,我愿意为光栅背板多付钱，主要是因为它相比普通背板更不容易留指纹、不显脏，日常用起来清爽干净；独特的纹理设计既比纯透明款更有质感，又比单调的纯色款更耐看、不容易撞款，长期使用也不容易审美疲劳，质感和实用性都有提升，我觉得值得为这些细节升级买单。,1,我更愿意选择光面背板，主要是因为它质感清爽耐看，能还原平板本身的设计美感，而且和光栅背板相比，光面背板工艺更成熟，不容易藏污纳垢，日常擦拭更方便，价格也更友好，对我来说，这种简约干净、实用省心的设计更符合我的使用习惯，也更值得选择。,2,1,4,4,二线,中等,"已婚,育婴期,已育,已有房,已有车",天津,天津市
444,286083,726476,1024659,3C数码,88908428,1,1,1,1,,1,1,1,,1,,,,,,1,,,,,1,5,1,1,,,,,,,,1,,,,,1,5,,1,1,1,1,1,,,,,1,1,1,,1,,,,,1,1,,,,2,3,4,,5,,,,,6,1,,,5,1,1,2,1,,1,1,,,1,,,,,1,3,1,2,4,3,2,2,4,,,涨价却没有带来有实际意义上的保护壳升级,1,2,3,2,1,5,3,2,4,,,,并没有太吸引我购买的优点,3,两者没有太大区别,2,1,3,1,五线,低,已婚,湖南省,永州市
445,286083,726476,1024659,3C数码,88908439,1,1,1,1,,1,,1,,1,1,,1,1,1,,,,,,1,5,1,1,,,,,,,,1,,,,,1,4,,,,1,,,,,,,1,,1,1,,1,,1,1,,1,,,,1,,2,3,,7,,6,5,,4,,,4,2,1,2,2,,1,,,1,1,1,,,,1,2,2,3,3,5,2,3,,,,日常在家里使用不用特别小心翼翼，也不用很好的保护，包括配色都不是特别重要,1,3,3,2,2,3,3,3,,,2,,不是特别喜欢这个配色，而且价格超出了我的预算,3,价格上差不多，材质也差不多，我的选择可能在于性价比高的一款,2,1,3,2,六线,偏高,"准备结婚期,育婴期",安徽省,池州市
446,286083,726476,1024659,3C数码,88908444,,1,1,1,1,,1,,1,,1,,1,1,1,1,1,1,,,1,2,1,1,,,,,,1,,,,,,,1,4,,,,,1,,,,,,1,1,,,,,,,,,,,,,2,1,,,,,,,,,,,,2,2,1,2,2,1,1,,,,,,,,,1,4,3,3,3,1,2,2,4,,,实用性，追剧，打游戏,1,3,3,3,3,4,1,3,,,2,,没这种需求,1,实用就好,2,1,6,3,二线,中等,"已婚,育婴期,已育,已有房,已有车",江苏省,无锡市
447,286083,726476,1024659,3C数码,88908451,1,1,1,1,1,1,1,1,1,1,1,,1,1,1,1,1,1,,1,1,6,1,1,,,,,,,,1,,,,,1,4,,,1,,1,,,,,,1,1,1,1,1,,,,,,1,,,,1,2,3,6,5,,,,,,4,,,6,2,1,2,2,1,1,1,,,1,,,,,1,2,1,1,3,6,2,2,4,,,四角防护更好，拿笔也比较方便。,1,2,2,2,2,3,6,2,2,4,,,光栅背板不易沾指纹很实用，防滑也很实用。,2,光栅比光面更防滑，还防沾指纹，所以更倾向选择光栅版。,2,1,4,2,二线,偏低,"已婚,已育,已有房",河南省,郑州市
448,286083,726476,1024659,3C数码,88908454,1,1,1,,1,,,1,,1,1,,1,,1,1,,,,1,1,4,1,1,,,,,,,,1,,,,1,,4,,,,1,1,,,,,,1,1,1,,,,,1,,,,,,,1,2,3,,,,,4,,,,,,4,2,1,2,2,1,1,,,,1,,,,,1,2,2,2,3,5,2,2,3,,,防摔功能更完善，收纳方便不容易丢失,1,4,4,4,2,3,4,3,,,2,,不沾指纹,1,为了不沾指纹贵很多的话就没必要了,2,1,6,3,一线,中等,"已婚,育婴期,已育,装修期,已有房,已有车",上海,上海市
449,286083,726476,1024659,3C数码,88908464,,,1,1,1,1,1,1,1,1,,,,,,,,,,,1,5,1,1,,,,,,,,1,,,,,1,5,,1,,1,,1,1,,,,1,1,,,1,1,,1,,,,,,,5,2,,,4,1,,3,,,,,,5,2,1,2,2,,1,,,1,,1,,,,1,2,2,2,2,6,2,2,2,,,物有所值，符合需求,1,2,2,2,2,2,6,2,2,2,,,质感很好,1,功能齐全,1,1,3,4,二线,低,"已婚,育婴期,已育,已有车",浙江省,杭州市
450,286083,726476,1024659,3C数码,88908468,1,1,1,,1,1,1,,1,1,1,,,1,1,1,1,1,,,1,2,1,1,,,,,,,,1,,,1,,,4,,,1,,,,,,,,1,1,,1,,1,,,1,,,1,,,1,3,,5,,6,,,4,,,2,,3,2,1,2,2,1,1,1,,1,1,1,,,,1,2,1,3,2,1,2,2,4,,,我感觉这个保护套的防护性能比较好，配色也丰富，而且支撑性还有外观也比较符合我的审美,1,2,1,2,1,1,7,2,4,,,,光栅背板的颜值和质感都非常高，而且防指纹，手感好,2,光面款可能有指纹的问题而且容易刮花，防护性能不如光栅款的,2,2,3,2,五线,低,"单身,装修期",湖南省,益阳市
451,286083,726476,1024659,3C数码,88908479,,,,,,1,1,1,,1,1,,1,,,,,,,,1,5,1,1,,,,,,,,1,,,,,1,3,,,,1,,,,,,,,1,,,,,,1,,,1,,,,,1,,,,,,3,,,2,,,5,1,1,1,1,1,1,,,1,,,,,,1,2,2,1,1,3,1,1,1,,,如果价钱相差不大，我会选择更好的,1,1,2,1,2,2,5,2,1,2,,,设计感,2,设计与质感,1,1,4,6,一线,中等,"准备结婚期,已有车",广东省,深圳市
452,286083,726476,1024659,3C数码,88908482,,,1,1,,,1,1,,,,,,,,,,,,,1,5,1,1,,,,,,,,1,,,,,1,4,,1,1,1,,1,,,,,1,,,1,1,,,1,1,1,,,,,3,,,1,4,,,5,2,6,,,,5,1,1,1,1,1,,1,1,1,,1,,,,1,1,2,2,1,4,2,2,2,,,因为我买东西比较考虑的是性价比。防护我认为普通款也一样，不需要额外多付钱。,1,1,2,2,1,1,4,2,2,1,,,如果这个背板不沾指纹的话，我愿意多付钱。,2,我愿意给好的设计多付钱。,1,1,3,6,一线,偏低,"已婚,育婴期,已育,已有房,已有车",上海,上海市
453,286083,726476,1024659,3C数码,88908501,1,1,1,1,1,,,1,1,1,1,,1,1,1,1,1,1,1,1,1,3,1,1,,,,,,,,1,,,,1,,4,,,,1,,,,,,,1,1,,1,1,1,,1,1,,1,1,,,3,6,,5,4,9,,1,7,,8,2,,4,1,1,2,2,,1,1,,,1,,,,,1,1,1,2,1,4,1,2,3,,,防护方面更到位，配色更高级，使用感更好,1,2,3,2,1,2,3,2,4,,,,不好看不高级不喜欢,1,光面款更简约大气,2,1,3,4,二线,中等,"准备结婚期,育婴期,已育",湖南省,长沙市
454,286083,726476,1024659,3C数码,88908550,1,1,,,,1,1,1,,,,,1,,,,1,,,,1,4,1,1,,,,,,,,1,,,,,1,4,,,,1,,,,,,,1,1,,,,1,,1,,,,1,,,3,1,,,,2,,4,,,,5,,3,2,1,2,2,1,,,,1,,1,,,,1,2,1,2,1,3,2,3,,,,有点贵啊,1,2,1,2,1,1,5,2,2,3,,,太贵了,2,看起来很高级,2,1,4,2,三线,中等,"已婚,育婴期,已育,已有车",浙江省,嘉兴市
455,286083,726476,1024659,3C数码,88908552,1,1,1,1,,1,1,1,1,,1,,1,1,1,1,1,1,,1,1,3,1,1,,,,,,,,1,,,,,1,4,,1,,,,,,,,,1,1,1,1,1,,,1,1,,1,1,,,3,6,5,7,8,,,2,1,,4,9,,4,2,1,2,2,1,1,1,,1,1,,,,,1,2,1,1,2,3,2,2,2,,,愿意支付，更加防摔，更加好用,1,2,1,1,1,1,2,2,2,2,,,更加方便实用,2,有更多我想要的实用功能,2,1,4,4,一线,中等,"已婚,已有房",上海,上海市
456,286083,726476,1024659,3C数码,88908645,1,1,1,1,,1,1,1,1,1,1,,1,1,1,1,,,1,1,1,2,1,1,,,,,,,,1,,,,,1,3,,,1,,,,,,,,1,1,,1,,,,,,,,,,,2,1,,3,,,,,,,,,,2,1,1,2,2,1,1,,,,1,,,,,1,2,2,2,2,3,2,2,2,,,配色不够多元化。,1,2,2,2,3,3,2,2,3,,,,功能对我作用不大,1,比较喜欢光面款,2,2,6,2,一线,低,"已婚,育婴期,已育,已有房",广东省,广州市
457,286083,726476,1024659,3C数码,88908705,1,1,1,1,,,1,1,,1,1,,1,1,1,1,,1,,1,1,4,1,1,,,,,1,,,,,,,,1,4,,,1,1,1,,1,,,,1,1,,1,,1,,1,,1,,,,,1,2,,5,,4,,3,,6,,,,3,1,1,2,3,,1,1,,1,,,,,,1,2,2,4,3,1,4,,,4,2,因为差不多 没有特别的可以让我多付费的吸引力,1,5,5,3,3,3,1,5,,,5,5,没有特殊的功能点,1,光栅不好看,2,1,4,2,一线,高,准备结婚期,广东省,广州市
458,286083,726476,1024659,3C数码,88908729,1,1,1,1,1,,,1,,1,1,,1,1,1,1,1,1,,,1,3,2,1,,,,,,,,1,,,,,1,4,,,1,,,,,,,,1,1,,1,1,,,1,1,1,1,1,,,1,6,,7,8,,,4,9,5,2,3,,3,2,1,2,2,1,1,,1,,1,,,,,1,2,2,3,2,5,2,2,3,,,愿意多付钱因为防护性能增强，不愿意多付钱因为对颜色要求不高，笔槽用处不大,1,2,2,2,2,2,5,2,1,3,,,愿意多付钱因为材质更好，不易粘指纹,2,防护性能和材质更好,2,1,5,3,一线,高,"已婚,育婴期,已育,已有房,已有车",北京,北京市
459,286083,726476,1024659,3C数码,88908755,1,1,1,1,1,1,1,1,1,1,1,,1,1,1,1,1,1,1,1,1,5,1,1,,,,,,,,1,,,,,1,4,1,1,,,,,1,,,,1,1,1,1,1,1,1,1,1,1,1,1,,,6,5,12,2,1,7,11,4,9,10,8,3,,5,1,1,1,2,1,1,1,1,1,1,,,,,1,1,1,2,2,5,2,2,4,,,我觉得追主要的就是很牛逼陈厉害，就是的活动活动就，和就是电话是谁叫，超级牛逼的无敌解释的。因为我就是喜欢防护牛逼，然后便的话我觉得好用就行，愿意好用多加钱。配色外观自己喜欢肯定会啊，然后日常使用的话直接牛逼就是了,1,2,2,1,1,2,5,2,4,,,,感觉的话只是外观变化，我不会多加防护费的。质感的话和光面差不多的，然后防指纹很牛逼，然后跟也别，特别的。感觉还是挺耐看的。感觉值得加这个钱。,2,我觉得就是自己是油手啊，然后价格很合适，然后外观差不多，材质一致，然后功能一致，防护也差不多ok，但是使用习惯就是光栅不容易沾到指纹哈哈哈。我觉得值得加钱,2,2,4,2,二线,偏低,"已婚,已有房,已有车",江苏省,苏州市
460,286083,726476,1024659,3C数码,88908767,1,1,1,1,1,1,1,1,,1,1,,1,1,1,1,1,1,,,1,3,1,1,,,,,,,,1,,,,,1,5,,1,1,,,,,,,,1,1,,,,,1,1,1,,1,,,,1,2,,,,,6,3,5,,4,,,3,4,1,4,3,1,1,1,,,,,,,,1,4,2,2,2,3,4,,,4,4,普通的壳已经足够了,1,4,4,4,4,4,1,4,,,4,4,背板不是很重要,4,担心包裹壳会导致ipad变形,2,1,3,2,一线,偏高,单身,北京,北京市
462,286083,726476,1024659,3C数码,88908804,,1,1,1,1,1,1,1,1,,1,,1,1,,1,1,1,,1,2,7,1,1,,,,,,,,1,,,,,1,5,,,1,1,,1,,,,,,1,,,,1,,1,1,,,,,,,2,,,,4,,3,1,,,,,6,2,1,2,4,,,,,,1,,,,,1,2,1,3,3,5,2,2,3,,,色彩的多样性,1,2,2,3,1,3,5,1,2,2,,,不容易留下指纹印和手汗,2,不容易沾手印,2,1,4,2,三线,偏高,未知,山东省,临沂市
463,286083,726476,1024659,3C数码,88908822,1,1,1,1,1,1,1,1,,1,1,,1,1,1,1,1,1,1,1,1,6,1,1,,,,,,,,1,,,,,1,5,,,,1,1,1,1,,,,1,1,1,1,1,1,1,1,1,1,1,1,,,3,2,8,5,7,9,10,6,12,11,4,1,,6,1,1,1,1,1,1,,1,1,1,,,,,1,1,1,1,1,6,1,1,1,,,愿意  性价比高  颜色好看  保护性不错,1,1,1,1,1,1,6,1,1,1,,,设计感 功能性,2,外观更好看,1,1,4,2,二线,中等,未知,浙江省,杭州市
464,286083,726476,1024659,3C数码,88908826,,1,1,,,1,,1,,1,1,,1,1,1,1,1,1,,1,1,4,1,1,,,,,,,,1,,,,,1,4,1,,,,,,,,,,,1,,,,,,1,1,,,,,,,2,,,,,,3,1,,,,,4,1,1,1,1,1,,,1,,,1,,,,1,1,1,3,2,3,2,2,2,,,对我来说，笔槽没有使用的必要的。,1,1,1,1,1,1,3,2,2,2,,,希望性价比能够再高一点。,3,希望性价比能够再高一点。,1,1,4,2,一线,低,未知,上海,上海市
465,286083,726476,1024659,3C数码,88909154,1,1,1,1,,1,1,1,1,1,1,,1,1,1,1,1,1,,1,1,6,1,1,,,,,,,,1,,,,,1,4,,,,1,,,,,,,1,1,,,,,1,1,,,,,,,2,1,,,,,4,3,,,,,,7,1,1,1,1,1,,1,,1,,1,,,,1,1,1,1,1,6,1,1,1,,,颜色特别好看 外观质量很好 日常使用特别好,1,1,1,1,1,1,6,1,1,1,,,感觉质量特别好 非常喜欢这个,1,感觉更佳的好用 非常喜欢这个,1,1,3,3,三线,低,"已婚,已育",江西省,南昌市
466,286083,726476,1024659,3C数码,88909155,1,1,1,1,1,1,1,1,1,1,1,,1,1,1,1,1,1,1,1,1,4,1,1,,,,,,,,1,,,,,1,4,,1,1,1,,1,,,,,1,,,,1,,,,,,,,,,1,,,,2,,,,,,,,,5,1,1,2,1,1,1,1,1,1,1,1,,,,1,1,1,2,1,6,1,1,2,,,我愿意为升级付费。升级后更强的防护能降低设备磕碰损坏的维修成本，,1,1,2,1,1,2,5,1,2,2,,,我愿意为升级付费。设备磕碰损坏的维修成本，,2,因为微磨砂纹理背板不容易沾指纹，使用时背板能一直保持干净清爽；同时触感更有层次，握持手感比纯光面更好，防滑性也更强，,1,1,3,2,二线,低,"单身,育婴期,已有车",广东省,东莞市
467,286083,726476,1024659,3C数码,88909162,1,1,1,1,1,1,1,1,1,1,1,,1,1,1,1,1,1,1,1,1,5,1,1,,,,,,,,1,,,,,1,4,,1,1,1,1,1,,,,,1,1,,1,1,,,1,,1,1,1,,,3,6,,2,7,,,8,,4,1,5,,5,1,1,2,2,1,1,1,,1,1,,,,,1,1,1,2,1,6,2,1,2,,,我觉得她的颜色不值这个价格，也没有特别便利,1,2,1,2,2,1,6,1,2,2,,,我觉得价格太贵了,2,我觉得这个款式更好看，而且功能多一点,1,1,3,2,二线,偏低,"已婚,已有房,已有车",广东省,佛山市
468,286083,726476,1024659,3C数码,88909167,1,1,1,1,1,1,1,1,,1,1,,1,1,1,1,1,1,,1,1,2,1,1,,,,,,1,,,,,1,1,,4,,,,1,,,,,,,1,,1,,,1,,,,,,,,,1,,3,,,2,,,,,,,,2,1,1,1,2,1,1,,,,1,,,,,1,2,1,4,2,4,2,1,4,,,防护方面可以多花钱，外观好的话也可以。,1,2,3,4,1,2,3,2,4,,,,我感觉外观上还是有点丑吧，但是防指纹可以多花钱。,1,我觉得这个更对我的需求。,2,1,3,2,一线,低,未知,上海,上海市
469,286083,726476,1024659,3C数码,88909178,1,1,1,1,,1,1,1,,1,1,,1,1,,,,,,,1,5,1,1,,,,,,,,1,,,,,1,4,,,1,1,,1,,,,,1,1,1,1,1,1,1,1,1,1,1,1,,,2,4,11,6,8,1,9,3,7,10,12,5,,6,2,1,1,1,1,1,1,1,1,1,1,,,,1,1,1,1,1,6,2,1,2,,,"我感觉有防护笔槽这些，会让我使用起来更方便，不担心笔掉了，配色会选自己喜欢的外观也是我考虑的，日常使用的话，希望可以更好的保护我的电脑",1,2,1,1,2,1,4,2,2,2,,,我感觉光栅背板从外观质感这些比普通的保护壳更好，而且是防指纹的，感觉很特别很耐看，价钱方面我也愿意多出,3,我感觉两款都差不多，都挺好的，价格材质这些都是在我的预想范围内的。防护也不错,2,1,4,3,三线,低,未知,浙江省,温州市
470,286083,726476,1024659,3C数码,88909197,1,1,1,1,1,1,1,1,1,1,1,,1,1,1,1,1,1,1,1,1,4,1,1,,,,,,,,1,,,,,1,4,,,,1,,1,,,,,1,1,1,1,1,1,,,,,,1,,,1,3,6,4,5,2,,,,,,7,,4,2,1,2,2,,1,,,1,1,,,,,1,2,1,3,1,6,2,2,3,,,很好地满足了我对平大卡的需求，比如说他的防护性更好了，然后他的配色更好看,1,2,3,1,1,2,5,2,2,3,,,"
觉得他并不好看，特别是她的外来说来说",1,新机光面款已经有很好的保护性，并且我觉得你另外一款更好看,1,1,3,2,一线,偏低,单身,广东省,深圳市
471,286083,726476,1024659,3C数码,88909262,1,1,1,1,1,,1,,,,1,,,,,1,,,,,1,3,1,1,,,,,,,,1,,,,,1,4,,,1,,,,,,,,,1,,1,1,,,,,1,,,,,,1,,2,4,,,,,3,,,,4,2,1,1,2,1,1,,,1,1,,,,,1,2,1,2,1,4,2,2,2,,,我觉得这个配色是蓝色，我个人不太喜欢冷色调的东西，产品本身是可以的,1,3,4,3,2,3,1,3,,,2,,我不喜欢后面的栅栏一样的设计感，觉得看得廉价,1,光面款总体设计是可以的，而且贴合比较好 保护效果不错,1,2,4,2,二线,低,未知,浙江省,杭州市
473,286083,726476,1024659,3C数码,88909278,1,1,1,1,1,,1,1,,1,1,,1,1,,,1,1,,,1,5,1,1,,,,,,,,1,,,,,1,4,,1,1,,1,,,,,,1,1,1,1,,1,,,1,1,,,,,1,2,3,5,,4,,,7,6,,,,5,2,1,1,2,1,1,,1,1,,,,,,1,1,1,2,2,3,2,3,,,,添加的东西都比较常见，附加价格太多的话就不想选了。,1,3,3,4,3,3,2,3,,,3,3,对于指纹，平常用的时候擦一擦就好了，个人不是很介意。,3,两款没有特别突出的优点。,2,1,3,2,一线,低,准备结婚期,广东省,深圳市
474,286083,726476,1024659,3C数码,88909289,,1,1,1,1,1,1,1,,1,1,,1,1,1,1,1,1,1,1,2,5,1,1,,,,,,,,1,,,,1,,4,,,1,,,,,,,,1,1,,,,1,,1,1,,1,1,,,2,3,,,,1,,5,7,,6,4,,6,2,1,2,2,,1,,1,1,,,,,,1,2,3,2,1,4,2,2,2,,,升级点都很真是，现实都会顾虑的点,1,2,3,2,2,1,4,2,2,2,,,有设计感的设计都很吸引我,2,更喜欢磨砂质感的产品，不易沾指纹更实用,2,1,3,2,二线,偏低,单身,安徽省,合肥市
475,286083,726476,1024659,3C数码,88909304,1,1,1,1,1,1,1,1,1,1,1,,1,1,1,1,1,1,1,1,1,4,1,1,,,,,,,,1,,,,,1,5,,1,,1,,1,,,,,1,1,,,,1,,1,1,,1,1,,,6,3,,,,4,,2,1,,7,5,,4,2,1,2,2,1,1,,1,1,1,1,,,,1,2,2,3,2,4,2,2,3,,,可以多付一点钱，但是溢价不能太多。,1,2,3,2,2,2,3,2,2,3,,,愿意多付一点钱，太贵就算了。,3,只是外观有点不同，主打功能还是差不多的。,2,1,5,2,一线,偏低,"已婚,育婴期,已育,已有房,已有车",广东省,广州市
476,286083,726476,1024659,3C数码,88909307,,1,,,1,,,1,,1,1,,1,1,,,1,1,1,,1,5,1,1,,,,,,,,1,,,,,1,5,1,1,,,,,1,,,,1,,,,,1,,,,,,1,,,2,,,,,1,,,,,,3,,5,2,1,2,2,1,1,,,,1,,,,,1,3,2,3,2,4,3,,,3,2,愿意实用性多功能,1,2,2,1,1,1,4,4,,,3,2,手感好,2,多用性质感好可以加,2,1,3,6,一线,偏低,"准备结婚期,育婴期,装修期,已有车",广东省,广州市
477,286083,726476,1024659,3C数码,88909340,1,1,1,1,1,1,1,1,1,1,1,,1,1,1,1,1,1,1,,1,5,1,1,,,,,,,,1,,,,,1,4,,1,1,1,,,,,,,,,,1,,1,,1,,,,,,,,,,2,,3,,1,,,,,,5,2,1,2,2,,1,,,,1,1,,,,1,2,2,2,1,5,2,2,2,,,多一个功能，或者多一个出彩的地方是可以适当加价的，毕竟一分钱一分货。防护，便利性都是比较不错的。,1,2,2,2,1,2,6,2,2,2,,,可以防指纹吧，油皮很容易留指纹，很不爽，防指纹功能很有用,2,防指纹功能，比较吸引人。,1,1,4,2,二线,低,未知,重庆,重庆市
478,286083,726476,1024659,3C数码,88909369,,1,,,,,,1,,,1,,1,,,1,1,1,1,,1,5,1,1,,,,,,,,1,,,,,1,4,,1,1,,1,,,,,,1,1,1,1,,,1,1,,,,1,,,1,2,3,5,,,7,4,,,,6,,5,2,1,1,1,1,1,,,1,,1,,,,1,1,1,1,1,6,1,1,1,,,防护升级，配色清新，有质感，日常使用方便,1,1,1,1,1,1,5,1,1,1,,,外观更好看，质感更好，防指纹，耐看,3,我可能两个都会买，都挺喜欢的，自己会买很多壳子,1,1,3,4,二线,中等,"已婚,已育,已有房,已有车",湖北省,武汉市
479,286083,726476,1024659,3C数码,88909400,1,,,,,,1,1,,,,,,,,,,,,,1,5,1,1,,,,,,1,,,,,,,1,4,1,1,,,,,1,,,,1,1,,1,,,,,,,,,,,1,2,,3,,,,,,,,,,7,1,1,1,1,1,1,,,,1,,,,,1,1,1,1,1,6,1,1,1,,,愿意,1,1,1,1,1,1,6,1,1,1,,,好用,1,功能好,1,1,4,3,五线,低,未知,河北省,保定市
480,286083,726476,1024659,3C数码,88909407,1,1,1,1,1,1,1,1,1,1,1,,1,1,1,1,1,1,1,1,1,5,1,1,,,,,,,,1,,,,,1,4,,1,,,1,1,,,,,1,1,,,,,,,,,,1,,,3,2,,,,,,,,,,1,,5,1,1,1,1,1,1,1,,,,,,,,1,1,1,1,1,6,1,2,2,,,符合我的喜好,1,1,1,1,1,1,5,2,2,2,,,更高级,3,两款都符合我的喜好,1,1,4,3,二线,偏低,"准备结婚期,育婴期,已有房",江苏省,常州市
481,286083,726476,1024659,3C数码,88909417,1,1,1,1,1,1,,1,,1,,,1,,1,,1,1,,,2,3,2,1,,,,,,,1,,,,,,1,5,,,,,1,1,1,,,,1,,,1,,,,,1,,1,1,,,1,,,5,,,,,4,,2,3,,3,1,1,1,2,1,1,,,,,,,,,1,1,1,2,1,5,1,2,2,,,实用效果好，满足需求,1,2,2,1,1,2,3,2,3,,,,感觉功能重要性不强,1,看起来更加舒服，同样价位更愿意选择光面的,2,1,3,4,二线,低,未知,广东省,佛山市
482,286083,726476,1024659,3C数码,88909419,1,1,1,1,1,1,1,1,1,1,1,,1,1,1,1,1,1,1,1,1,5,1,1,,,,,,,,1,,,,,1,4,1,1,1,1,1,1,1,,,,1,1,1,1,1,1,1,1,1,1,1,1,,,8,4,7,3,9,6,12,1,11,10,5,2,,5,1,1,1,2,1,1,1,1,1,1,1,,,,1,1,2,1,2,4,1,2,1,,,非常喜欢非常适合自己,1,1,2,1,2,1,4,1,2,1,,,非常喜欢非常适合自己,3,非常喜欢非常适合自己,1,1,4,2,一线,偏低,未知,上海,上海市
484,286083,726476,1024659,3C数码,88909428,1,1,1,1,1,,,1,1,1,1,1,,1,,1,,1,1,,1,3,1,1,,,,,,,,1,,,,,1,4,1,,1,1,,,,,,,1,1,1,1,1,,,1,1,1,1,1,,,5,1,7,6,4,,,2,8,3,9,10,,3,2,1,1,1,1,1,1,1,,1,1,,,,1,1,1,1,2,3,1,1,1,,,使用方便。方便携带,1,1,2,1,1,1,3,1,1,1,,,愿意,3,产品包装设计专业的,1,1,3,6,三线,中等,"已婚,育婴期,已育,已有房,已有车",广东省,惠州市
485,286083,726476,1024659,3C数码,88909429,,1,1,,,1,,1,1,1,1,,1,1,1,1,1,1,1,1,1,2,2,1,,,,,,,,1,,,,1,,4,,1,,,,,,,,,1,1,,,1,,,1,,1,1,1,,,2,1,,,7,,,4,,3,5,6,,2,2,1,2,2,1,1,,,,,,,,,1,2,2,3,3,3,2,3,,,,不是必须用的功能,1,1,1,1,1,2,2,2,3,,,,不是必用功能,2,设计好看,2,1,5,3,五线,低,未知,河北省,保定市
486,286083,726476,1024659,3C数码,88909461,1,1,1,,1,1,1,1,,1,1,,1,1,1,1,1,1,1,1,1,5,1,1,,,,,,,,1,,,,,1,4,,,,1,,1,,,,,1,1,1,1,1,1,1,1,1,1,1,1,,,7,3,5,6,10,4,8,12,9,11,2,1,,5,1,1,2,2,1,,1,1,,1,1,,,,1,2,1,2,2,3,1,2,2,,,全方位防震，笔槽方便随取  颜色搭配高级,1,2,2,1,1,2,3,1,2,2,,,比普通款的更防指纹,2,防指纹效果好,1,2,3,2,六线,偏低,"单身,已有车",广东省,梅州市
487,286083,726476,1024659,3C数码,88909462,1,1,1,1,1,1,1,,1,1,1,,1,1,1,1,1,1,1,1,2,6,1,1,,,,,,,,1,,,,,1,4,,,1,,,,1,,,,1,1,1,1,1,1,1,1,1,1,1,1,,,4,2,9,6,7,8,12,11,1,3,5,10,,6,1,1,1,1,1,1,,,,1,1,,,,1,2,2,2,2,4,2,2,4,,,普通防护和功能已足够，，,1,2,2,2,2,2,5,2,2,4,,,外观设计不错的,2,外观设计更好,1,2,5,2,二线,偏低,"已婚,已有车",江苏省,苏州市
488,286083,726476,1024659,3C数码,88909465,,1,,1,,,1,1,,1,1,,1,1,1,1,1,1,,,1,5,1,1,,,,,,,,1,,,,,1,4,1,1,,,,,1,,,,1,,,1,1,1,,1,,1,1,1,,,1,,,2,5,6,,7,,4,3,8,,5,1,1,2,2,1,1,,1,,1,,,,,1,1,1,2,2,6,1,1,2,,,"防护：全方位防护防震缓震
功能：一机多态，随用随取，磁吸拆分结构，使用起来多功能化
配色手感：磨砂手感，配色小清新，适合这个季节",1,1,2,1,1,1,6,1,2,3,,,"外观：在光面的基础上进行了升级，光棱背板增加了设计感。
防指纹：轻磨砂的质感，不容易留下指纹，更加耐脏，增加了使用寿命。
功能：防摔防震，磁吸可折叠，使用多功能化，可以根据不同的需求调整使用状态。",2,在价格相差不大的情况下，光栅款在光面款的基础上将背板调整为带纹理的微磨砂的背板，手感更加舒适，而且更加耐脏，不容易留下指纹，从外观上来看，也更加的有设计感更有层次感！,2,1,3,2,二线,偏低,单身,湖北省,武汉市
489,286083,726476,1024659,3C数码,88909473,,1,1,1,,1,1,1,,,1,,1,1,,1,,,,,1,7,1,1,,,,,,,,1,,,,,1,5,,,,1,,,,,,,1,1,1,1,1,1,,1,1,1,,1,,,2,1,3,6,9,5,,4,8,7,,10,,7,2,1,2,2,1,1,,,,,,,,,1,2,2,2,1,6,2,2,2,,,手感好，可以竖放，摆放时调整角度大，可拆卸不累手,1,2,2,2,1,2,5,2,2,2,,,防指纹，纹理有质感,2,长时间使用防手滑，防指纹，看起来更高级,2,1,3,4,二线,偏高,未知,吉林省,长春市
490,286083,726476,1024659,3C数码,88909482,1,1,1,1,1,1,1,1,1,,1,1,1,1,1,1,1,1,1,1,2,4,1,1,,,,,,,,1,,,,,1,4,,1,1,1,1,1,1,,,,,,1,1,1,,1,1,1,1,1,,,,,,5,6,1,,4,7,8,3,2,,,4,1,1,1,2,,1,,,1,1,1,,,,1,1,2,1,2,5,2,2,1,,,磨砂手感很好，一机多快，随取随用，全方位防御,1,2,2,3,1,3,5,2,2,2,,,外观简洁，很喜欢，摸上手感很棒,3,不能感觉比较好，能够起到一个防护的作用,1,1,3,3,五线,偏高,未知,广西壮族自治区,南宁市
491,286083,726476,1024659,3C数码,88909511,1,1,,,,1,,1,,1,,,,,,,,1,,1,1,5,1,1,,,,,,,,1,,,,,1,4,,,1,,,,,,,,,1,,,1,,,,,,,,,,,1,,,2,,,,,,,,,5,1,1,1,2,,1,,,1,,,,,,1,1,1,2,3,3,1,3,,,,一定程度多在大专的人和多部影片看不完但我觉得还是会期待啊期待你下次回归更有感觉呀好好看,1,1,1,1,1,1,7,2,3,,,,是因为一次的经历而不应该忘记一场没有人,1,一切为了人民利益为中心维护好党群安全关系至为党民所能维护党中央,2,1,4,3,三线,高,"已婚,育婴期,已育,装修期,已有房,已有车",浙江省,绍兴市
492,286083,726476,1024659,3C数码,88909533,1,1,1,1,1,1,1,1,1,1,1,,1,1,1,1,1,1,1,1,1,6,1,1,,,,,,,,1,,,,,1,4,,,,1,,,,,,,1,1,1,,,,,,1,1,,1,,,1,3,2,,,,,,4,5,,6,,6,1,1,1,1,1,1,1,1,1,1,1,,,,1,1,1,2,1,6,1,1,1,,,功能齐全，多个选择，吸引我购买，使用方便。,1,1,1,1,1,1,6,1,1,1,,,功能齐全，更强大，质感很好，值得购买。,2,功能性更强大，我喜欢这种设计感。,1,2,3,6,五线,低,"已婚,育婴期,已育,已有房,已有车",河北省,邢台市
493,286083,726476,1024659,3C数码,88909553,1,,1,1,1,1,1,1,,1,1,,1,1,1,1,1,1,1,1,1,4,1,1,,,,,,,,1,,,,,1,5,,,1,,1,,1,,,,1,,,1,1,,,1,1,,,,,,2,,,3,5,,,1,4,,,,,6,1,1,1,1,1,1,1,,1,1,,,,,1,2,3,2,1,6,2,2,1,,,外观简单、笔槽便利、配色较多,1,2,3,1,1,2,5,2,3,,,,不喜欢光栅背板的设计，喜欢简单一点的,1,喜欢简单一点的设计,1,1,4,2,三线,偏低,"准备结婚期,已有房,已有车",云南省,昆明市
494,286083,726476,1024659,3C数码,88909713,,1,1,1,,1,1,,,,1,,1,,,1,,,,,1,3,1,1,,,,,,,,1,,,,,1,4,,,,1,1,1,,,,,1,1,1,1,1,,,1,,1,,,,,1,2,7,5,6,,,3,,4,,,,3,1,1,1,1,1,1,,,1,,1,,,,1,1,2,1,2,3,2,2,2,,,价格,1,2,1,2,1,1,4,2,2,2,,,价格,1,价格，外观，防摔,2,2,4,2,一线,偏低,单身,北京,北京市
495,286083,726476,1024659,3C数码,88909733,1,1,1,1,1,1,1,1,,1,1,,1,1,1,1,1,1,,,1,5,1,1,,,,,,,,1,,,,,1,4,,,,1,1,,,,,,,,1,,,,,1,1,,,,,,,,1,,,,,3,2,,,,,5,1,1,2,2,1,1,,,1,,,,,,1,2,1,1,2,5,2,1,1,,,具有实用性，适合我的日常需求，可以买单,1,2,2,1,1,1,4,2,2,2,,,功能性不够强，可以考虑,2,相对而言，更符合我的审美,2,1,4,2,三线,低,"单身,育婴期,已有车",江苏省,扬州市
496,286083,726476,1024659,3C数码,88909777,1,1,1,1,1,1,1,1,1,1,1,,1,1,1,1,1,1,1,1,1,5,1,1,,,,,,,,1,,,,,1,4,1,,1,,,1,,,,,1,1,,1,,,,,,,,,,,1,3,,2,,,,,,,,,,5,1,1,1,1,,1,,1,,1,,,,,1,1,1,1,1,6,1,1,1,,,有所升级肯定会为之加价，值得,1,1,1,1,1,1,6,1,1,1,,,指纹弄在屏幕上脏脏的,1,更喜欢那个质感,1,1,3,3,二线,偏低,"已婚,已育,已有车",湖南省,长沙市
497,286083,726476,1024659,3C数码,88909823,,1,,,1,,1,,,,1,,,1,,1,,,,,1,2,1,1,,,,,,,,1,,,,,1,3,,,1,,,,,,,,1,1,,,1,,1,1,,,,,,,1,2,,,3,,4,5,,,,,,2,1,1,2,2,1,1,1,,,,1,,,,1,2,1,2,2,2,2,2,2,,,我觉得很方便,1,2,1,1,2,2,3,2,4,,,,我觉得不大喜欢,2,很好看,2,1,3,6,五线,偏低,准备结婚期,江西省,赣州市
498,286083,726476,1024659,3C数码,88909830,1,1,1,1,1,1,1,1,1,1,1,,1,1,1,1,1,1,1,1,1,4,2,1,,,,,,,,1,,,,,1,5,,,,,1,,,,,,1,1,1,1,1,,,,,1,,1,,,5,4,1,2,3,,,,,7,,6,,4,2,1,2,2,,1,,,,,,,,,1,2,2,1,3,4,2,2,4,,,我觉得加价在20以内我可以接受，再高就没必要了。,1,2,3,2,2,3,3,3,,,2,,我觉得和光滑的没差，没有特别喜欢,1,升级光面款更加清爽，符合我的审美吧应该说,2,1,4,2,三线,中等,未知,江苏省,镇江市
499,286083,726476,1024659,3C数码,88909836,1,1,1,,1,1,1,1,1,,1,,1,,1,,1,1,1,1,1,5,1,1,,,,,,,,1,,,,,1,4,,1,1,,,,,,,,1,1,,1,1,1,1,1,1,,,1,,,1,8,,7,9,6,2,3,5,,,4,,4,2,1,2,2,1,1,1,,1,1,1,,,,1,1,1,3,1,4,2,2,4,,,实用安全,1,1,2,1,1,1,6,1,2,3,,,磨砂质感，好看,2,磨砂质感,1,1,3,3,四线,低,未知,河北省,沧州市
500,286083,726476,1024659,3C数码,88910008,1,1,1,1,1,1,1,1,1,1,1,,1,1,1,1,1,1,1,1,1,5,1,1,,,,,,,,1,,,,,1,4,,,,1,,,,,,,1,1,,1,1,,,1,1,,,1,,,1,2,,7,3,,,4,5,,,6,,4,2,1,2,2,1,1,,,1,,,,,,1,2,1,3,2,5,2,2,3,,,满足我的需要，符合审美,1,2,3,2,2,2,5,2,3,,,,不粘指纹,2,不留指纹,2,1,3,2,一线,低,"已婚,已有车",广东省,广州市
501,286083,726476,1024659,3C数码,88910019,1,1,1,1,1,1,1,1,1,1,1,,1,1,1,1,1,1,1,1,1,2,1,1,,,,,,,,1,,,,,1,4,,,1,,,,,,,,1,1,,1,,1,1,1,,,1,1,,,1,2,,4,,3,8,7,,,5,6,,1,2,1,2,2,1,1,1,,,1,1,,,,1,2,2,1,1,3,2,2,4,,,防护效果还是前面几款性价比很高,1,4,4,4,4,4,1,4,,,2,,外观不是很喜欢,1,外观简洁大方，防护很好，性价比很高,1,1,4,4,三线,偏低,未知,浙江省,温州市
502,286083,726476,1024659,3C数码,88910049,1,1,1,1,1,1,1,1,1,1,1,,1,1,1,1,1,1,1,1,1,2,1,1,,,,,,,,1,,,,,1,4,,1,1,,1,,1,,,,1,,1,1,1,1,1,1,1,1,1,1,,,1,,5,9,10,3,8,2,11,6,4,7,,2,2,1,2,2,,,,,1,1,1,,,,1,2,1,2,2,4,2,2,3,,,"防护保护性真的能提高的话，愿意多付，最好有个对比视频，实验视频。
笔槽设计没有什么含金量，简单能放笔就行",1,2,2,1,1,2,5,2,2,3,,,更喜欢细线条的，线条再细一点可能更高颜值,1,光栅款线条不是很符合自己的审美，没必要加价购买,1,1,4,3,五线,偏低,"已婚,育婴期,已育",陕西省,咸阳市
503,286083,726476,1024659,3C数码,88910112,1,1,1,1,1,1,1,1,1,1,1,,1,1,1,1,1,1,1,1,1,3,1,1,,,,,,,,1,,,1,1,,4,,,,1,,,,,,,1,1,,,,,,,,,,,,,1,2,,,,,,,,,,,,2,1,1,2,2,1,1,,,1,,,,,,1,2,2,2,2,2,2,2,4,,,感觉颜值一般，保护力一般,1,2,2,2,1,2,2,2,4,,,,太贵了,2,没有指纹,1,1,3,3,三线,中等,"单身,育婴期",河北省,石家庄市
504,286083,726476,1024659,3C数码,88911026,1,1,1,1,,,1,1,,1,1,,1,1,1,1,1,1,,,1,2,1,1,,,,,,,,1,,,,,1,4,,,1,,,1,,,,,1,1,,1,,,,,,,,,,,1,2,,3,,,,,,,,,,4,2,1,2,2,1,1,,,,,,,,,1,2,2,3,2,3,2,3,,,,日常使用不多,1,2,3,2,2,3,3,3,,,2,,这个功能没有那么必须,2,性价比高一些,2,2,4,3,二线,中等,未知,浙江省,杭州市
505,286083,726476,1024659,3C数码,88911039,1,1,1,1,,,1,1,1,,1,,1,1,,1,1,1,,,1,5,1,1,,,,,,,,1,,,,,1,5,,,1,,1,,,,,,1,1,1,1,,,,1,,,,,,,4,1,5,2,,,,3,,,,,,5,2,1,2,2,1,1,,1,,1,,,,,1,1,1,2,1,6,1,2,2,,,不是什么创意升级，虽然防护更好但是显得臃肿，日常使用不太需要,1,2,1,2,1,2,6,1,2,3,,,材质很有新意，但是感觉手感不会太好，不确定是否值得加价,2,材质更有新意，外观更美观，不易沾指纹很好的功能,1,1,3,3,二线,中等,"已婚,已育",辽宁省,大连市
