编号,记录ID,投放ID,人群ID,人群名称,多选题,单选题,单选题,单选题,单选题,多选题,多选题,单选题,多选题,多选题,排序题,单选题,单选题,单选题,单选矩阵题,单选矩阵题,多选题,单选题,单选矩阵题,单选矩阵题,单选题,单选题,单选题,单选题,单选题,单选题,多行文本题,单选题,单选矩阵题,单选矩阵题,单选题,单选题,单选题,单选题,单选题,单选题,多行文本题,单选题,单选题,多行文本题,单选题,单选题,单选题,单选题,城市等级,购买力等级,人生阶段,常用收货省份,常用收货城市
编号,记录ID,投放ID,人群ID,人群名称,过去2年内，您购买过以下哪些产品？,您最近一次购买平板保护套大约是在什么时候？,您最近购买的平板保护套单价大约是多少？,您在购买该平板保护套时的决策角色是？,您目前主要使用的平板电脑品牌是？,您本人或您的亲友是否在以下行业工作？,过去3个月内，您参加过以下哪些类型的调研活动？,您的最高学历是？,您目前使用的平板保护套类型更接近以下哪一种？,您购买平板保护套时，通常会关注哪些因素？,请基于上述关注的因素，将下列选项按重要性排序。 （拖动选项右边的滑块排序）,如果购买一款质量、保护性和外观设计都比较好的iPad平板保护套，在不考虑具体品牌和促销活动的情况下，以下哪个价格区间最符合您的日常心理预期？,未来6个月内，您是否有购买或更换平板保护套的计划？,下面是一款市面上常见的【普通款】旋转磁吸拆分平板保护壳，售价为99元。 该产品支持磁吸拆分、横竖屏旋转和日常支撑使用，可满足看剧、学习、办公等平板使用场景。请根据您自己的真实购买判断作答以下题目。,如果您近期需要购买平板保护套，看到这款99元旋转磁吸拆分平板保护壳，您的购买意愿是？,您认为这款99元旋转磁吸拆分平板保护壳对您的吸引力如何？,您觉得这款产品最吸引您的地方是？,下面是一款在刚才99元【普通款】旋转磁吸拆分平板壳基础上进一步升级的新款产品。该【升级光面款】在保留磁吸拆分、横竖屏旋转和支撑使用功能的基础上，新增了以下三个升级点： ①四角气囊防护外显，提升防摔防磕的安全感； ②重新设计侧面直取笔槽，触控笔可从侧面直接拿取； ③提供更丰富、更个性化的配色选择。 请您先不考虑具体售价，只根据产品外观、功能和使用感受进行判断。,不考虑价格，您对这款升级光面款平板保护套的购买意愿是？,请评价以下升级点对您的吸引力。,相比刚才99元的【普通款】旋转磁吸拆分平板保护壳，如果新款增加“四角气囊防护外显、侧面直取笔槽、个性化配色”这三个升级点，您最多愿意多支付多少钱？,如果这款升级光面款 iPad 平板保护套售价为 119.9 元，您的购买意愿是？,如果同一款升级光面款 iPad 平板保护套售价为 129.9 元，您的购买意愿是？,如果同一款升级光面款 iPad 平板保护套售价为 139.9 元，您的购买意愿是？,如果同一款升级光面款 iPad 平板保护套售价为 109.9 元，您的购买意愿是？,如果同一款升级光面款 iPad 平板保护套售价为 99.9 元，您的购买意愿是？,您愿意或不愿意为这三个升级点多付钱的主要原因是什么,下面是一款在刚才升级光面款基础上进一步升级的【光栅款】平板保护套。 它保留前面【升级光面款】的四角气囊防护外显、侧面直取笔槽和个性化配色，同时将背板进一步升级为光栅纹理背板，具有微磨砂质感，相比普通光面背板更不易沾指纹。 除背板材质和纹理表现外，其他主要功能与升级光面款基本一致。 &nbsp; 请您先不考虑具体售价，只根据产品外观、材质和使用感受进行判断。,不考虑价格，您对这款光栅款平板保护套的购买意愿是？,请评价以下光栅背板特点对您的吸引力。,基于刚才的升级光面款，如果背板进一步升级为了现在这样“光栅纹理、微磨砂质感、不易沾指纹”，您最多愿意额外多支付多少钱？,如果这款光栅款 iPad 平板保护套售价为 129.9 元，您的购买意愿是？,如果这款光栅款 iPad 平板保护套售价为 139.9 元，您的购买意愿是？,如果这款光栅款 iPad 平板保护套售价为 149.9 元，您的购买意愿是？,如果这款光栅款 iPad 平板保护套售价为 119.9 元，您的购买意愿是？,如果这款光栅款 iPad 平板保护套售价为 109.9 元，您的购买意愿是？,您愿意或不愿意为光栅背板多付钱的主要原因是什么？,如果品牌最终只能在以下两款新品中选择一款推出，您更希望购买哪一款？,单题时长,请简单说明您这样选择的主要原因。,您购买数码配件时，是否愿意为外观设计、材质质感或颜色支付更高价格？,您的性别是？,您的年龄是？,您目前的身份/职业是？,城市等级,购买力等级,人生阶段,常用收货省份,常用收货城市
1,是,88844227,726476,1024659,"室内绿植/花卉,桌面收纳,运动鞋,平板电脑保护套/壳,手机贴膜,洗衣液/洗衣凝珠,洗面奶/洁面乳,鼠标/机械键盘,奶茶/咖啡,薯片/膨化食品,抽纸/卷纸,充电宝/移动电源,T恤/裙子,手机壳,贴片面膜,手机充电线/数据线,平板电脑,智能手表/手环",近12个月内,120–149元,完全由我自己决定购买哪个品牌和产品,Apple（苹果）,教育/培训/科研,食品/饮料/餐饮类,本科,磁吸不可拆分保护套,"防摔防磕/保护性强,支架稳定/角度好用,不易沾指纹/不易显脏,外观好看/有设计感,材质手感好,颜色选择丰富,轻薄便携,耐用不易坏,与平板搭配协调,品牌可信/品质稳定","品牌可信/品质稳定,防摔防磕/保护性强,材质手感好,与平板搭配协调,支架稳定/角度好用,轻薄便携,外观好看/有设计感,颜色选择丰富,不易沾指纹/不易显脏,耐用不易坏",120-149元,可能会,我已认真阅读,购买意愿: [可能会购买],吸引力: [比较吸引],"外观看起来简洁,支撑看剧/学习/办公",我已认真阅读,购买意愿: [可能会购买],四角气囊防护外显: [比较吸引];侧面直取笔槽: [比较吸引];更丰富、更个性化的配色选择: [比较吸引],愿意多付6-10元,可能会购买,可能会购买,可能会购买,-,-,没有不愿意,我已认真阅读,购买意愿: [说不清],光栅纹理背板的视觉效果: [一般];微磨砂质感: [一般];相比普通光面背板更不易沾指纹: [一般];整体看起来更特别/更有设计感: [一般],愿意多付5元以内,说不清,-,-,可能会购买,-,不太喜欢,13.78s,升级光面款,简洁,有时会,女,25-30岁,自由职业/个体经营,三线,低,未知,湖北省,襄阳市
2,是,88846219,726476,1024659,"桌面收纳,抽纸/卷纸,充电宝/移动电源,运动鞋,手机充电线/数据线,平板电脑保护套/壳,智能手表/手环,鼠标/机械键盘,无线蓝牙耳机,奶茶/咖啡,手机壳",近12个月内,120–149元,完全由我自己决定购买哪个品牌和产品,Apple（苹果）,以上均无,均未参加过,本科,"磁吸不可拆分保护套,旋转可拆分磁吸保护套","材质手感好,外观好看/有设计感,轻薄便携,耐用不易坏,防摔防磕/保护性强,支架稳定/角度好用,价格合适/性价比高","轻薄便携,防摔防磕/保护性强,支架稳定/角度好用,外观好看/有设计感,材质手感好,价格合适/性价比高,耐用不易坏",120-149元,可能会,我已认真阅读,购买意愿: [可能会购买],吸引力: [比较吸引],"磁吸拆分方便,可旋转使用,外观看起来简洁,价格合适",我已认真阅读,购买意愿: [肯定会购买],四角气囊防护外显: [非常吸引];侧面直取笔槽: [比较吸引];更丰富、更个性化的配色选择: [非常吸引],愿意多付16-20元,肯定会购买,肯定会购买,可能会购买,-,-,之前119.9和129.9已经让我先入为主了，觉得这价格很合适，再贵上去就要犹豫一下了，跟升级点倒是没什么关系,我已认真阅读,购买意愿: [肯定会购买],光栅纹理背板的视觉效果: [非常吸引];微磨砂质感: [非常吸引];相比普通光面背板更不易沾指纹: [比较吸引];整体看起来更特别/更有设计感: [非常吸引],愿意多付21元及以上,肯定会购买,肯定会购买,肯定会购买,-,-,我很喜欢这种设计，比之前那种光溜溜的拿起来手感要好很多，而且视觉效果更棒,15.08s,光栅款,光面款比起光栅款，看上去稍显廉价，而且手感不如后者，更何况后者还能防止指纹，视觉效果好很多，显得高级。,有时会,女,36-40岁,企业职员,一线,高,"已婚,育婴期,孝敬期",上海,上海市
3,是,88846224,726476,1024659,"洗衣液/洗衣凝珠,抽纸/卷纸,平板电脑保护套/壳,手机壳,手机充电线/数据线,桌面收纳,无线蓝牙耳机,洗面奶/洁面乳,鼠标/机械键盘,平板电脑,智能手表/手环,薯片/膨化食品,手机贴膜,运动鞋,充电宝/移动电源,T恤/裙子",近12个月内,150–199元,完全由我自己决定购买哪个品牌和产品,Apple（苹果）,以上均无,均未参加过,本科,键盘保护套,"防摔防磕/保护性强,支架稳定/角度好用,触控笔收纳和拿取方便,材质手感好,不易沾指纹/不易显脏,外观好看/有设计感,轻薄便携,品牌可信/品质稳定,价格合适/性价比高,与平板搭配协调,耐用不易坏,颜色选择丰富","耐用不易坏,与平板搭配协调,外观好看/有设计感,支架稳定/角度好用,材质手感好,防摔防磕/保护性强,不易沾指纹/不易显脏,触控笔收纳和拿取方便,价格合适/性价比高,品牌可信/品质稳定,轻薄便携,颜色选择丰富",150-199元,肯定会,我已认真阅读,购买意愿: [可能会购买],吸引力: [比较吸引],"可旋转使用,磁吸拆分方便,支撑看剧/学习/办公,价格合适,外观看起来简洁,保护性较好,品牌/品质感较好",我已认真阅读,购买意愿: [可能会购买],四角气囊防护外显: [非常吸引];侧面直取笔槽: [非常吸引];更丰富、更个性化的配色选择: [比较吸引],愿意多付11-15元,可能会购买,可能会购买,可能会购买,-,-,防护性能更好，笔槽拿取更便捷，适合日常使用,我已认真阅读,购买意愿: [肯定会购买],光栅纹理背板的视觉效果: [非常吸引];微磨砂质感: [非常吸引];相比普通光面背板更不易沾指纹: [非常吸引];整体看起来更特别/更有设计感: [非常吸引],愿意多付21元及以上,肯定会购买,肯定会购买,可能会购买,-,-,手感更舒适，更防滑，不留指纹，看着更高级,33.65s,光栅款,视觉效果更好，看上去更高级。同时更防滑，不留指纹,经常会,女,25-30岁,企业职员,二线,低,未知,辽宁省,沈阳市
4,是,88846229,726476,1024659,平板电脑保护套/壳,近12个月内,200元及以上,完全由我自己决定购买哪个品牌和产品,Apple（苹果）,以上均无,均未参加过,本科,"单壳（不带盖板）保护套,带笔槽保护套,键盘保护套","支架稳定/角度好用,防摔防磕/保护性强,触控笔收纳和拿取方便,轻薄便携,品牌可信/品质稳定","防摔防磕/保护性强,支架稳定/角度好用,轻薄便携,品牌可信/品质稳定,触控笔收纳和拿取方便",120-149元,肯定会,我已认真阅读,购买意愿: [可能会购买],吸引力: [非常吸引],"磁吸拆分方便,保护性较好,可旋转使用",我已认真阅读,购买意愿: [肯定会购买],侧面直取笔槽: [一般];四角气囊防护外显: [非常吸引];更丰富、更个性化的配色选择: [比较吸引],愿意多付6-10元,可能会购买,可能会购买,说不清,-,-,升级不是很明显 更喜欢功能上面的升级 而不是手感,我已认真阅读,购买意愿: [可能会购买],光栅纹理背板的视觉效果: [一般];微磨砂质感: [不太吸引];相比普通光面背板更不易沾指纹: [比较吸引];整体看起来更特别/更有设计感: [比较吸引],愿意多付5元以内,可能会购买,可能不会购买,-,-,-,比起光滑的有点不耐看,26.89s,升级光面款,光面外观的更好看 光滑 ,有时会,女,25-30岁,其他,六线,中等,未知,陕西省,商洛市
5,是,88898325,726476,1024659,"无线蓝牙耳机,平板电脑保护套/壳,室内绿植/花卉,充电宝/移动电源,洗衣液/洗衣凝珠,手机壳,奶茶/咖啡,洗面奶/洁面乳,智能手表/手环,鼠标/机械键盘,贴片面膜,手机贴膜,平板电脑",近12个月内,150–199元,完全由我自己决定购买哪个品牌和产品,Apple（苹果）,以上均无,均未参加过,硕士及以上,键盘保护套,"支架稳定/角度好用,品牌可信/品质稳定,与平板搭配协调,轻薄便携,不易沾指纹/不易显脏,外观好看/有设计感,触控笔收纳和拿取方便,防摔防磕/保护性强,颜色选择丰富,材质手感好,耐用不易坏","品牌可信/品质稳定,支架稳定/角度好用,防摔防磕/保护性强,与平板搭配协调,外观好看/有设计感,材质手感好,轻薄便携,触控笔收纳和拿取方便,耐用不易坏,不易沾指纹/不易显脏,颜色选择丰富",150-199元,可能会,我已认真阅读,购买意愿: [可能会购买],吸引力: [比较吸引],"磁吸拆分方便,支撑看剧/学习/办公,外观看起来简洁,保护性较好,品牌/品质感较好,可旋转使用",我已认真阅读,购买意愿: [肯定会购买],四角气囊防护外显: [非常吸引];侧面直取笔槽: [非常吸引];更丰富、更个性化的配色选择: [比较吸引],愿意多付21元及以上,肯定会购买,肯定会购买,肯定会购买,-,-,升级的电视都在我的喜好上，看起来很好高级，也很好安全,我已认真阅读,购买意愿: [肯定会购买],光栅纹理背板的视觉效果: [非常吸引];微磨砂质感: [非常吸引];相比普通光面背板更不易沾指纹: [比较吸引];整体看起来更特别/更有设计感: [非常吸引],愿意多付16-20元,肯定会购买,肯定会购买,肯定会购买,-,-,增加更多高级感，突显品味,27.08s,光栅款,很好高级，更有质感,经常会,男,25-30岁,企业职员,二线,低,"已婚,育婴期,装修期,已有房",安徽省,合肥市
6,是,88898358,726476,1024659,"充电宝/移动电源,手机壳,平板电脑,室内绿植/花卉,平板电脑保护套/壳,抽纸/卷纸,运动鞋,手机充电线/数据线,智能手表/手环",近12个月内,120–149元,完全由我自己决定购买哪个品牌和产品,Apple（苹果）,以上均无,均未参加过,本科,"带笔槽保护套,磁吸不可拆分保护套,旋转可拆分磁吸保护套","支架稳定/角度好用,防摔防磕/保护性强,轻薄便携,品牌可信/品质稳定,耐用不易坏,材质手感好","品牌可信/品质稳定,防摔防磕/保护性强,材质手感好,轻薄便携,耐用不易坏,支架稳定/角度好用",100-119元,肯定会,我已认真阅读,购买意愿: [肯定会购买],吸引力: [非常吸引],"保护性较好,品牌/品质感较好,磁吸拆分方便,可旋转使用",我已认真阅读,购买意愿: [肯定会购买],四角气囊防护外显: [比较吸引];侧面直取笔槽: [非常吸引];更丰富、更个性化的配色选择: [非常吸引],愿意多付11-15元,肯定会购买,可能会购买,可能会购买,-,-,价值不太值，超出预期,我已认真阅读,购买意愿: [肯定会购买],光栅纹理背板的视觉效果: [非常吸引];微磨砂质感: [非常吸引];相比普通光面背板更不易沾指纹: [非常吸引];整体看起来更特别/更有设计感: [非常吸引],愿意多付21元及以上,肯定会购买,肯定会购买,可能会购买,-,-,有点贵，价格不太合适入手,20.54s,升级光面款,价格一样的话，这款比较好看并且方便，不会坏的快，颜色也不错,经常会,女,25-30岁,自由职业/个体经营,一线,偏低,"已婚,育婴期,已育,已有房,已有车",广东省,深圳市
7,是,88898407,726476,1024659,"无线蓝牙耳机,T恤/裙子,洗面奶/洁面乳,薯片/膨化食品,手机充电线/数据线,贴片面膜,抽纸/卷纸,充电宝/移动电源,平板电脑,手机贴膜,鼠标/机械键盘,智能手表/手环,运动鞋,桌面收纳,平板电脑保护套/壳,室内绿植/花卉,奶茶/咖啡,洗衣液/洗衣凝珠,手机壳",近12个月内,120–149元,完全由我自己决定购买哪个品牌和产品,Apple（苹果）,以上均无,均未参加过,本科,"旋转可拆分磁吸保护套,键盘保护套,磁吸不可拆分保护套","防摔防磕/保护性强,外观好看/有设计感,材质手感好,支架稳定/角度好用,品牌可信/品质稳定,不易沾指纹/不易显脏,触控笔收纳和拿取方便,与平板搭配协调,耐用不易坏,轻薄便携,颜色选择丰富","防摔防磕/保护性强,不易沾指纹/不易显脏,支架稳定/角度好用,触控笔收纳和拿取方便,耐用不易坏,与平板搭配协调,品牌可信/品质稳定,轻薄便携,材质手感好,外观好看/有设计感,颜色选择丰富",120-149元,可能会,我已认真阅读,购买意愿: [肯定会购买],吸引力: [非常吸引],"可旋转使用,磁吸拆分方便,支撑看剧/学习/办公,外观看起来简洁,价格合适,保护性较好,品牌/品质感较好",我已认真阅读,购买意愿: [肯定会购买],四角气囊防护外显: [非常吸引];更丰富、更个性化的配色选择: [比较吸引];侧面直取笔槽: [非常吸引],愿意多付16-20元,肯定会购买,肯定会购买,肯定会购买,-,-,四脚气囊升级，平板最容易遇到的以及最心疼的碎屏问题是最最关键的核心，所以愿意多支付,我已认真阅读,购买意愿: [肯定会购买],光栅纹理背板的视觉效果: [非常吸引];微磨砂质感: [比较吸引];相比普通光面背板更不易沾指纹: [非常吸引];整体看起来更特别/更有设计感: [非常吸引],愿意多付16-20元,肯定会购买,肯定会购买,肯定会购买,-,-,一机多态，很吸引人，满足平板各个角度使用情况,33.82s,升级光面款,材料质感提升，和日常使用场景更搭，不易沾指纹细节好评,经常会,男,25-30岁,专业人士,一线,偏低,准备结婚期,上海,上海市
8,是,88898423,726476,1024659,"平板电脑,平板电脑保护套/壳,充电宝/移动电源,洗面奶/洁面乳,奶茶/咖啡,运动鞋,手机贴膜,智能手表/手环,手机壳,T恤/裙子,鼠标/机械键盘,抽纸/卷纸,贴片面膜,无线蓝牙耳机",近12个月内,120–149元,完全由我自己决定购买哪个品牌和产品,Apple（苹果）,以上均无,均未参加过,本科,磁吸不可拆分保护套,"防摔防磕/保护性强,价格合适/性价比高,支架稳定/角度好用,触控笔收纳和拿取方便","防摔防磕/保护性强,价格合适/性价比高,支架稳定/角度好用,触控笔收纳和拿取方便",120-149元,肯定会,我已认真阅读,购买意愿: [可能会购买],吸引力: [非常吸引],"价格合适,保护性较好,磁吸拆分方便",我已认真阅读,购买意愿: [可能会购买],四角气囊防护外显: [比较吸引];侧面直取笔槽: [非常吸引];更丰富、更个性化的配色选择: [非常吸引],愿意多付16-20元,可能会购买,可能会购买,说不清,-,-,没钱,我已认真阅读,购买意愿: [说不清],光栅纹理背板的视觉效果: [一般];微磨砂质感: [一般];相比普通光面背板更不易沾指纹: [比较吸引];整体看起来更特别/更有设计感: [一般],愿意多付6-10元,可能会购买,说不清,-,-,-,价格高,6.11s,升级光面款,功能满足,有时会,女,25-30岁,其他,一线,偏高,单身,广东省,深圳市
9,是,88898446,726476,1024659,"薯片/膨化食品,智能手表/手环,洗衣液/洗衣凝珠,鼠标/机械键盘,运动鞋,手机充电线/数据线,洗面奶/洁面乳,桌面收纳,无线蓝牙耳机,手机贴膜,充电宝/移动电源,手机壳,平板电脑保护套/壳,平板电脑,奶茶/咖啡,贴片面膜",近12个月内,120–149元,完全由我自己决定购买哪个品牌和产品,Apple（苹果）,以上均无,均未参加过,本科,"单壳（不带盖板）保护套,磁吸不可拆分保护套,键盘保护套","轻薄便携,与平板搭配协调,耐用不易坏,品牌可信/品质稳定","品牌可信/品质稳定,耐用不易坏,轻薄便携,与平板搭配协调",120-149元,可能会,我已认真阅读,购买意愿: [可能会购买],吸引力: [非常吸引],"磁吸拆分方便,价格合适,保护性较好,品牌/品质感较好",我已认真阅读,购买意愿: [可能会购买],四角气囊防护外显: [非常吸引];侧面直取笔槽: [比较吸引];更丰富、更个性化的配色选择: [比较吸引],愿意多付11-15元,可能会购买,可能会购买,说不清,-,-,愿意从防护和配色轻便角度多付点钱,我已认真阅读,购买意愿: [说不清],光栅纹理背板的视觉效果: [比较吸引];微磨砂质感: [非常吸引];相比普通光面背板更不易沾指纹: [比较吸引];整体看起来更特别/更有设计感: [比较吸引],愿意多付6-10元,说不清,-,-,可能会购买,-,外观设计感不错，防滑和防指纹值得多一点钱,33.28s,升级光面款,比较喜欢光面一些，光栅版花哨了一点,有时会,男,25-30岁,企业职员,二线,低,未知,湖北省,武汉市
10,是,88898467,726476,1024659,"手机贴膜,手机充电线/数据线,无线蓝牙耳机,洗衣液/洗衣凝珠,薯片/膨化食品,奶茶/咖啡,平板电脑保护套/壳,T恤/裙子,运动鞋,室内绿植/花卉,洗面奶/洁面乳,手机壳,贴片面膜,充电宝/移动电源,抽纸/卷纸,智能手表/手环,平板电脑,桌面收纳,鼠标/机械键盘",近12个月内,100–119元,完全由我自己决定购买哪个品牌和产品,Apple（苹果）,以上均无,均未参加过,本科,磁吸不可拆分保护套,"支架稳定/角度好用,防摔防磕/保护性强,材质手感好,不易沾指纹/不易显脏,品牌可信/品质稳定,外观好看/有设计感","防摔防磕/保护性强,品牌可信/品质稳定,材质手感好,外观好看/有设计感,支架稳定/角度好用,不易沾指纹/不易显脏",100-119元,可能会,我已认真阅读,购买意愿: [肯定会购买],吸引力: [非常吸引],"磁吸拆分方便,可旋转使用,保护性较好,品牌/品质感较好",我已认真阅读,购买意愿: [肯定会购买],四角气囊防护外显: [非常吸引];侧面直取笔槽: [非常吸引];更丰富、更个性化的配色选择: [非常吸引],愿意多付6-10元,肯定会购买,肯定会购买,可能会购买,-,-,有一些不太重要,我已认真阅读,购买意愿: [肯定会购买],相比普通光面背板更不易沾指纹: [非常吸引];整体看起来更特别/更有设计感: [非常吸引];微磨砂质感: [非常吸引];光栅纹理背板的视觉效果: [非常吸引],愿意多付6-10元,肯定会购买,可能会购买,说不清,-,-,并没有那么重要,8.53s,两款都可以，没有明显偏好,两款的功能都差不多,经常会,女,31-35岁,专业人士,二线,中等,未知,江苏省,无锡市
11,是,88898477,726476,1024659,"充电宝/移动电源,手机充电线/数据线,平板电脑保护套/壳,平板电脑,抽纸/卷纸,无线蓝牙耳机,手机壳,T恤/裙子,运动鞋,薯片/膨化食品,奶茶/咖啡,洗衣液/洗衣凝珠,手机贴膜,智能手表/手环,洗面奶/洁面乳",近12个月内,50–79元,完全由我自己决定购买哪个品牌和产品,Apple（苹果）,教育/培训/科研,均未参加过,本科,磁吸不可拆分保护套,"防摔防磕/保护性强,支架稳定/角度好用,耐用不易坏,价格合适/性价比高","防摔防磕/保护性强,耐用不易坏,价格合适/性价比高,支架稳定/角度好用",50-79元,肯定会,我已认真阅读,购买意愿: [可能会购买],吸引力: [比较吸引],"可旋转使用,磁吸拆分方便,保护性较好,支撑看剧/学习/办公",我已认真阅读,购买意愿: [可能会购买],四角气囊防护外显: [比较吸引];侧面直取笔槽: [比较吸引];更丰富、更个性化的配色选择: [比较吸引],愿意多付6-10元,可能会购买,可能不会购买,-,-,-,价格不是我最想要的,我已认真阅读,购买意愿: [可能会购买],光栅纹理背板的视觉效果: [比较吸引];微磨砂质感: [比较吸引];相比普通光面背板更不易沾指纹: [比较吸引];整体看起来更特别/更有设计感: [比较吸引],愿意多付6-10元,可能不会购买,-,-,可能不会购买,可能不会购买,还是有点贵了,7.55s,升级光面款,外观好看,有时会,女,25-30岁,企业职员,二线,中等,"准备结婚期,育婴期,已育",广东省,佛山市
12,是,88898482,726476,1024659,"奶茶/咖啡,洗衣液/洗衣凝珠,充电宝/移动电源,智能手表/手环,手机充电线/数据线,手机壳,桌面收纳,贴片面膜,无线蓝牙耳机,手机贴膜,运动鞋,T恤/裙子,平板电脑,洗面奶/洁面乳,抽纸/卷纸,薯片/膨化食品,平板电脑保护套/壳",近12个月内,120–149元,完全由我自己决定购买哪个品牌和产品,Apple（苹果）,以上均无,均未参加过,本科,"透明/半透明保护壳,单壳（不带盖板）保护套,普通翻盖保护套","不易沾指纹/不易显脏,轻薄便携,与平板搭配协调,耐用不易坏,品牌可信/品质稳定,触控笔收纳和拿取方便,防摔防磕/保护性强,支架稳定/角度好用","品牌可信/品质稳定,不易沾指纹/不易显脏,触控笔收纳和拿取方便,轻薄便携,支架稳定/角度好用,防摔防磕/保护性强,与平板搭配协调,耐用不易坏",120-149元,可能会,我已认真阅读,购买意愿: [肯定会购买],吸引力: [比较吸引],"可旋转使用,磁吸拆分方便,支撑看剧/学习/办公,价格合适,外观看起来简洁,保护性较好,品牌/品质感较好",我已认真阅读,购买意愿: [肯定会购买],四角气囊防护外显: [非常吸引];侧面直取笔槽: [非常吸引];更丰富、更个性化的配色选择: [比较吸引],愿意多付16-20元,肯定会购买,肯定会购买,可能会购买,-,-,各方面都符合我的需求，价钱也在接受范围。,我已认真阅读,购买意愿: [肯定会购买],光栅纹理背板的视觉效果: [非常吸引];微磨砂质感: [非常吸引];相比普通光面背板更不易沾指纹: [非常吸引];整体看起来更特别/更有设计感: [比较吸引],愿意多付21元及以上,肯定会购买,肯定会购买,可能会购买,-,-,各方面都符合需求，愿意多付钱的原因是防指纹。,78.25s,光栅款,更喜欢防指纹的，防指纹的更值得加钱价钱贵一点也无所谓。,经常会,女,25-30岁,自由职业/个体经营,六线,高,"已婚,育婴期,已育,已有车",广东省,云浮市
13,是,88898497,726476,1024659,"洗衣液/洗衣凝珠,运动鞋,充电宝/移动电源,T恤/裙子,手机贴膜,薯片/膨化食品,奶茶/咖啡,无线蓝牙耳机,手机充电线/数据线,智能手表/手环,抽纸/卷纸,室内绿植/花卉,平板电脑保护套/壳,鼠标/机械键盘,平板电脑,手机壳,洗面奶/洁面乳,贴片面膜",近12个月内,150–199元,完全由我自己决定购买哪个品牌和产品,Apple（苹果）,以上均无,均未参加过,本科,"旋转可拆分磁吸保护套,键盘保护套","防摔防磕/保护性强,支架稳定/角度好用,触控笔收纳和拿取方便,轻薄便携,颜色选择丰富,价格合适/性价比高,与平板搭配协调,材质手感好","轻薄便携,与平板搭配协调,价格合适/性价比高,支架稳定/角度好用,防摔防磕/保护性强,触控笔收纳和拿取方便,材质手感好,颜色选择丰富",150-199元,肯定会,我已认真阅读,购买意愿: [肯定会购买],吸引力: [非常吸引],"磁吸拆分方便,支撑看剧/学习/办公,外观看起来简洁,保护性较好,可旋转使用",我已认真阅读,购买意愿: [可能会购买],四角气囊防护外显: [非常吸引];侧面直取笔槽: [非常吸引];更丰富、更个性化的配色选择: [比较吸引],愿意多付11-15元,可能会购买,肯定会购买,可能会购买,-,-,颜色简洁一点即可，不必为了颜色多花钱。,我已认真阅读,购买意愿: [肯定会购买],光栅纹理背板的视觉效果: [非常吸引];微磨砂质感: [非常吸引];相比普通光面背板更不易沾指纹: [比较吸引];整体看起来更特别/更有设计感: [非常吸引],愿意多付11-15元,可能会购买,可能会购买,肯定会购买,-,-,四个角加了保护。,13.36s,升级光面款,喜欢简约的款式。,有时会,女,31-35岁,自由职业/个体经营,二线,中等,"已婚,育婴期,已育,已有房,已有车",广东省,佛山市
14,是,88898514,726476,1024659,"手机壳,薯片/膨化食品,抽纸/卷纸,手机充电线/数据线,充电宝/移动电源,智能手表/手环,鼠标/机械键盘,洗衣液/洗衣凝珠,贴片面膜,无线蓝牙耳机,室内绿植/花卉,平板电脑,平板电脑保护套/壳,手机贴膜,T恤/裙子,洗面奶/洁面乳,运动鞋,桌面收纳",近12个月内,120–149元,主要由我自己决定，偶尔参考他人意见,Apple（苹果）,以上均无,均未参加过,本科,"磁吸不可拆分保护套,旋转可拆分磁吸保护套","防摔防磕/保护性强,触控笔收纳和拿取方便,不易沾指纹/不易显脏,颜色选择丰富,品牌可信/品质稳定,耐用不易坏","品牌可信/品质稳定,耐用不易坏,不易沾指纹/不易显脏,防摔防磕/保护性强,颜色选择丰富,触控笔收纳和拿取方便",120-149元,可能会,我已认真阅读,购买意愿: [可能会购买],吸引力: [非常吸引],"外观看起来简洁,品牌/品质感较好,磁吸拆分方便",我已认真阅读,购买意愿: [说不清],四角气囊防护外显: [一般];侧面直取笔槽: [比较吸引];更丰富、更个性化的配色选择: [非常吸引],愿意多付11-15元,可能不会购买,-,-,可能会购买,-,款式吸引人,我已认真阅读,购买意愿: [可能会购买],光栅纹理背板的视觉效果: [比较吸引];微磨砂质感: [一般];相比普通光面背板更不易沾指纹: [一般];整体看起来更特别/更有设计感: [比较吸引],愿意多付6-10元,可能不会购买,-,-,可能不会购买,可能会购买,款式不好看,12.24s,两款都可以，没有明显偏好,外观颜色,经常会,女,36-40岁,自由职业/个体经营,三线,低,未知,浙江省,金华市
15,是,88898515,726476,1024659,"贴片面膜,洗面奶/洁面乳,洗衣液/洗衣凝珠,桌面收纳,智能手表/手环,手机壳,室内绿植/花卉,抽纸/卷纸,T恤/裙子,奶茶/咖啡,平板电脑保护套/壳,充电宝/移动电源,手机贴膜,无线蓝牙耳机,手机充电线/数据线,平板电脑,薯片/膨化食品,运动鞋",近13-24个月内,100–119元,完全由我自己决定购买哪个品牌和产品,Apple（苹果）,以上均无,均未参加过,本科,"旋转可拆分磁吸保护套,带笔槽保护套,单壳（不带盖板）保护套,键盘保护套","防摔防磕/保护性强,支架稳定/角度好用,触控笔收纳和拿取方便,品牌可信/品质稳定,与平板搭配协调","与平板搭配协调,支架稳定/角度好用,品牌可信/品质稳定,防摔防磕/保护性强,触控笔收纳和拿取方便",100-119元,可能会,我已认真阅读,购买意愿: [肯定会购买],吸引力: [非常吸引],"可旋转使用,磁吸拆分方便,品牌/品质感较好,外观看起来简洁,保护性较好",我已认真阅读,购买意愿: [肯定会购买],四角气囊防护外显: [非常吸引];侧面直取笔槽: [比较吸引];更丰富、更个性化的配色选择: [非常吸引],愿意多付11-15元,肯定会购买,可能会购买,可能会购买,-,-,物超所值，非常有科技感，适合时下年轻人,我已认真阅读,购买意愿: [肯定会购买],光栅纹理背板的视觉效果: [非常吸引];相比普通光面背板更不易沾指纹: [非常吸引];微磨砂质感: [非常吸引];整体看起来更特别/更有设计感: [非常吸引],愿意多付11-15元,肯定会购买,肯定会购买,肯定会购买,-,-,高端大气上档次，有科技感，非常有吸引力,98.86s,升级光面款,配色好看，有高端感，让人非常想购买。,经常会,女,31-35岁,自由职业/个体经营,三线,低,"准备结婚期,育婴期,已育",广东省,中山市
16,是,88898520,726476,1024659,"手机贴膜,T恤/裙子,平板电脑保护套/壳,抽纸/卷纸,室内绿植/花卉,奶茶/咖啡,手机壳,洗面奶/洁面乳,贴片面膜,智能手表/手环,鼠标/机械键盘,薯片/膨化食品,运动鞋,充电宝/移动电源,无线蓝牙耳机,洗衣液/洗衣凝珠,平板电脑",近12个月内,50–79元,完全由我自己决定购买哪个品牌和产品,Apple（苹果）,以上均无,均未参加过,硕士及以上,"键盘保护套,带笔槽保护套,旋转可拆分磁吸保护套,透明/半透明保护壳","触控笔收纳和拿取方便,外观好看/有设计感,轻薄便携,品牌可信/品质稳定,与平板搭配协调,防摔防磕/保护性强,支架稳定/角度好用","外观好看/有设计感,防摔防磕/保护性强,支架稳定/角度好用,轻薄便携,品牌可信/品质稳定,触控笔收纳和拿取方便,与平板搭配协调",50-79元,可能会,我已认真阅读,购买意愿: [可能会购买],吸引力: [比较吸引],"可旋转使用,磁吸拆分方便,外观看起来简洁,保护性较好,支撑看剧/学习/办公",我已认真阅读,购买意愿: [可能会购买],更丰富、更个性化的配色选择: [比较吸引];四角气囊防护外显: [非常吸引];侧面直取笔槽: [比较吸引],愿意多付6-10元,可能会购买,可能会购买,可能会购买,-,-,防护性更好，配色更丰富，使用体验更方便,我已认真阅读,购买意愿: [可能会购买],光栅纹理背板的视觉效果: [比较吸引];微磨砂质感: [比较吸引];相比普通光面背板更不易沾指纹: [非常吸引];整体看起来更特别/更有设计感: [比较吸引],愿意多付11-15元,可能会购买,可能会购买,可能会购买,-,-,外观设计更好看，比之前其他款式特别,15.81s,光栅款,更不容易沾指纹，日常使用更美观,有时会,女,25-30岁,专业人士,三线,低,"已婚,育婴期,已有房,已有车",山东省,潍坊市
17,是,88898521,726476,1024659,"室内绿植/花卉,贴片面膜,手机充电线/数据线,鼠标/机械键盘,洗衣液/洗衣凝珠,平板电脑,手机贴膜,薯片/膨化食品,手机壳,无线蓝牙耳机,平板电脑保护套/壳,桌面收纳,奶茶/咖啡,智能手表/手环,运动鞋,T恤/裙子,充电宝/移动电源,抽纸/卷纸,洗面奶/洁面乳",近12个月内,120–149元,完全由我自己决定购买哪个品牌和产品,Apple（苹果）,以上均无,均未参加过,本科,"单壳（不带盖板）保护套,磁吸不可拆分保护套,带笔槽保护套","触控笔收纳和拿取方便,颜色选择丰富,支架稳定/角度好用,外观好看/有设计感,防摔防磕/保护性强,轻薄便携,与平板搭配协调,品牌可信/品质稳定,耐用不易坏","触控笔收纳和拿取方便,颜色选择丰富,品牌可信/品质稳定,耐用不易坏,防摔防磕/保护性强,与平板搭配协调,支架稳定/角度好用,外观好看/有设计感,轻薄便携",120-149元,肯定会,我已认真阅读,购买意愿: [可能会购买],吸引力: [比较吸引],"可旋转使用,支撑看剧/学习/办公,外观看起来简洁,保护性较好",我已认真阅读,购买意愿: [肯定会购买],四角气囊防护外显: [非常吸引];侧面直取笔槽: [比较吸引];更丰富、更个性化的配色选择: [比较吸引],愿意多付16-20元,肯定会购买,可能会购买,可能会购买,-,-,超出预算了,我已认真阅读,购买意愿: [肯定会购买],光栅纹理背板的视觉效果: [比较吸引];微磨砂质感: [非常吸引];相比普通光面背板更不易沾指纹: [比较吸引];整体看起来更特别/更有设计感: [非常吸引],愿意多付16-20元,可能会购买,说不清,-,-,-,太贵了,12.12s,光栅款,很有吸引力,经常会,女,25-30岁,其他,一线,低,未知,北京,北京市
18,是,88898523,726476,1024659,"平板电脑保护套/壳,手机壳,充电宝/移动电源,手机贴膜,手机充电线/数据线",近12个月内,120–149元,完全由我自己决定购买哪个品牌和产品,Apple（苹果）,教育/培训/科研,均未参加过,本科,旋转可拆分磁吸保护套,"防摔防磕/保护性强,触控笔收纳和拿取方便,外观好看/有设计感,轻薄便携,价格合适/性价比高","价格合适/性价比高,防摔防磕/保护性强,轻薄便携,触控笔收纳和拿取方便,外观好看/有设计感",120-149元,肯定会,我已认真阅读,购买意愿: [可能会购买],吸引力: [比较吸引],"磁吸拆分方便,可旋转使用,保护性较好,品牌/品质感较好",我已认真阅读,购买意愿: [肯定会购买],四角气囊防护外显: [非常吸引];侧面直取笔槽: [非常吸引];更丰富、更个性化的配色选择: [非常吸引],愿意多付11-15元,可能会购买,可能会购买,可能会购买,-,-,愿意,我已认真阅读,购买意愿: [肯定会购买],光栅纹理背板的视觉效果: [非常吸引];微磨砂质感: [比较吸引];相比普通光面背板更不易沾指纹: [比较吸引];整体看起来更特别/更有设计感: [非常吸引],愿意多付16-20元,可能会购买,可能会购买,可能会购买,-,-,质感好，防指纹用处多,31.77s,光栅款,价格比较合理，不易打滑，不沾手，更有质感,经常会,女,31-35岁,专业人士,四线,低,未知,河南省,焦作市
19,是,88898524,726476,1024659,"手机贴膜,手机壳,抽纸/卷纸,无线蓝牙耳机,手机充电线/数据线,充电宝/移动电源,奶茶/咖啡,智能手表/手环,贴片面膜,薯片/膨化食品,洗衣液/洗衣凝珠,鼠标/机械键盘,平板电脑,T恤/裙子,洗面奶/洁面乳,运动鞋,室内绿植/花卉,桌面收纳,平板电脑保护套/壳",近12个月内,120–149元,完全由我自己决定购买哪个品牌和产品,Apple（苹果）,以上均无,均未参加过,硕士及以上,磁吸不可拆分保护套,"防摔防磕/保护性强,支架稳定/角度好用,轻薄便携,颜色选择丰富,与平板搭配协调","与平板搭配协调,防摔防磕/保护性强,颜色选择丰富,轻薄便携,支架稳定/角度好用",120-149元,肯定会,我已认真阅读,购买意愿: [肯定会购买],吸引力: [非常吸引],"可旋转使用,磁吸拆分方便,价格合适,品牌/品质感较好",我已认真阅读,购买意愿: [肯定会购买],四角气囊防护外显: [非常吸引];侧面直取笔槽: [非常吸引];更丰富、更个性化的配色选择: [非常吸引],愿意多付16-20元,肯定会购买,肯定会购买,可能会购买,-,-,外观好看,我已认真阅读,购买意愿: [肯定会购买],光栅纹理背板的视觉效果: [非常吸引];微磨砂质感: [非常吸引];相比普通光面背板更不易沾指纹: [非常吸引];整体看起来更特别/更有设计感: [非常吸引],愿意多付11-15元,肯定会购买,肯定会购买,可能会购买,-,-,比较实用,7.76s,光栅款,功能更加强大,经常会,女,25-30岁,企业职员,二线,偏低,未知,辽宁省,沈阳市
20,是,88898533,726476,1024659,"平板电脑保护套/壳,平板电脑,手机贴膜,手机充电线/数据线,充电宝/移动电源,手机壳",近12个月内,120–149元,完全由我自己决定购买哪个品牌和产品,Apple（苹果）,以上均无,均未参加过,本科,"单壳（不带盖板）保护套,普通翻盖保护套,透明/半透明保护壳","不易沾指纹/不易显脏,品牌可信/品质稳定,耐用不易坏,轻薄便携,价格合适/性价比高,材质手感好,防摔防磕/保护性强,支架稳定/角度好用","材质手感好,轻薄便携,不易沾指纹/不易显脏,耐用不易坏,品牌可信/品质稳定,支架稳定/角度好用,价格合适/性价比高,防摔防磕/保护性强",120-149元,肯定会,我已认真阅读,购买意愿: [肯定会购买],吸引力: [非常吸引],"品牌/品质感较好,保护性较好,磁吸拆分方便,可旋转使用",我已认真阅读,购买意愿: [肯定会购买],四角气囊防护外显: [非常吸引];侧面直取笔槽: [非常吸引];更丰富、更个性化的配色选择: [非常吸引],愿意多付16-20元,肯定会购买,肯定会购买,肯定会购买,-,-,不需要笔槽,我已认真阅读,购买意愿: [肯定会购买],光栅纹理背板的视觉效果: [非常吸引];微磨砂质感: [非常吸引];相比普通光面背板更不易沾指纹: [非常吸引];整体看起来更特别/更有设计感: [非常吸引],愿意多付16-20元,肯定会购买,肯定会购买,肯定会购买,-,-,外观感觉有点乱,12.91s,升级光面款,要简单一点,经常会,女,25-30岁,企业职员,六线,偏低,未知,广西壮族自治区,玉林市
21,是,88898541,726476,1024659,"智能手表/手环,奶茶/咖啡,手机贴膜,T恤/裙子,平板电脑保护套/壳,洗面奶/洁面乳,手机充电线/数据线,室内绿植/花卉,手机壳,充电宝/移动电源,平板电脑,无线蓝牙耳机,洗衣液/洗衣凝珠,薯片/膨化食品,抽纸/卷纸,桌面收纳,运动鞋,贴片面膜",近13-24个月内,80–99元,主要由我自己决定，偶尔参考他人意见,Apple（苹果）,以上均无,均未参加过,本科,磁吸不可拆分保护套,"支架稳定/角度好用,材质手感好,耐用不易坏,防摔防磕/保护性强","防摔防磕/保护性强,支架稳定/角度好用,耐用不易坏,材质手感好",100-119元,可能会,我已认真阅读,购买意愿: [可能会购买],吸引力: [比较吸引],"可旋转使用,外观看起来简洁,保护性较好",我已认真阅读,购买意愿: [可能会购买],四角气囊防护外显: [非常吸引];侧面直取笔槽: [非常吸引];更丰富、更个性化的配色选择: [比较吸引],愿意多付16-20元,可能会购买,可能会购买,说不清,-,-,保护性更好了，笔槽设计更实用，配色也可以选自己更喜欢的,我已认真阅读,购买意愿: [可能会购买],光栅纹理背板的视觉效果: [一般];微磨砂质感: [一般];相比普通光面背板更不易沾指纹: [一般];整体看起来更特别/更有设计感: [一般],愿意多付5元以内,可能会购买,说不清,-,-,-,在性能和实用性上并没有特别大的提升,27.5s,升级光面款,更实用，性价比比较高,有时会,女,31-35岁,企业职员,一线,偏低,"准备结婚期,育婴期",上海,上海市
22,是,88898554,726476,1024659,"平板电脑,无线蓝牙耳机,抽纸/卷纸,充电宝/移动电源,鼠标/机械键盘,手机贴膜,手机充电线/数据线,手机壳,平板电脑保护套/壳,薯片/膨化食品,运动鞋,洗衣液/洗衣凝珠,贴片面膜,T恤/裙子,洗面奶/洁面乳,奶茶/咖啡,桌面收纳,智能手表/手环,室内绿植/花卉",近12个月内,120–149元,完全由我自己决定购买哪个品牌和产品,Apple（苹果）,以上均无,均未参加过,本科,"旋转可拆分磁吸保护套,键盘保护套,带笔槽保护套","支架稳定/角度好用,触控笔收纳和拿取方便,与平板搭配协调,外观好看/有设计感,防摔防磕/保护性强,轻薄便携","与平板搭配协调,防摔防磕/保护性强,支架稳定/角度好用,外观好看/有设计感,触控笔收纳和拿取方便,轻薄便携",150-199元,肯定会,我已认真阅读,购买意愿: [肯定会购买],吸引力: [非常吸引],"磁吸拆分方便,外观看起来简洁,保护性较好",我已认真阅读,购买意愿: [肯定会购买],四角气囊防护外显: [非常吸引];侧面直取笔槽: [非常吸引];更丰富、更个性化的配色选择: [比较吸引],愿意多付21元及以上,肯定会购买,肯定会购买,肯定会购买,-,-,可以有效防护苹果摔坏 而且笔槽很方便携带 配色新颖,我已认真阅读,购买意愿: [可能会购买],光栅纹理背板的视觉效果: [比较吸引];微磨砂质感: [非常吸引];相比普通光面背板更不易沾指纹: [非常吸引];整体看起来更特别/更有设计感: [非常吸引],愿意多付16-20元,肯定会购买,肯定会购买,肯定会购买,-,-,可以很好防指纹 而且设计很特别 质感很好,18.39s,光栅款,设计感更好 而且可以防指纹 不需要经常擦拭干净 可以加钱购买,经常会,女,25-30岁,企业职员,三线,偏低,未知,福建省,莆田市
23,是,88898573,726476,1024659,"奶茶/咖啡,薯片/膨化食品,平板电脑,手机贴膜,洗面奶/洁面乳,室内绿植/花卉,运动鞋,充电宝/移动电源,桌面收纳,贴片面膜,手机壳,平板电脑保护套/壳,鼠标/机械键盘,抽纸/卷纸,无线蓝牙耳机,T恤/裙子,智能手表/手环,洗衣液/洗衣凝珠,手机充电线/数据线",近12个月内,120–149元,完全由我自己决定购买哪个品牌和产品,Apple（苹果）,以上均无,均未参加过,本科,"普通翻盖保护套,磁吸不可拆分保护套,带笔槽保护套,透明/半透明保护壳","触控笔收纳和拿取方便,颜色选择丰富,品牌可信/品质稳定,材质手感好,轻薄便携","材质手感好,颜色选择丰富,品牌可信/品质稳定,触控笔收纳和拿取方便,轻薄便携",120-149元,可能会,我已认真阅读,购买意愿: [可能会购买],吸引力: [比较吸引],"磁吸拆分方便,价格合适,外观看起来简洁,品牌/品质感较好",我已认真阅读,购买意愿: [可能会购买],四角气囊防护外显: [比较吸引];侧面直取笔槽: [一般];更丰富、更个性化的配色选择: [比较吸引],愿意多付11-15元,可能会购买,可能会购买,可能会购买,-,-,功能造型,我已认真阅读,购买意愿: [说不清],光栅纹理背板的视觉效果: [一般];微磨砂质感: [一般];整体看起来更特别/更有设计感: [比较吸引];相比普通光面背板更不易沾指纹: [比较吸引],愿意多付6-10元,可能会购买,可能会购买,说不清,-,-,没什么特别,10.13s,光栅款,看造型,有时会,女,25-30岁,自由职业/个体经营,五线,中等,"已婚,育婴期,已育",广东省,揭阳市
24,是,88898611,726476,1024659,"运动鞋,奶茶/咖啡,贴片面膜,鼠标/机械键盘,智能手表/手环,手机贴膜,手机壳,室内绿植/花卉,洗面奶/洁面乳,洗衣液/洗衣凝珠,抽纸/卷纸,桌面收纳,手机充电线/数据线,充电宝/移动电源,薯片/膨化食品,无线蓝牙耳机,平板电脑保护套/壳,平板电脑,T恤/裙子",近12个月内,120–149元,完全由我自己决定购买哪个品牌和产品,Apple（苹果）,以上均无,均未参加过,本科,"磁吸不可拆分保护套,键盘保护套","防摔防磕/保护性强,触控笔收纳和拿取方便,轻薄便携,材质手感好,支架稳定/角度好用,价格合适/性价比高,颜色选择丰富,不易沾指纹/不易显脏","防摔防磕/保护性强,触控笔收纳和拿取方便,不易沾指纹/不易显脏,材质手感好,轻薄便携,价格合适/性价比高,颜色选择丰富,支架稳定/角度好用",120-149元,可能会,我已认真阅读,购买意愿: [可能会购买],吸引力: [比较吸引],"可旋转使用,磁吸拆分方便,外观看起来简洁,保护性较好",我已认真阅读,购买意愿: [说不清],四角气囊防护外显: [比较吸引];侧面直取笔槽: [比较吸引];更丰富、更个性化的配色选择: [比较吸引],愿意多付6-10元,可能会购买,可能会购买,可能会购买,-,-,整体保护很好，另外比较便捷，主要价格也不算很贵,我已认真阅读,购买意愿: [说不清],光栅纹理背板的视觉效果: [一般];微磨砂质感: [一般];相比普通光面背板更不易沾指纹: [一般];整体看起来更特别/更有设计感: [一般],不愿意多付钱,说不清,-,-,说不清,说不清,不是非常喜欢这种质地,11.29s,升级光面款,喜欢光面的手感，感觉更有质地,有时会,女,36-40岁,企业职员,一线,偏低,"已婚,育婴期,已育,已有车",上海,上海市
25,是,88898640,726476,1024659,"手机壳,平板电脑,室内绿植/花卉,洗衣液/洗衣凝珠,手机贴膜,贴片面膜,无线蓝牙耳机,T恤/裙子,薯片/膨化食品,平板电脑保护套/壳,运动鞋,手机充电线/数据线,抽纸/卷纸,奶茶/咖啡,洗面奶/洁面乳",近12个月内,120–149元,完全由我自己决定购买哪个品牌和产品,Apple（苹果）,以上均无,均未参加过,本科,"旋转可拆分磁吸保护套,带笔槽保护套","防摔防磕/保护性强,触控笔收纳和拿取方便,不易沾指纹/不易显脏,颜色选择丰富,品牌可信/品质稳定,耐用不易坏,支架稳定/角度好用,材质手感好,外观好看/有设计感,轻薄便携,价格合适/性价比高,与平板搭配协调","防摔防磕/保护性强,触控笔收纳和拿取方便,轻薄便携,颜色选择丰富,材质手感好,外观好看/有设计感,与平板搭配协调,不易沾指纹/不易显脏,耐用不易坏,品牌可信/品质稳定,支架稳定/角度好用,价格合适/性价比高",120-149元,肯定会,我已认真阅读,购买意愿: [肯定会购买],吸引力: [非常吸引],"可旋转使用,磁吸拆分方便,支撑看剧/学习/办公,价格合适,外观看起来简洁,保护性较好,品牌/品质感较好",我已认真阅读,购买意愿: [可能会购买],四角气囊防护外显: [非常吸引];侧面直取笔槽: [比较吸引];更丰富、更个性化的配色选择: [非常吸引],愿意多付11-15元,可能会购买,可能会购买,可能会购买,-,-,配色要高级，笔槽随用随取，全方位防震,我已认真阅读,购买意愿: [可能会购买],光栅纹理背板的视觉效果: [比较吸引];微磨砂质感: [非常吸引];相比普通光面背板更不易沾指纹: [非常吸引];整体看起来更特别/更有设计感: [比较吸引],愿意多付5元以内,肯定会购买,肯定会购买,可能会购买,-,-,光栅背板比普通的防指纹更厉害就愿意多付钱,61.46s,升级光面款,光面感更耐看，,经常会,女,31-35岁,企业职员,六线,低,未知,广东省,梅州市
26,是,88898648,726476,1024659,"抽纸/卷纸,贴片面膜,手机贴膜,洗面奶/洁面乳,洗衣液/洗衣凝珠,平板电脑保护套/壳,充电宝/移动电源,运动鞋,鼠标/机械键盘,无线蓝牙耳机,桌面收纳,手机壳,奶茶/咖啡,智能手表/手环,T恤/裙子,薯片/膨化食品,手机充电线/数据线",近12个月内,50–79元,完全由我自己决定购买哪个品牌和产品,Apple（苹果）,以上均无,均未参加过,本科,"带笔槽保护套,普通翻盖保护套","防摔防磕/保护性强,支架稳定/角度好用,触控笔收纳和拿取方便,外观好看/有设计感,颜色选择丰富,品牌可信/品质稳定,价格合适/性价比高,与平板搭配协调","与平板搭配协调,防摔防磕/保护性强,支架稳定/角度好用,外观好看/有设计感,颜色选择丰富,触控笔收纳和拿取方便,品牌可信/品质稳定,价格合适/性价比高",80-99元,肯定会,我已认真阅读,购买意愿: [肯定会购买],吸引力: [非常吸引],"磁吸拆分方便,可旋转使用,支撑看剧/学习/办公,保护性较好,价格合适",我已认真阅读,购买意愿: [肯定会购买],四角气囊防护外显: [非常吸引];侧面直取笔槽: [非常吸引];更丰富、更个性化的配色选择: [非常吸引],愿意多付16-20元,肯定会购买,可能会购买,可能不会购买,-,-,不是很高科技的升级，没必要花太多的钱在这个上面，而且我的iPad基本上不怎么摔,我已认真阅读,购买意愿: [肯定会购买],光栅纹理背板的视觉效果: [非常吸引];微磨砂质感: [比较吸引];相比普通光面背板更不易沾指纹: [非常吸引];整体看起来更特别/更有设计感: [非常吸引],愿意多付6-10元,说不清,-,-,可能会购买,-,有没有指纹对我来说不是很重要的升级，因为我不是易出汗体质,35.18s,两款都可以，没有明显偏好,我对于是否容易有指纹不是很关注，我比较看中科技感的升级，常换常新,有时会,女,31-35岁,企业职员,一线,高,"准备结婚期,孝敬期",上海,上海市
27,是,88898659,726476,1024659,"奶茶/咖啡,贴片面膜,手机充电线/数据线,薯片/膨化食品,智能手表/手环,T恤/裙子,平板电脑,平板电脑保护套/壳,手机壳,洗衣液/洗衣凝珠,无线蓝牙耳机,桌面收纳,鼠标/机械键盘,充电宝/移动电源,抽纸/卷纸,洗面奶/洁面乳,运动鞋,手机贴膜,室内绿植/花卉",近12个月内,200元及以上,完全由我自己决定购买哪个品牌和产品,Apple（苹果）,以上均无,均未参加过,本科,"旋转可拆分磁吸保护套,带笔槽保护套,键盘保护套","防摔防磕/保护性强,支架稳定/角度好用,材质手感好,触控笔收纳和拿取方便,不易沾指纹/不易显脏,外观好看/有设计感,轻薄便携,颜色选择丰富,品牌可信/品质稳定,耐用不易坏,价格合适/性价比高,与平板搭配协调","防摔防磕/保护性强,支架稳定/角度好用,品牌可信/品质稳定,耐用不易坏,材质手感好,外观好看/有设计感,与平板搭配协调,轻薄便携,触控笔收纳和拿取方便,不易沾指纹/不易显脏,颜色选择丰富,价格合适/性价比高",200元及以上,肯定会,我已认真阅读,购买意愿: [肯定会购买],吸引力: [非常吸引],"可旋转使用,磁吸拆分方便,支撑看剧/学习/办公,价格合适,外观看起来简洁,保护性较好,品牌/品质感较好",我已认真阅读,购买意愿: [肯定会购买],四角气囊防护外显: [非常吸引];侧面直取笔槽: [比较吸引];更丰富、更个性化的配色选择: [比较吸引],愿意多付21元及以上,可能会购买,可能会购买,可能会购买,-,-,我愿意为这三个升级点多付钱的主要原因的我觉得物超所值，保护套很棒，笔槽在侧面很便利，配色很好看，外观也很好看,我已认真阅读,购买意愿: [可能会购买],微磨砂质感: [比较吸引];相比普通光面背板更不易沾指纹: [比较吸引];整体看起来更特别/更有设计感: [非常吸引];光栅纹理背板的视觉效果: [比较吸引],愿意多付21元及以上,可能会购买,可能会购买,可能会购买,-,-,我愿意为光栅背板多付钱的主要原因是外观很好看，看起来很有质感，防指纹我觉得很特别,92.26s,两款都可以，没有明显偏好,我觉得这两款差不多，没有主要原因,经常会,女,25-30岁,企业职员,二线,高,未知,广东省,珠海市
28,是,88898662,726476,1024659,"运动鞋,手机贴膜,手机壳,T恤/裙子,洗面奶/洁面乳,手机充电线/数据线,智能手表/手环,奶茶/咖啡,贴片面膜,室内绿植/花卉,抽纸/卷纸,无线蓝牙耳机,鼠标/机械键盘,平板电脑保护套/壳,洗衣液/洗衣凝珠,薯片/膨化食品,平板电脑,充电宝/移动电源",近12个月内,80–99元,完全由我自己决定购买哪个品牌和产品,Apple（苹果）,以上均无,均未参加过,本科,带笔槽保护套,"防摔防磕/保护性强,支架稳定/角度好用,触控笔收纳和拿取方便,与平板搭配协调,耐用不易坏","与平板搭配协调,触控笔收纳和拿取方便,支架稳定/角度好用,防摔防磕/保护性强,耐用不易坏",80-99元,可能会,我已认真阅读,购买意愿: [可能会购买],吸引力: [一般],磁吸拆分方便,我已认真阅读,购买意愿: [可能会购买],四角气囊防护外显: [一般];侧面直取笔槽: [比较吸引];更丰富、更个性化的配色选择: [一般],愿意多付6-10元,可能会购买,可能不会购买,-,-,-,我觉得功能没有增加得特别多，太贵了性价比不高,我已认真阅读,购买意愿: [可能会购买],光栅纹理背板的视觉效果: [比较吸引];微磨砂质感: [比较吸引];相比普通光面背板更不易沾指纹: [比较吸引];整体看起来更特别/更有设计感: [一般],愿意多付11-15元,可能不会购买,-,-,可能会购买,-,我觉得功能确实增加了，但是功能不是我一定需要的，不接受太高的溢价,42.38s,光栅款,那个不会留指纹的功能我喜欢 看着清爽 令人舒服,有时会,女,25-30岁,企业职员,二线,低,"已婚,已育",浙江省,杭州市
29,是,88898686,726476,1024659,"充电宝/移动电源,无线蓝牙耳机,洗衣液/洗衣凝珠,平板电脑保护套/壳,薯片/膨化食品,T恤/裙子,运动鞋,手机壳,贴片面膜,抽纸/卷纸,洗面奶/洁面乳",近12个月内,120–149元,完全由我自己决定购买哪个品牌和产品,Apple（苹果）,以上均无,均未参加过,本科,"普通翻盖保护套,磁吸不可拆分保护套","防摔防磕/保护性强,材质手感好,品牌可信/品质稳定,价格合适/性价比高,触控笔收纳和拿取方便","防摔防磕/保护性强,品牌可信/品质稳定,价格合适/性价比高,材质手感好,触控笔收纳和拿取方便",120-149元,可能会,我已认真阅读,购买意愿: [肯定会购买],吸引力: [比较吸引],"支撑看剧/学习/办公,价格合适,保护性较好",我已认真阅读,购买意愿: [肯定会购买],四角气囊防护外显: [非常吸引];侧面直取笔槽: [非常吸引];更丰富、更个性化的配色选择: [比较吸引],愿意多付11-15元,可能会购买,可能不会购买,-,-,-,外观图案是我喜欢的，简洁，而且保护性比较强，拿触控笔也比较方便,我已认真阅读,购买意愿: [可能会购买],光栅纹理背板的视觉效果: [比较吸引];微磨砂质感: [比较吸引];相比普通光面背板更不易沾指纹: [比较吸引];整体看起来更特别/更有设计感: [非常吸引],愿意多付6-10元,可能会购买,可能不会购买,-,-,-,有没有指纹对我不太重要，可能不会花更贵的价格,28.77s,光栅款,没用过这种款的，感觉会防滑，不容易摔,有时会,女,25-30岁,企业职员,三线,偏低,未知,广东省,中山市
30,是,88898772,726476,1024659,"薯片/膨化食品,平板电脑,室内绿植/花卉,手机充电线/数据线,奶茶/咖啡,抽纸/卷纸,洗面奶/洁面乳,充电宝/移动电源,T恤/裙子",近12个月内,80–99元,完全由我自己决定购买哪个品牌和产品,Apple（苹果）,"教育/培训/科研,医疗/健康/生物制药","食品/饮料/餐饮类,美妆/个人护理类",本科,"磁吸不可拆分保护套,键盘保护套","不易沾指纹/不易显脏,触控笔收纳和拿取方便,支架稳定/角度好用","支架稳定/角度好用,不易沾指纹/不易显脏,触控笔收纳和拿取方便",80-99元,可能会,我已认真阅读,购买意愿: [可能会购买],吸引力: [比较吸引],"可旋转使用,支撑看剧/学习/办公,保护性较好",我已认真阅读,购买意愿: [肯定会购买],四角气囊防护外显: [非常吸引];侧面直取笔槽: [比较吸引];更丰富、更个性化的配色选择: [非常吸引],愿意多付11-15元,肯定会购买,可能会购买,可能会购买,-,-,配色有点单调,我已认真阅读,购买意愿: [肯定会购买],光栅纹理背板的视觉效果: [非常吸引];微磨砂质感: [非常吸引];相比普通光面背板更不易沾指纹: [非常吸引];整体看起来更特别/更有设计感: [非常吸引],愿意多付6-10元,可能会购买,可能会购买,可能会购买,-,-,外观吸引,17.35s,光栅款,功能更好,经常会,女,31-35岁,专业人士,二线,低,未知,四川省,成都市
31,是,88898775,726476,1024659,"洗衣液/洗衣凝珠,抽纸/卷纸,平板电脑,无线蓝牙耳机,平板电脑保护套/壳,手机贴膜,手机壳",近13-24个月内,80–99元,主要由我自己决定，偶尔参考他人意见,Apple（苹果）,教育/培训/科研,均未参加过,硕士及以上,"磁吸不可拆分保护套,带笔槽保护套,键盘保护套,透明/半透明保护壳","防摔防磕/保护性强,支架稳定/角度好用,材质手感好,品牌可信/品质稳定,与平板搭配协调","支架稳定/角度好用,防摔防磕/保护性强,材质手感好,品牌可信/品质稳定,与平板搭配协调",80-99元,肯定会,我已认真阅读,购买意愿: [可能会购买],吸引力: [比较吸引],"可旋转使用,磁吸拆分方便,保护性较好,价格合适",我已认真阅读,购买意愿: [肯定会购买],四角气囊防护外显: [非常吸引];侧面直取笔槽: [非常吸引];更丰富、更个性化的配色选择: [一般],愿意多付16-20元,肯定会购买,可能会购买,可能会购买,-,-,符合我的个人需求，用起来方便,我已认真阅读,购买意愿: [可能会购买],光栅纹理背板的视觉效果: [比较吸引];微磨砂质感: [非常吸引];相比普通光面背板更不易沾指纹: [非常吸引];整体看起来更特别/更有设计感: [比较吸引],愿意多付6-10元,可能会购买,可能会购买,说不清,-,-,没什么必要，感觉都差不多,16.24s,升级光面款,价格还不错，能够满足我的需求,有时会,女,25-30岁,专业人士,一线,偏低,已有车,广东省,广州市
32,是,88898814,726476,1024659,"薯片/膨化食品,洗衣液/洗衣凝珠,手机贴膜,贴片面膜,桌面收纳,抽纸/卷纸,充电宝/移动电源,奶茶/咖啡,运动鞋,平板电脑,智能手表/手环,洗面奶/洁面乳,手机充电线/数据线,鼠标/机械键盘",近13-24个月内,100–119元,完全由我自己决定购买哪个品牌和产品,Apple（苹果）,以上均无,"汽车/交通出行类,美妆/个人护理类",本科,键盘保护套,"防摔防磕/保护性强,材质手感好,品牌可信/品质稳定","防摔防磕/保护性强,材质手感好,品牌可信/品质稳定",150-199元,肯定会,我已认真阅读,购买意愿: [肯定会购买],吸引力: [非常吸引],"可旋转使用,磁吸拆分方便,支撑看剧/学习/办公,价格合适",我已认真阅读,购买意愿: [可能会购买],四角气囊防护外显: [比较吸引];侧面直取笔槽: [比较吸引];更丰富、更个性化的配色选择: [比较吸引],愿意多付11-15元,可能会购买,可能会购买,可能会购买,-,-,配色不大喜欢,我已认真阅读,购买意愿: [可能会购买],光栅纹理背板的视觉效果: [比较吸引];微磨砂质感: [比较吸引];相比普通光面背板更不易沾指纹: [比较吸引];整体看起来更特别/更有设计感: [比较吸引],愿意多付11-15元,可能会购买,可能会购买,可能会购买,-,-,外观不大喜欢,7.54s,升级光面款,比另一个好看点,经常会,女,25-30岁,其他,三线,低,未知,山东省,临沂市
33,是,88898889,726476,1024659,"奶茶/咖啡,洗面奶/洁面乳,手机壳,贴片面膜,洗衣液/洗衣凝珠,桌面收纳,平板电脑保护套/壳,薯片/膨化食品,鼠标/机械键盘,手机贴膜,无线蓝牙耳机,平板电脑,手机充电线/数据线,T恤/裙子,室内绿植/花卉,运动鞋,抽纸/卷纸,充电宝/移动电源,智能手表/手环",近12个月内,100–119元,完全由我自己决定购买哪个品牌和产品,Apple（苹果）,以上均无,均未参加过,本科,"单壳（不带盖板）保护套,普通翻盖保护套","防摔防磕/保护性强,材质手感好,耐用不易坏,支架稳定/角度好用,与平板搭配协调","防摔防磕/保护性强,支架稳定/角度好用,材质手感好,耐用不易坏,与平板搭配协调",100-119元,可能会,我已认真阅读,购买意愿: [可能会购买],吸引力: [比较吸引],"保护性较好,磁吸拆分方便,可旋转使用",我已认真阅读,购买意愿: [可能会购买],四角气囊防护外显: [非常吸引];侧面直取笔槽: [一般];更丰富、更个性化的配色选择: [比较吸引],愿意多付6-10元,可能会购买,说不清,-,-,-,因为防护是基础，不愿意额外支付更多的钱，笔槽便利对需求的人群是加分项，不需要的就可有可无，不愿意支付更多,我已认真阅读,购买意愿: [可能会购买],光栅纹理背板的视觉效果: [比较吸引];微磨砂质感: [比较吸引];相比普通光面背板更不易沾指纹: [比较吸引];整体看起来更特别/更有设计感: [比较吸引],愿意多付5元以内,说不清,-,-,可能会购买,-,光栅背面是设计项，不是刚需防护，不愿意额外支付更多,62.12s,两款都可以，没有明显偏好,保护壳主要还是以防护和实用性为主，材质耐用，好的材质愿意支付更多，其他设计实用性也愿意支付,有时会,女,31-35岁,企业职员,二线,偏低,准备结婚期,辽宁省,大连市
34,是,88898896,726476,1024659,"手机贴膜,智能手表/手环,运动鞋,充电宝/移动电源,平板电脑,薯片/膨化食品,桌面收纳,贴片面膜,奶茶/咖啡,洗面奶/洁面乳,无线蓝牙耳机,平板电脑保护套/壳,手机充电线/数据线,室内绿植/花卉,鼠标/机械键盘,T恤/裙子,洗衣液/洗衣凝珠,抽纸/卷纸,手机壳",近12个月内,200元及以上,完全由我自己决定购买哪个品牌和产品,Apple（苹果）,以上均无,均未参加过,本科,"旋转可拆分磁吸保护套,键盘保护套,带笔槽保护套","防摔防磕/保护性强,触控笔收纳和拿取方便,不易沾指纹/不易显脏,轻薄便携,耐用不易坏,支架稳定/角度好用,材质手感好,品牌可信/品质稳定","触控笔收纳和拿取方便,不易沾指纹/不易显脏,品牌可信/品质稳定,轻薄便携,材质手感好,耐用不易坏,防摔防磕/保护性强,支架稳定/角度好用",200元及以上,肯定会,我已认真阅读,购买意愿: [肯定会购买],吸引力: [非常吸引],"可旋转使用,磁吸拆分方便,支撑看剧/学习/办公,外观看起来简洁,品牌/品质感较好,保护性较好,价格合适",我已认真阅读,购买意愿: [肯定会购买],四角气囊防护外显: [非常吸引];侧面直取笔槽: [非常吸引];更丰富、更个性化的配色选择: [非常吸引],愿意多付21元及以上,肯定会购买,肯定会购买,肯定会购买,-,-,功能变得变多了，值得溢价,我已认真阅读,购买意愿: [肯定会购买],光栅纹理背板的视觉效果: [非常吸引];微磨砂质感: [非常吸引];相比普通光面背板更不易沾指纹: [非常吸引];整体看起来更特别/更有设计感: [非常吸引],愿意多付21元及以上,肯定会购买,肯定会购买,肯定会购买,-,-,功能强大，我愿意多付费,12.97s,光栅款,功能强大，我愿意多付费，而且是我想要的功能都包含了，价格合适,经常会,女,25-30岁,企业职员,六线,偏低,"已婚,已育,已有房,已有车",广西壮族自治区,钦州市
35,是,88898899,726476,1024659,"洗衣液/洗衣凝珠,鼠标/机械键盘,充电宝/移动电源,手机壳,薯片/膨化食品,奶茶/咖啡,运动鞋,平板电脑,手机充电线/数据线,无线蓝牙耳机,手机贴膜,桌面收纳,贴片面膜,洗面奶/洁面乳,抽纸/卷纸,智能手表/手环,室内绿植/花卉,T恤/裙子,平板电脑保护套/壳",近12个月内,200元及以上,完全由我自己决定购买哪个品牌和产品,Apple（苹果）,以上均无,均未参加过,本科,"单壳（不带盖板）保护套,普通翻盖保护套,磁吸不可拆分保护套,旋转可拆分磁吸保护套,带笔槽保护套,键盘保护套,透明/半透明保护壳","耐用不易坏,颜色选择丰富,不易沾指纹/不易显脏,防摔防磕/保护性强,外观好看/有设计感,材质手感好,支架稳定/角度好用,价格合适/性价比高,与平板搭配协调,轻薄便携,品牌可信/品质稳定,触控笔收纳和拿取方便","不易沾指纹/不易显脏,轻薄便携,耐用不易坏,价格合适/性价比高,品牌可信/品质稳定,颜色选择丰富,触控笔收纳和拿取方便,防摔防磕/保护性强,与平板搭配协调,材质手感好,外观好看/有设计感,支架稳定/角度好用",200元及以上,肯定会,我已认真阅读,购买意愿: [肯定会购买],吸引力: [非常吸引],"可旋转使用,支撑看剧/学习/办公,价格合适,保护性较好,品牌/品质感较好,磁吸拆分方便,外观看起来简洁",我已认真阅读,购买意愿: [肯定会购买],四角气囊防护外显: [非常吸引];侧面直取笔槽: [非常吸引];更丰富、更个性化的配色选择: [非常吸引],愿意多付21元及以上,肯定会购买,肯定会购买,肯定会购买,-,-,我觉得轻薄的话手感很好我会愿意多付钱 颜色清新,我已认真阅读,购买意愿: [肯定会购买],光栅纹理背板的视觉效果: [非常吸引];微磨砂质感: [非常吸引];整体看起来更特别/更有设计感: [非常吸引];相比普通光面背板更不易沾指纹: [非常吸引],愿意多付21元及以上,肯定会购买,肯定会购买,肯定会购买,-,-,我喜欢这个手感,4.47s,升级光面款,我喜欢这个手感,经常会,女,25-30岁,企业职员,二线,偏低,未知,天津,天津市
36,是,88898914,726476,1024659,"智能手表/手环,手机贴膜,充电宝/移动电源,平板电脑保护套/壳,无线蓝牙耳机,T恤/裙子",近12个月内,100–119元,完全由我自己决定购买哪个品牌和产品,Apple（苹果）,以上均无,均未参加过,硕士及以上,"普通翻盖保护套,磁吸不可拆分保护套,旋转可拆分磁吸保护套","防摔防磕/保护性强,支架稳定/角度好用,耐用不易坏","支架稳定/角度好用,防摔防磕/保护性强,耐用不易坏",100-119元,肯定会,我已认真阅读,购买意愿: [肯定会购买],吸引力: [非常吸引],"磁吸拆分方便,品牌/品质感较好,支撑看剧/学习/办公",我已认真阅读,购买意愿: [肯定会购买],四角气囊防护外显: [非常吸引];侧面直取笔槽: [比较吸引];更丰富、更个性化的配色选择: [非常吸引],愿意多付6-10元,肯定会购买,肯定会购买,可能会购买,-,-,功能多了值得多付,我已认真阅读,购买意愿: [肯定会购买],光栅纹理背板的视觉效果: [非常吸引];相比普通光面背板更不易沾指纹: [比较吸引];微磨砂质感: [比较吸引];整体看起来更特别/更有设计感: [非常吸引],愿意多付11-15元,肯定会购买,肯定会购买,肯定会购买,-,-,价格和质量成正比例,15.46s,两款都可以，没有明显偏好,都挺喜欢的，功能还算强大吧,经常会,女,31-35岁,企业职员,三线,低,未知,河北省,石家庄市
37,是,88899329,726476,1024659,"奶茶/咖啡,运动鞋,洗面奶/洁面乳,T恤/裙子,智能手表/手环,手机壳,手机充电线/数据线,桌面收纳,平板电脑,平板电脑保护套/壳,无线蓝牙耳机,洗衣液/洗衣凝珠,抽纸/卷纸,薯片/膨化食品,贴片面膜",近12个月内,100–119元,完全由我自己决定购买哪个品牌和产品,Apple（苹果）,以上均无,均未参加过,本科,"旋转可拆分磁吸保护套,带笔槽保护套,键盘保护套,透明/半透明保护壳","防摔防磕/保护性强,支架稳定/角度好用,轻薄便携,品牌可信/品质稳定,耐用不易坏,与平板搭配协调,价格合适/性价比高,不易沾指纹/不易显脏,触控笔收纳和拿取方便","与平板搭配协调,防摔防磕/保护性强,不易沾指纹/不易显脏,轻薄便携,触控笔收纳和拿取方便,品牌可信/品质稳定,支架稳定/角度好用,耐用不易坏,价格合适/性价比高",100-119元,肯定会,我已认真阅读,购买意愿: [可能会购买],吸引力: [比较吸引],"可旋转使用,磁吸拆分方便,支撑看剧/学习/办公,品牌/品质感较好,保护性较好,价格合适",我已认真阅读,购买意愿: [可能会购买],四角气囊防护外显: [非常吸引];侧面直取笔槽: [比较吸引];更丰富、更个性化的配色选择: [比较吸引],愿意多付11-15元,肯定会购买,可能会购买,说不清,-,-,愿意多付钱，但是不愿意多付那么多，觉得这三个点好，但是不值得花那么多钱配色，外观都不是必须的！防护功能可以多花钱！,我已认真阅读,购买意愿: [可能会购买],光栅纹理背板的视觉效果: [比较吸引];微磨砂质感: [非常吸引];相比普通光面背板更不易沾指纹: [比较吸引];整体看起来更特别/更有设计感: [非常吸引],愿意多付11-15元,可能会购买,可能会购买,可能会购买,-,-,这个功能是可有可无的，花钱一小部分可以太多就不划算了！因为它对功能影响不大！,52.5s,升级光面款,光面款更手感好，材质更好，功更强大。更符合我的使用习惯！,经常会,女,31-35岁,专业人士,二线,中等,未知,四川省,成都市
38,是,88899365,726476,1024659,"洗衣液/洗衣凝珠,桌面收纳,智能手表/手环,T恤/裙子,平板电脑保护套/壳,洗面奶/洁面乳,手机贴膜,手机壳,薯片/膨化食品,室内绿植/花卉,贴片面膜,运动鞋,抽纸/卷纸,奶茶/咖啡,无线蓝牙耳机,充电宝/移动电源,手机充电线/数据线,鼠标/机械键盘,平板电脑",近12个月内,200元及以上,完全由我自己决定购买哪个品牌和产品,Apple（苹果）,教育/培训/科研,均未参加过,本科,"键盘保护套,带笔槽保护套,旋转可拆分磁吸保护套","触控笔收纳和拿取方便,防摔防磕/保护性强,支架稳定/角度好用,材质手感好,不易沾指纹/不易显脏,颜色选择丰富,品牌可信/品质稳定,耐用不易坏,与平板搭配协调,轻薄便携,外观好看/有设计感,价格合适/性价比高","支架稳定/角度好用,触控笔收纳和拿取方便,防摔防磕/保护性强,轻薄便携,外观好看/有设计感,耐用不易坏,材质手感好,不易沾指纹/不易显脏,与平板搭配协调,颜色选择丰富,品牌可信/品质稳定,价格合适/性价比高",200元及以上,肯定会,我已认真阅读,购买意愿: [可能会购买],吸引力: [一般],"可旋转使用,磁吸拆分方便,支撑看剧/学习/办公,保护性较好,品牌/品质感较好",我已认真阅读,购买意愿: [可能会购买],四角气囊防护外显: [一般];侧面直取笔槽: [比较吸引];更丰富、更个性化的配色选择: [比较吸引],愿意多付21元及以上,可能会购买,可能会购买,可能会购买,-,-,功能比较多样一点，比较独特新颖一点，也方便取用，但是呢感觉颜色搭配很一般，没有吸引年轻人。,我已认真阅读,购买意愿: [说不清],光栅纹理背板的视觉效果: [一般];微磨砂质感: [比较吸引];相比普通光面背板更不易沾指纹: [比较吸引];整体看起来更特别/更有设计感: [一般],愿意多付11-15元,可能会购买,说不清,-,-,-,感觉挺丑的啊 虽然说是升级， 比较好用...,15.09s,升级光面款,对比起来，还是普通升级款好看一点...比较女性化一些。,经常会,女,25-30岁,企业职员,五线,偏低,单身,广西壮族自治区,南宁市
39,是,88899369,726476,1024659,"抽纸/卷纸,手机壳,平板电脑保护套/壳,洗面奶/洁面乳,运动鞋,T恤/裙子,贴片面膜,洗衣液/洗衣凝珠,薯片/膨化食品,奶茶/咖啡,手机贴膜,充电宝/移动电源,手机充电线/数据线,平板电脑,无线蓝牙耳机,智能手表/手环,桌面收纳",近12个月内,100–119元,完全由我自己决定购买哪个品牌和产品,Apple（苹果）,以上均无,均未参加过,本科,"带笔槽保护套,旋转可拆分磁吸保护套,键盘保护套","支架稳定/角度好用,触控笔收纳和拿取方便,轻薄便携,与平板搭配协调,耐用不易坏,颜色选择丰富,外观好看/有设计感,材质手感好,品牌可信/品质稳定,防摔防磕/保护性强,不易沾指纹/不易显脏,价格合适/性价比高","防摔防磕/保护性强,外观好看/有设计感,支架稳定/角度好用,触控笔收纳和拿取方便,耐用不易坏,品牌可信/品质稳定,材质手感好,轻薄便携,颜色选择丰富,与平板搭配协调,不易沾指纹/不易显脏,价格合适/性价比高",120-149元,肯定会,我已认真阅读,购买意愿: [可能会购买],吸引力: [比较吸引],"可旋转使用,保护性较好,外观看起来简洁,磁吸拆分方便,支撑看剧/学习/办公",我已认真阅读,购买意愿: [可能会购买],四角气囊防护外显: [非常吸引];侧面直取笔槽: [非常吸引];更丰富、更个性化的配色选择: [比较吸引],愿意多付21元及以上,可能会购买,可能会购买,可能会购买,-,-,加强防护能防止磕碰或者挤压变形，笔槽希望不会卡，有时候总是把笔碰掉地上，便利方便拿取也好，配色希望有更多选择，有饱和度不那么高的，外观简约一点,我已认真阅读,购买意愿: [可能会购买],光栅纹理背板的视觉效果: [非常吸引];微磨砂质感: [非常吸引];相比普通光面背板更不易沾指纹: [比较吸引];整体看起来更特别/更有设计感: [非常吸引],愿意多付11-15元,可能会购买,可能会购买,可能会购买,-,-,光栅背板增加了一些质感，比普通光面更耐看一点，但是指纹之类的没有那么在意，希望是耐脏结实的,73.38s,光栅款,光栅背面款看着更有质感一点，两者功能相差不多可能会选择光栅款,经常会,女,25-30岁,企业职员,六线,偏低,单身,黑龙江省,鹤岗市
40,是,88899385,726476,1024659,"平板电脑,手机贴膜,平板电脑保护套/壳,手机充电线/数据线,手机壳",近12个月内,100–119元,完全由我自己决定购买哪个品牌和产品,Apple（苹果）,以上均无,均未参加过,硕士及以上,"磁吸不可拆分保护套,旋转可拆分磁吸保护套","防摔防磕/保护性强,材质手感好,颜色选择丰富,轻薄便携,耐用不易坏","防摔防磕/保护性强,材质手感好,轻薄便携,耐用不易坏,颜色选择丰富",100-119元,肯定会,我已认真阅读,购买意愿: [肯定会购买],吸引力: [非常吸引],"可旋转使用,磁吸拆分方便,品牌/品质感较好,外观看起来简洁",我已认真阅读,购买意愿: [肯定会购买],四角气囊防护外显: [非常吸引];侧面直取笔槽: [非常吸引];更丰富、更个性化的配色选择: [非常吸引],愿意多付11-15元,肯定会购买,肯定会购买,可能会购买,-,-,使用更方便，颜色款式更好看,我已认真阅读,购买意愿: [肯定会购买],光栅纹理背板的视觉效果: [非常吸引];微磨砂质感: [非常吸引];相比普通光面背板更不易沾指纹: [非常吸引];整体看起来更特别/更有设计感: [比较吸引],愿意多付11-15元,肯定会购买,可能会购买,可能会购买,-,-,款式看起来更高级了，所以我愿意,19.45s,两款都可以，没有明显偏好,两款的设计都很好，我都很喜欢,经常会,女,25-30岁,专业人士,五线,中等,"已婚,已育",安徽省,滁州市
41,是,88899437,726476,1024659,"手机充电线/数据线,运动鞋,奶茶/咖啡,无线蓝牙耳机,鼠标/机械键盘,智能手表/手环,手机壳,贴片面膜,平板电脑,桌面收纳,T恤/裙子,薯片/膨化食品,洗衣液/洗衣凝珠,抽纸/卷纸,手机贴膜,洗面奶/洁面乳,充电宝/移动电源,平板电脑保护套/壳",近12个月内,120–149元,完全由我自己决定购买哪个品牌和产品,Apple（苹果）,以上均无,均未参加过,本科,"旋转可拆分磁吸保护套,键盘保护套,普通翻盖保护套","支架稳定/角度好用,材质手感好,防摔防磕/保护性强,轻薄便携,不易沾指纹/不易显脏,品牌可信/品质稳定,与平板搭配协调,耐用不易坏","材质手感好,耐用不易坏,防摔防磕/保护性强,支架稳定/角度好用,品牌可信/品质稳定,轻薄便携,不易沾指纹/不易显脏,与平板搭配协调",120-149元,可能会,我已认真阅读,购买意愿: [可能会购买],吸引力: [比较吸引],"可旋转使用,磁吸拆分方便,支撑看剧/学习/办公,价格合适,保护性较好,品牌/品质感较好",我已认真阅读,购买意愿: [可能会购买],侧面直取笔槽: [比较吸引];更丰富、更个性化的配色选择: [比较吸引];四角气囊防护外显: [非常吸引],愿意多付11-15元,可能会购买,可能会购买,可能会购买,-,-,感觉这几个功能都符合需求，感觉很不错,我已认真阅读,购买意愿: [可能会购买],光栅纹理背板的视觉效果: [比较吸引];微磨砂质感: [比较吸引];相比普通光面背板更不易沾指纹: [非常吸引];整体看起来更特别/更有设计感: [比较吸引],愿意多付6-10元,可能会购买,可能会购买,可能会购买,-,-,这款产品防指纹感觉很不错，功能符合需求,21.81s,光栅款,感觉这款功效更符合需求，更好,有时会,女,31-35岁,企业职员,一线,高,未知,上海,上海市
42,是,88899466,726476,1024659,"充电宝/移动电源,鼠标/机械键盘,无线蓝牙耳机,手机壳,手机贴膜,手机充电线/数据线,智能手表/手环,平板电脑保护套/壳",近12个月内,150–199元,完全由我自己决定购买哪个品牌和产品,Apple（苹果）,以上均无,均未参加过,本科,"键盘保护套,带笔槽保护套,磁吸不可拆分保护套","防摔防磕/保护性强,触控笔收纳和拿取方便,不易沾指纹/不易显脏,颜色选择丰富,支架稳定/角度好用,材质手感好,外观好看/有设计感,轻薄便携,价格合适/性价比高,品牌可信/品质稳定,耐用不易坏,与平板搭配协调","轻薄便携,防摔防磕/保护性强,支架稳定/角度好用,触控笔收纳和拿取方便,外观好看/有设计感,耐用不易坏,不易沾指纹/不易显脏,颜色选择丰富,价格合适/性价比高,品牌可信/品质稳定,材质手感好,与平板搭配协调",150-199元,肯定会,我已认真阅读,购买意愿: [肯定会购买],吸引力: [非常吸引],"可旋转使用,磁吸拆分方便,支撑看剧/学习/办公,价格合适,外观看起来简洁,保护性较好,品牌/品质感较好",我已认真阅读,购买意愿: [肯定会购买],四角气囊防护外显: [非常吸引];侧面直取笔槽: [非常吸引];更丰富、更个性化的配色选择: [非常吸引],愿意多付21元及以上,肯定会购买,肯定会购买,肯定会购买,-,-,"我愿意为三个升级多付钱的原因是，这三个升级点都是我目前在意与需要的特点,也希望购买新款的包含这三个功能，多付钱也划算的",我已认真阅读,购买意愿: [可能会购买],光栅纹理背板的视觉效果: [非常吸引];微磨砂质感: [非常吸引];相比普通光面背板更不易沾指纹: [非常吸引];整体看起来更特别/更有设计感: [非常吸引],愿意多付21元及以上,可能会购买,肯定会购买,肯定会购买,-,-,该产品无论设计还是实际使用都对于我都是十分实用，还能防指纹防油腻残留，是刚性需求。,114.56s,光栅款,防护更周到，产品有特点区分同类产品。材质和使用功能上也很有优势。,经常会,女,31-35岁,专业人士,一线,低,"已婚,育婴期,已有房,已有车",广东省,广州市
43,是,88899486,726476,1024659,"平板电脑保护套/壳,手机壳,抽纸/卷纸,运动鞋,手机充电线/数据线,洗面奶/洁面乳,充电宝/移动电源,平板电脑,手机贴膜",近12个月内,120–149元,完全由我自己决定购买哪个品牌和产品,Apple（苹果）,以上均无,均未参加过,硕士及以上,"普通翻盖保护套,键盘保护套,旋转可拆分磁吸保护套","防摔防磕/保护性强,支架稳定/角度好用,与平板搭配协调,轻薄便携,材质手感好,耐用不易坏","防摔防磕/保护性强,耐用不易坏,支架稳定/角度好用,材质手感好,轻薄便携,与平板搭配协调",120-149元,肯定会,我已认真阅读,购买意愿: [肯定会购买],吸引力: [非常吸引],"可旋转使用,磁吸拆分方便,保护性较好",我已认真阅读,购买意愿: [肯定会购买],四角气囊防护外显: [非常吸引];侧面直取笔槽: [比较吸引];更丰富、更个性化的配色选择: [比较吸引],愿意多付21元及以上,肯定会购买,肯定会购买,可能会购买,-,-,愿意多付钱，对平板更有保护更让人放心，磁吸可拆卸，而且外观好看,我已认真阅读,购买意愿: [肯定会购买],光栅纹理背板的视觉效果: [非常吸引];微磨砂质感: [非常吸引];相比普通光面背板更不易沾指纹: [非常吸引];整体看起来更特别/更有设计感: [比较吸引],愿意多付21元及以上,肯定会购买,肯定会购买,肯定会购买,-,-,比之前的更高级，不沾指纹符合我的需求，值得多加钱,28.1s,光栅款,相比光面款，光栅款更有优势不沾指纹，外观好看，符合大众需求,经常会,女,25-30岁,自由职业/个体经营,三线,偏低,"恋爱期,已有车",山东省,滨州市
44,是,88899540,726476,1024659,"平板电脑保护套/壳,手机充电线/数据线,无线蓝牙耳机,运动鞋,充电宝/移动电源,智能手表/手环,手机贴膜,鼠标/机械键盘,手机壳,平板电脑,桌面收纳",近12个月内,120–149元,完全由我自己决定购买哪个品牌和产品,Apple（苹果）,以上均无,均未参加过,硕士及以上,"旋转可拆分磁吸保护套,键盘保护套,磁吸不可拆分保护套","触控笔收纳和拿取方便,颜色选择丰富,品牌可信/品质稳定,外观好看/有设计感,轻薄便携,支架稳定/角度好用","外观好看/有设计感,触控笔收纳和拿取方便,支架稳定/角度好用,品牌可信/品质稳定,颜色选择丰富,轻薄便携",120-149元,肯定会,我已认真阅读,购买意愿: [肯定会购买],吸引力: [非常吸引],"支撑看剧/学习/办公,价格合适,磁吸拆分方便,外观看起来简洁",我已认真阅读,购买意愿: [肯定会购买],四角气囊防护外显: [比较吸引];侧面直取笔槽: [非常吸引];更丰富、更个性化的配色选择: [非常吸引],愿意多付16-20元,可能会购买,肯定会购买,可能不会购买,-,-,"139这个价格不愿意购买，因为作为一个平板保护套，价格没有优势。功能再多，他还是一个保护套。
129愿意购买，愿意为新的功能买单。",我已认真阅读,购买意愿: [肯定会购买],光栅纹理背板的视觉效果: [非常吸引];微磨砂质感: [比较吸引];相比普通光面背板更不易沾指纹: [非常吸引];整体看起来更特别/更有设计感: [一般],愿意多付6-10元,可能会购买,说不清,-,-,-,背板只是材料变化，不愿意多付。这个很多壳都是磨砂材质的，没有很特色,34.44s,升级光面款,材质设计功能都是我喜欢的，所以我选择他,经常会,女,25-30岁,其他,二线,低,"已婚,育婴期,已育,装修期,已有房,已有车",福建省,福州市
45,是,88899545,726476,1024659,"奶茶/咖啡,充电宝/移动电源,手机壳,室内绿植/花卉,鼠标/机械键盘,贴片面膜,洗面奶/洁面乳,手机充电线/数据线,无线蓝牙耳机,薯片/膨化食品,运动鞋,手机贴膜,桌面收纳,T恤/裙子,平板电脑,抽纸/卷纸,平板电脑保护套/壳,智能手表/手环,洗衣液/洗衣凝珠",近12个月内,120–149元,完全由我自己决定购买哪个品牌和产品,Apple（苹果）,以上均无,均未参加过,本科,"单壳（不带盖板）保护套,磁吸不可拆分保护套,带笔槽保护套","防摔防磕/保护性强,材质手感好,颜色选择丰富,耐用不易坏,触控笔收纳和拿取方便,不易沾指纹/不易显脏","不易沾指纹/不易显脏,材质手感好,耐用不易坏,颜色选择丰富,触控笔收纳和拿取方便,防摔防磕/保护性强",120-149元,肯定会,我已认真阅读,购买意愿: [可能会购买],吸引力: [比较吸引],"可旋转使用,支撑看剧/学习/办公,外观看起来简洁,保护性较好,品牌/品质感较好",我已认真阅读,购买意愿: [肯定会购买],四角气囊防护外显: [非常吸引];侧面直取笔槽: [比较吸引];更丰富、更个性化的配色选择: [比较吸引],愿意多付16-20元,肯定会购买,可能会购买,可能会购买,-,-,性价比太低,我已认真阅读,购买意愿: [肯定会购买],光栅纹理背板的视觉效果: [比较吸引];微磨砂质感: [非常吸引];相比普通光面背板更不易沾指纹: [比较吸引];整体看起来更特别/更有设计感: [非常吸引],愿意多付16-20元,可能会购买,说不清,-,-,-,不想买那么贵的,5.93s,光栅款,喜欢好用好看,经常会,女,25-30岁,其他,一线,低,未知,北京,北京市
47,是,88899587,726476,1024659,"T恤/裙子,洗面奶/洁面乳,室内绿植/花卉,手机充电线/数据线,充电宝/移动电源,平板电脑,平板电脑保护套/壳,智能手表/手环,洗衣液/洗衣凝珠,奶茶/咖啡",近12个月内,120–149元,完全由我自己决定购买哪个品牌和产品,Apple（苹果）,以上均无,均未参加过,本科,"磁吸不可拆分保护套,旋转可拆分磁吸保护套,带笔槽保护套","防摔防磕/保护性强,材质手感好,不易沾指纹/不易显脏,外观好看/有设计感,轻薄便携,颜色选择丰富,品牌可信/品质稳定,耐用不易坏","耐用不易坏,防摔防磕/保护性强,材质手感好,外观好看/有设计感,不易沾指纹/不易显脏,轻薄便携,颜色选择丰富,品牌可信/品质稳定",120-149元,肯定会,我已认真阅读,购买意愿: [肯定会购买],吸引力: [非常吸引],"可旋转使用,磁吸拆分方便,外观看起来简洁,保护性较好,品牌/品质感较好",我已认真阅读,购买意愿: [肯定会购买],四角气囊防护外显: [非常吸引];侧面直取笔槽: [比较吸引];更丰富、更个性化的配色选择: [非常吸引],愿意多付6-10元,肯定会购买,肯定会购买,肯定会购买,-,-,比较耐脏，而且优惠力度大，而且好用,我已认真阅读,购买意愿: [肯定会购买],光栅纹理背板的视觉效果: [非常吸引];微磨砂质感: [非常吸引];相比普通光面背板更不易沾指纹: [非常吸引];整体看起来更特别/更有设计感: [非常吸引],愿意多付16-20元,肯定会购买,肯定会购买,肯定会购买,-,-,配色大胆，方便看到，而且不会脏的明显，更加耐用,44.18s,升级光面款,比较优惠，而且好看，价格合适的话，非常实惠,经常会,女,31-35岁,自由职业/个体经营,一线,低,"已婚,已育,已有车",广东省,深圳市
48,是,88899610,726476,1024659,"贴片面膜,手机贴膜,平板电脑保护套/壳,手机壳",近12个月内,120–149元,完全由我自己决定购买哪个品牌和产品,Apple（苹果）,以上均无,均未参加过,本科,带笔槽保护套,"防摔防磕/保护性强,触控笔收纳和拿取方便,不易沾指纹/不易显脏,价格合适/性价比高,材质手感好","价格合适/性价比高,防摔防磕/保护性强,不易沾指纹/不易显脏,材质手感好,触控笔收纳和拿取方便",120-149元,肯定会,我已认真阅读,购买意愿: [肯定会购买],吸引力: [非常吸引],保护性较好,我已认真阅读,购买意愿: [肯定会购买],四角气囊防护外显: [非常吸引];侧面直取笔槽: [一般];更丰富、更个性化的配色选择: [一般],愿意多付16-20元,肯定会购买,肯定会购买,可能会购买,-,-,前两个已经满足了防摔要求，不需要为此溢价，配色并没有很大升级,我已认真阅读,购买意愿: [肯定会购买],光栅纹理背板的视觉效果: [一般];微磨砂质感: [一般];相比普通光面背板更不易沾指纹: [非常吸引];整体看起来更特别/更有设计感: [非常吸引],愿意多付21元及以上,肯定会购买,肯定会购买,可能会购买,-,-,不沾指纹的痛点不是很大，而且它是有异物感，处理不大好,41.6s,光栅款,价格更便宜，性价比更高,有时会,女,31-35岁,企业职员,三线,偏低,"单身,育婴期",广东省,惠州市
49,是,88899614,726476,1024659,"无线蓝牙耳机,平板电脑,平板电脑保护套/壳,手机贴膜,手机壳",近12个月内,120–149元,完全由我自己决定购买哪个品牌和产品,Apple（苹果）,以上均无,均未参加过,本科,"键盘保护套,磁吸不可拆分保护套","防摔防磕/保护性强,支架稳定/角度好用,轻薄便携","防摔防磕/保护性强,轻薄便携,支架稳定/角度好用",150-199元,肯定会,我已认真阅读,购买意愿: [肯定会购买],吸引力: [非常吸引],"价格合适,磁吸拆分方便,可旋转使用",我已认真阅读,购买意愿: [肯定会购买],四角气囊防护外显: [比较吸引];侧面直取笔槽: [比较吸引];更丰富、更个性化的配色选择: [比较吸引],愿意多付16-20元,肯定会购买,可能会购买,肯定会购买,-,-,愿意去是因为值得,我已认真阅读,购买意愿: [肯定会购买],光栅纹理背板的视觉效果: [比较吸引];微磨砂质感: [非常吸引];相比普通光面背板更不易沾指纹: [比较吸引];整体看起来更特别/更有设计感: [比较吸引],愿意多付11-15元,可能会购买,肯定会购买,可能会购买,-,-,价格还是非常合适的,9.28s,光栅款,听着高级，想要尝试,经常会,女,25-30岁,其他,二线,中等,"已婚,已育,已有车",广东省,东莞市
50,是,88899621,726476,1024659,"贴片面膜,抽纸/卷纸,智能手表/手环,运动鞋,鼠标/机械键盘,T恤/裙子,奶茶/咖啡,平板电脑,无线蓝牙耳机,洗面奶/洁面乳,桌面收纳,充电宝/移动电源,洗衣液/洗衣凝珠,薯片/膨化食品,平板电脑保护套/壳,室内绿植/花卉,手机充电线/数据线,手机壳,手机贴膜",近12个月内,100–119元,完全由我自己决定购买哪个品牌和产品,Apple（苹果）,以上均无,均未参加过,本科,"磁吸不可拆分保护套,带笔槽保护套","防摔防磕/保护性强,外观好看/有设计感,颜色选择丰富,品牌可信/品质稳定,价格合适/性价比高","防摔防磕/保护性强,外观好看/有设计感,颜色选择丰富,价格合适/性价比高,品牌可信/品质稳定",100-119元,肯定会,我已认真阅读,购买意愿: [肯定会购买],吸引力: [非常吸引],"磁吸拆分方便,保护性较好,价格合适,品牌/品质感较好",我已认真阅读,购买意愿: [肯定会购买],四角气囊防护外显: [非常吸引];侧面直取笔槽: [非常吸引];更丰富、更个性化的配色选择: [非常吸引],愿意多付6-10元,肯定会购买,肯定会购买,可能会购买,-,-,质量好，用得好，肺超白玻璃,我已认真阅读,购买意愿: [肯定会购买],光栅纹理背板的视觉效果: [比较吸引];微磨砂质感: [非常吸引];相比普通光面背板更不易沾指纹: [比较吸引];整体看起来更特别/更有设计感: [比较吸引],愿意多付11-15元,肯定会购买,肯定会购买,可能会购买,-,-,可能不太已过,8.38s,两款都可以，没有明显偏好,非常实用好用，质量好的,经常会,女,25-30岁,学生,三线,偏高,"已婚,育婴期,已育,已有房,已有车,孝敬期",江苏省,盐城市
51,是,88899625,726476,1024659,"手机贴膜,平板电脑保护套/壳,手机充电线/数据线",近12个月内,120–149元,完全由我自己决定购买哪个品牌和产品,Apple（苹果）,教育/培训/科研,均未参加过,本科,旋转可拆分磁吸保护套,"防摔防磕/保护性强,不易沾指纹/不易显脏,触控笔收纳和拿取方便,价格合适/性价比高,与平板搭配协调","不易沾指纹/不易显脏,防摔防磕/保护性强,触控笔收纳和拿取方便,与平板搭配协调,价格合适/性价比高",120-149元,肯定会,我已认真阅读,购买意愿: [肯定会购买],吸引力: [非常吸引],"磁吸拆分方便,保护性较好,可旋转使用,价格合适",我已认真阅读,购买意愿: [肯定会购买],四角气囊防护外显: [非常吸引];侧面直取笔槽: [非常吸引];更丰富、更个性化的配色选择: [非常吸引],愿意多付11-15元,可能会购买,可能会购买,可能会购买,-,-,愿意，防护性能强，外观好看，使用方便,我已认真阅读,购买意愿: [肯定会购买],光栅纹理背板的视觉效果: [非常吸引];微磨砂质感: [非常吸引];相比普通光面背板更不易沾指纹: [非常吸引];整体看起来更特别/更有设计感: [非常吸引],愿意多付11-15元,可能会购买,可能会购买,可能会购买,-,-,愿意，外观好看，质感很好，防护性能强,38.93s,光栅款,愿意，外观好看，防护性能强，值得加钱,经常会,女,31-35岁,专业人士,四线,低,"已婚,已育,已有车",河南省,焦作市
52,是,88899627,726476,1024659,"平板电脑,平板电脑保护套/壳,无线蓝牙耳机,智能手表/手环,手机充电线/数据线,充电宝/移动电源,手机贴膜,鼠标/机械键盘",近12个月内,120–149元,完全由我自己决定购买哪个品牌和产品,Apple（苹果）,以上均无,均未参加过,本科,"磁吸不可拆分保护套,带笔槽保护套,普通翻盖保护套","防摔防磕/保护性强,支架稳定/角度好用,触控笔收纳和拿取方便,轻薄便携,价格合适/性价比高,与平板搭配协调","防摔防磕/保护性强,轻薄便携,支架稳定/角度好用,与平板搭配协调,触控笔收纳和拿取方便,价格合适/性价比高",120-149元,可能会,我已认真阅读,购买意愿: [肯定会购买],吸引力: [非常吸引],"保护性较好,可旋转使用,磁吸拆分方便",我已认真阅读,购买意愿: [肯定会购买],四角气囊防护外显: [非常吸引];更丰富、更个性化的配色选择: [非常吸引];侧面直取笔槽: [非常吸引],愿意多付16-20元,肯定会购买,可能会购买,说不清,-,-,更加具有保护性 笔槽更方便取 更方便日常使用,我已认真阅读,购买意愿: [可能会购买],光栅纹理背板的视觉效果: [一般];微磨砂质感: [非常吸引];相比普通光面背板更不易沾指纹: [比较吸引];整体看起来更特别/更有设计感: [一般],愿意多付11-15元,可能会购买,可能不会购买,-,-,-,防指纹的意义不大,13.54s,升级光面款,比较喜欢简洁的光面背板,有时会,女,25-30岁,其他,二线,偏低,未知,江苏省,南京市
53,是,88899631,726476,1024659,"室内绿植/花卉,洗面奶/洁面乳,充电宝/移动电源,无线蓝牙耳机,运动鞋,洗衣液/洗衣凝珠,T恤/裙子,平板电脑保护套/壳",近12个月内,120–149元,完全由我自己决定购买哪个品牌和产品,Apple（苹果）,以上均无,均未参加过,硕士及以上,"普通翻盖保护套,磁吸不可拆分保护套,带笔槽保护套","防摔防磕/保护性强,支架稳定/角度好用,材质手感好,外观好看/有设计感,颜色选择丰富,与平板搭配协调","防摔防磕/保护性强,材质手感好,支架稳定/角度好用,与平板搭配协调,颜色选择丰富,外观好看/有设计感",120-149元,肯定会,我已认真阅读,购买意愿: [肯定会购买],吸引力: [非常吸引],"可旋转使用,磁吸拆分方便,外观看起来简洁",我已认真阅读,购买意愿: [肯定会购买],四角气囊防护外显: [非常吸引];侧面直取笔槽: [比较吸引];更丰富、更个性化的配色选择: [比较吸引],愿意多付11-15元,肯定会购买,可能会购买,说不清,-,-,120以内差不多了,我已认真阅读,购买意愿: [肯定会购买],光栅纹理背板的视觉效果: [非常吸引];微磨砂质感: [非常吸引];相比普通光面背板更不易沾指纹: [非常吸引];整体看起来更特别/更有设计感: [非常吸引],愿意多付11-15元,肯定会购买,可能会购买,说不清,-,-,太贵了,4.15s,光栅款,看起来符合我要求,经常会,女,31-35岁,专业人士,二线,偏低,"已婚,育婴期,已育,已有房",陕西省,西安市
54,是,88899638,726476,1024659,"手机贴膜,平板电脑,手机壳,充电宝/移动电源,洗衣液/洗衣凝珠,运动鞋,T恤/裙子,手机充电线/数据线,抽纸/卷纸,平板电脑保护套/壳",近12个月内,120–149元,完全由我自己决定购买哪个品牌和产品,Apple（苹果）,以上均无,均未参加过,本科,"普通翻盖保护套,磁吸不可拆分保护套","防摔防磕/保护性强,耐用不易坏,轻薄便携,材质手感好","轻薄便携,防摔防磕/保护性强,材质手感好,耐用不易坏",120-149元,可能会,我已认真阅读,购买意愿: [肯定会购买],吸引力: [非常吸引],"可旋转使用,磁吸拆分方便,保护性较好",我已认真阅读,购买意愿: [可能会购买],四角气囊防护外显: [比较吸引];侧面直取笔槽: [比较吸引];更丰富、更个性化的配色选择: [比较吸引],愿意多付6-10元,可能会购买,可能会购买,可能不会购买,-,-,和刚刚普通版的功能相差不大，没必要花更多钱,我已认真阅读,购买意愿: [可能会购买],光栅纹理背板的视觉效果: [比较吸引];微磨砂质感: [比较吸引];相比普通光面背板更不易沾指纹: [比较吸引];整体看起来更特别/更有设计感: [比较吸引],愿意多付6-10元,可能会购买,可能会购买,可能不会购买,-,-,相差不大和之前的，功能没有特别,22.28s,升级光面款,光面更美观，防护更好，材质更舒服,有时会,女,31-35岁,企业职员,一线,低,"准备结婚期,育婴期,已有房",广东省,广州市
55,是,88899641,726476,1024659,"手机贴膜,贴片面膜,抽纸/卷纸,手机充电线/数据线,充电宝/移动电源,鼠标/机械键盘,洗面奶/洁面乳,平板电脑保护套/壳,手机壳,奶茶/咖啡,运动鞋,洗衣液/洗衣凝珠,平板电脑,T恤/裙子,桌面收纳,薯片/膨化食品",近12个月内,50–79元,完全由我自己决定购买哪个品牌和产品,Apple（苹果）,以上均无,均未参加过,本科,磁吸不可拆分保护套,"防摔防磕/保护性强,支架稳定/角度好用,价格合适/性价比高,轻薄便携,材质手感好","防摔防磕/保护性强,价格合适/性价比高,轻薄便携,材质手感好,支架稳定/角度好用",80-99元,可能会,我已认真阅读,购买意愿: [可能会购买],吸引力: [比较吸引],"可旋转使用,保护性较好,磁吸拆分方便",我已认真阅读,购买意愿: [可能会购买],四角气囊防护外显: [非常吸引];侧面直取笔槽: [比较吸引];更丰富、更个性化的配色选择: [非常吸引],愿意多付16-20元,可能会购买,可能会购买,可能会购买,-,-,四角防护,我已认真阅读,购买意愿: [可能会购买],光栅纹理背板的视觉效果: [非常吸引];微磨砂质感: [比较吸引];相比普通光面背板更不易沾指纹: [非常吸引];整体看起来更特别/更有设计感: [比较吸引],愿意多付6-10元,可能会购买,可能会购买,可能不会购买,-,-,全方位防护,25.38s,升级光面款,价格适中,有时会,女,25-30岁,企业职员,三线,偏低,"已婚,已育,装修期,已有房,已有车",广东省,惠州市
56,是,88899652,726476,1024659,"手机充电线/数据线,抽纸/卷纸,手机贴膜,平板电脑,室内绿植/花卉,T恤/裙子,手机壳,平板电脑保护套/壳,薯片/膨化食品,无线蓝牙耳机,运动鞋,奶茶/咖啡,鼠标/机械键盘,贴片面膜,充电宝/移动电源,洗衣液/洗衣凝珠,洗面奶/洁面乳,桌面收纳",近12个月内,120–149元,完全由我自己决定购买哪个品牌和产品,Apple（苹果）,以上均无,均未参加过,本科,"带笔槽保护套,普通翻盖保护套,透明/半透明保护壳","防摔防磕/保护性强,轻薄便携,耐用不易坏,不易沾指纹/不易显脏,支架稳定/角度好用,触控笔收纳和拿取方便,与平板搭配协调,外观好看/有设计感,材质手感好","防摔防磕/保护性强,支架稳定/角度好用,轻薄便携,耐用不易坏,触控笔收纳和拿取方便,不易沾指纹/不易显脏,材质手感好,与平板搭配协调,外观好看/有设计感",120-149元,肯定会,我已认真阅读,购买意愿: [肯定会购买],吸引力: [非常吸引],"可旋转使用,磁吸拆分方便,保护性较好,支撑看剧/学习/办公,外观看起来简洁,品牌/品质感较好,价格合适",我已认真阅读,购买意愿: [肯定会购买],四角气囊防护外显: [非常吸引];侧面直取笔槽: [非常吸引];更丰富、更个性化的配色选择: [比较吸引],愿意多付21元及以上,肯定会购买,肯定会购买,可能会购买,-,-,非常愿意为这三个升级点多付钱，防摔性能大大增强，笔槽也很方便，配色也很特别，但是价格如果高出太多就要考虑一下了,我已认真阅读,购买意愿: [肯定会购买],光栅纹理背板的视觉效果: [非常吸引];微磨砂质感: [非常吸引];相比普通光面背板更不易沾指纹: [非常吸引];整体看起来更特别/更有设计感: [非常吸引],愿意多付21元及以上,肯定会购买,肯定会购买,可能会购买,-,-,质感更好，显得上档次，防指纹效果更好，非常乐意加钱购买,30.23s,光栅款,光栅款背面纹理显得更有质感，磨砂手感不易粘指纹，高级上档次，颜色也鲜艳，会更醒目，防护效果也不错，个人觉得可以加钱购买,经常会,女,25-30岁,专业人士,四线,偏低,"准备结婚期,已育,已有车",山东省,菏泽市
57,是,88899654,726476,1024659,"室内绿植/花卉,T恤/裙子,手机贴膜,手机充电线/数据线,薯片/膨化食品,智能手表/手环,运动鞋,桌面收纳,无线蓝牙耳机,鼠标/机械键盘,平板电脑保护套/壳,抽纸/卷纸,平板电脑,洗衣液/洗衣凝珠,洗面奶/洁面乳,奶茶/咖啡,手机壳,充电宝/移动电源,贴片面膜",近12个月内,50–79元,完全由我自己决定购买哪个品牌和产品,Apple（苹果）,以上均无,均未参加过,本科,"单壳（不带盖板）保护套,带笔槽保护套","防摔防磕/保护性强,材质手感好,不易沾指纹/不易显脏,轻薄便携,外观好看/有设计感,耐用不易坏,支架稳定/角度好用","防摔防磕/保护性强,轻薄便携,外观好看/有设计感,不易沾指纹/不易显脏,材质手感好,耐用不易坏,支架稳定/角度好用",80-99元,肯定会,我已认真阅读,购买意愿: [说不清],吸引力: [一般],外观看起来简洁,我已认真阅读,购买意愿: [说不清],四角气囊防护外显: [不太吸引];侧面直取笔槽: [比较吸引];更丰富、更个性化的配色选择: [一般],不愿意多付钱,可能不会购买,-,-,可能不会购买,可能不会购买,不喜欢这个颜色 没有特别原因,我已认真阅读,购买意愿: [肯定不会购买],光栅纹理背板的视觉效果: [一般];微磨砂质感: [比较吸引];相比普通光面背板更不易沾指纹: [比较吸引];整体看起来更特别/更有设计感: [比较吸引],不愿意多付钱,可能不会购买,-,-,可能不会购买,可能不会购买,不喜欢蓝色,6.08s,两款都可以，没有明显偏好,不喜欢颜色，更喜欢透色或者其他图案款式,有时会,女,36-40岁,企业职员,一线,偏低,"已婚,育婴期,已育,已有房,已有车",北京,北京市
58,是,88899661,726476,1024659,"充电宝/移动电源,鼠标/机械键盘,贴片面膜,平板电脑,平板电脑保护套/壳,薯片/膨化食品,手机壳,手机贴膜,室内绿植/花卉,T恤/裙子,抽纸/卷纸,智能手表/手环,桌面收纳,无线蓝牙耳机,奶茶/咖啡,洗衣液/洗衣凝珠,洗面奶/洁面乳,运动鞋,手机充电线/数据线",近12个月内,80–99元,完全由我自己决定购买哪个品牌和产品,Apple（苹果）,以上均无,均未参加过,本科,键盘保护套,"支架稳定/角度好用,防摔防磕/保护性强,材质手感好,轻薄便携,品牌可信/品质稳定,耐用不易坏,与平板搭配协调,外观好看/有设计感,颜色选择丰富,价格合适/性价比高","防摔防磕/保护性强,耐用不易坏,支架稳定/角度好用,轻薄便携,材质手感好,品牌可信/品质稳定,与平板搭配协调,外观好看/有设计感,颜色选择丰富,价格合适/性价比高",100-119元,肯定会,我已认真阅读,购买意愿: [肯定会购买],吸引力: [非常吸引],"保护性较好,价格合适,可旋转使用,磁吸拆分方便,外观看起来简洁,支撑看剧/学习/办公",我已认真阅读,购买意愿: [肯定会购买],四角气囊防护外显: [非常吸引];侧面直取笔槽: [非常吸引];更丰富、更个性化的配色选择: [非常吸引],愿意多付11-15元,肯定会购买,可能会购买,可能会购买,-,-,磁吸分离，颜色丰富，防光滑面,我已认真阅读,购买意愿: [肯定会购买],光栅纹理背板的视觉效果: [比较吸引];微磨砂质感: [非常吸引];相比普通光面背板更不易沾指纹: [非常吸引];整体看起来更特别/更有设计感: [非常吸引],愿意多付11-15元,可能会购买,可能会购买,可能会购买,-,-,防指纹,14.91s,光栅款,不粘指纹，视觉触觉更好,经常会,男,31-35岁,企业职员,一线,偏低,"单身,装修期,已有车",广东省,广州市
59,是,88899674,726476,1024659,"室内绿植/花卉,抽纸/卷纸,平板电脑保护套/壳,手机贴膜,手机壳,贴片面膜,手机充电线/数据线,充电宝/移动电源,无线蓝牙耳机,桌面收纳",近12个月内,100–119元,主要由我自己决定，偶尔参考他人意见,Apple（苹果）,以上均无,均未参加过,本科,键盘保护套,"支架稳定/角度好用,材质手感好,不易沾指纹/不易显脏,颜色选择丰富,品牌可信/品质稳定,耐用不易坏,防摔防磕/保护性强","品牌可信/品质稳定,不易沾指纹/不易显脏,耐用不易坏,材质手感好,防摔防磕/保护性强,支架稳定/角度好用,颜色选择丰富",80-99元,可能会,我已认真阅读,购买意愿: [可能会购买],吸引力: [比较吸引],"磁吸拆分方便,外观看起来简洁,保护性较好",我已认真阅读,购买意愿: [肯定会购买],四角气囊防护外显: [非常吸引];侧面直取笔槽: [非常吸引];更丰富、更个性化的配色选择: [非常吸引],愿意多付16-20元,肯定会购买,可能不会购买,-,-,-,我愿意为升级点多付费用。首先，升级的防护设计能更好地保护平板，减少摔落、磕碰带来的维修风险，用起来更安心；其次，优化后的笔槽设计能让Apple Pencil收纳更稳妥，不容易丢失，日常学习办公时随取随用也更方便；另外，升级后的外观和配色质感更好，背板也不容易发黄，长时间使用也能保持平板的颜值，整体使用体验提升明显，多花的钱能换来更省心耐用的体验，我觉得是值得的。,我已认真阅读,购买意愿: [可能会购买],光栅纹理背板的视觉效果: [比较吸引];微磨砂质感: [一般];相比普通光面背板更不易沾指纹: [非常吸引];整体看起来更特别/更有设计感: [一般],愿意多付5元以内,可能不会购买,-,-,可能会购买,-,我对升级点的付费意愿比较中立。如果升级后的防护、笔槽优化能解决我实际使用中的痛点，比如笔容易掉、防护边角容易磨损等问题，并且升级后的价格在合理范围内，我会考虑多付一点费用；但如果升级的功能只是锦上添花，没有解决核心使用问题，或者加价幅度太高，我还是会选择基础款，毕竟99元的基础款已经能满足我日常看剧、学习的大部分需求。,2.57s,升级光面款,我愿意为升级点多付费用。首先，升级的防护设计能更好地保护平板，减少摔落、磕碰带来的维修风险，用起来更安心；其次，优化后的笔槽设计能让Apple Pencil收纳更稳妥，不容易丢失，日常学习办公时随取随用也更方便；另外，升级后的外观和配色质感更好，背板也不容易发黄，长时间使用也能保持平板的颜值，整体使用体验提升明显，多花的钱能换来更省心耐用的体验，我觉得是值得的。,经常会,女,25-30岁,企业职员,三线,中等,"准备结婚期,已有房,已有车",广东省,汕头市
60,是,88899680,726476,1024659,"平板电脑保护套/壳,手机壳,洗面奶/洁面乳,抽纸/卷纸,T恤/裙子,运动鞋,无线蓝牙耳机,鼠标/机械键盘,奶茶/咖啡,充电宝/移动电源,桌面收纳,薯片/膨化食品,洗衣液/洗衣凝珠,手机充电线/数据线",近12个月内,120–149元,完全由我自己决定购买哪个品牌和产品,Apple（苹果）,以上均无,均未参加过,本科,"单壳（不带盖板）保护套,普通翻盖保护套,磁吸不可拆分保护套","防摔防磕/保护性强,材质手感好,支架稳定/角度好用,轻薄便携,价格合适/性价比高,耐用不易坏","防摔防磕/保护性强,轻薄便携,材质手感好,耐用不易坏,价格合适/性价比高,支架稳定/角度好用",120-149元,肯定会,我已认真阅读,购买意愿: [肯定会购买],吸引力: [非常吸引],"可旋转使用,磁吸拆分方便,价格合适,保护性较好,外观看起来简洁",我已认真阅读,购买意愿: [可能会购买],四角气囊防护外显: [非常吸引];侧面直取笔槽: [一般];更丰富、更个性化的配色选择: [比较吸引],愿意多付11-15元,可能会购买,说不清,-,-,-,我不需要放笔的笔槽，外观也没有太吸引的地方,我已认真阅读,购买意愿: [肯定会购买],光栅纹理背板的视觉效果: [非常吸引];微磨砂质感: [比较吸引];相比普通光面背板更不易沾指纹: [非常吸引];整体看起来更特别/更有设计感: [非常吸引],愿意多付16-20元,肯定会购买,说不清,-,-,-,光栅背板看起来很吸引人，不易沾指纹是我需要的,52.01s,光栅款,外观吸引我，不易沾指纹是我需要的功能,有时会,女,25-30岁,其他,一线,偏低,"已婚,育婴期,已育,装修期,已有房,已有车",广东省,深圳市
61,是,88899684,726476,1024659,"平板电脑保护套/壳,抽纸/卷纸,奶茶/咖啡,薯片/膨化食品,贴片面膜,洗衣液/洗衣凝珠,T恤/裙子,平板电脑,洗面奶/洁面乳,手机壳,手机充电线/数据线,桌面收纳,运动鞋",近12个月内,50–79元,完全由我自己决定购买哪个品牌和产品,Apple（苹果）,以上均无,均未参加过,本科,磁吸不可拆分保护套,"不易沾指纹/不易显脏,外观好看/有设计感,材质手感好,支架稳定/角度好用,防摔防磕/保护性强,品牌可信/品质稳定,与平板搭配协调","外观好看/有设计感,支架稳定/角度好用,材质手感好,防摔防磕/保护性强,不易沾指纹/不易显脏,与平板搭配协调,品牌可信/品质稳定",50-79元,肯定会,我已认真阅读,购买意愿: [可能会购买],吸引力: [非常吸引],"可旋转使用,磁吸拆分方便",我已认真阅读,购买意愿: [可能会购买],四角气囊防护外显: [非常吸引];侧面直取笔槽: [比较吸引];更丰富、更个性化的配色选择: [非常吸引],愿意多付11-15元,可能会购买,可能会购买,说不清,-,-,看起来颜色更丰富，放笔的卡槽看起来也很方便，功能性增加了,我已认真阅读,购买意愿: [可能会购买],光栅纹理背板的视觉效果: [一般];相比普通光面背板更不易沾指纹: [比较吸引];整体看起来更特别/更有设计感: [一般];微磨砂质感: [比较吸引],不愿意多付钱,可能会购买,可能不会购买,-,-,-,感觉好像没有太大区别的样子,11.39s,两款都可以，没有明显偏好,我喜欢材质看起来更好的，更不粘灰，容易拆下来清洁平板的,有时会,女,25-30岁,专业人士,三线,中等,"已婚,育婴期,已育,已有房,已有车",浙江省,金华市
62,是,88899695,726476,1024659,"平板电脑保护套/壳,手机壳,鼠标/机械键盘,桌面收纳",近12个月内,120–149元,完全由我自己决定购买哪个品牌和产品,Apple（苹果）,以上均无,均未参加过,硕士及以上,"普通翻盖保护套,旋转可拆分磁吸保护套,带笔槽保护套,键盘保护套,透明/半透明保护壳","防摔防磕/保护性强,支架稳定/角度好用,触控笔收纳和拿取方便,与平板搭配协调,耐用不易坏,轻薄便携,材质手感好","轻薄便携,防摔防磕/保护性强,耐用不易坏,触控笔收纳和拿取方便,支架稳定/角度好用,材质手感好,与平板搭配协调",120-149元,肯定会,我已认真阅读,购买意愿: [肯定会购买],吸引力: [非常吸引],"可旋转使用,磁吸拆分方便,支撑看剧/学习/办公,外观看起来简洁,保护性较好,价格合适,品牌/品质感较好",我已认真阅读,购买意愿: [肯定会购买],四角气囊防护外显: [非常吸引];侧面直取笔槽: [非常吸引];更丰富、更个性化的配色选择: [非常吸引],愿意多付16-20元,肯定会购买,肯定会购买,肯定会购买,-,-,啊，使用起来很方便，能够旋转，还有磁吸能够支撑起来看剧，而且外观看起来很简洁，主要是品质也很好,我已认真阅读,购买意愿: [肯定会购买],光栅纹理背板的视觉效果: [非常吸引];微磨砂质感: [非常吸引];相比普通光面背板更不易沾指纹: [非常吸引];整体看起来更特别/更有设计感: [非常吸引],愿意多付21元及以上,肯定会购买,肯定会购买,肯定会购买,-,-,  这个一机多体态，随取随用，这个，而且它的设计比较好，不会让平板掉地下摔坏，所以我愿意去选它,74.52s,升级光面款,我喜欢它的这个一机多体态，能够随时取随时用嗯，还能有防震的效果，防摔的效果手感也好,经常会,女,25-30岁,其他,二线,偏低,未知,吉林省,长春市
63,是,88899699,726476,1024659,"平板电脑保护套/壳,智能手表/手环,手机壳,手机充电线/数据线,无线蓝牙耳机,充电宝/移动电源,平板电脑",近12个月内,120–149元,完全由我自己决定购买哪个品牌和产品,Apple（苹果）,以上均无,均未参加过,本科,"单壳（不带盖板）保护套,磁吸不可拆分保护套,透明/半透明保护壳","防摔防磕/保护性强,不易沾指纹/不易显脏,轻薄便携,价格合适/性价比高,材质手感好,支架稳定/角度好用,耐用不易坏,品牌可信/品质稳定","价格合适/性价比高,品牌可信/品质稳定,材质手感好,轻薄便携,支架稳定/角度好用,不易沾指纹/不易显脏,耐用不易坏,防摔防磕/保护性强",120-149元,肯定会,我已认真阅读,购买意愿: [肯定会购买],吸引力: [非常吸引],"可旋转使用,价格合适,外观看起来简洁,保护性较好,磁吸拆分方便",我已认真阅读,购买意愿: [肯定会购买],四角气囊防护外显: [非常吸引];侧面直取笔槽: [比较吸引];更丰富、更个性化的配色选择: [非常吸引],愿意多付11-15元,肯定会购买,可能会购买,可能会购买,-,-,这个价格在我的考虑范围内，然后这三个升级点我觉得非常实在，保护性能很不错,我已认真阅读,购买意愿: [肯定会购买],光栅纹理背板的视觉效果: [非常吸引];微磨砂质感: [非常吸引];相比普通光面背板更不易沾指纹: [比较吸引];整体看起来更特别/更有设计感: [比较吸引],愿意多付11-15元,肯定会购买,肯定会购买,可能会购买,-,-,价格贵了一点，相对别的品牌的,10.71s,两款都可以，没有明显偏好,希望价格和实用性可以更有性价比,经常会,女,31-35岁,自由职业/个体经营,二线,低,"已婚,育婴期,已育",湖北省,武汉市
64,是,88899700,726476,1024659,"抽纸/卷纸,无线蓝牙耳机,洗衣液/洗衣凝珠,鼠标/机械键盘,充电宝/移动电源,平板电脑保护套/壳,手机充电线/数据线,运动鞋,洗面奶/洁面乳,平板电脑",近12个月内,120–149元,完全由我自己决定购买哪个品牌和产品,Apple（苹果）,以上均无,均未参加过,本科,"普通翻盖保护套,旋转可拆分磁吸保护套","材质手感好,品牌可信/品质稳定,防摔防磕/保护性强","品牌可信/品质稳定,防摔防磕/保护性强,材质手感好",120-149元,可能会,我已认真阅读,购买意愿: [可能会购买],吸引力: [非常吸引],"品牌/品质感较好,可旋转使用,支撑看剧/学习/办公",我已认真阅读,购买意愿: [可能会购买],侧面直取笔槽: [比较吸引];四角气囊防护外显: [非常吸引];更丰富、更个性化的配色选择: [非常吸引],愿意多付16-20元,可能会购买,可能会购买,肯定会购买,-,-,这三个升级点真的很不错哦，看上去特别喜欢这个风格的感觉,我已认真阅读,购买意愿: [可能会购买],光栅纹理背板的视觉效果: [非常吸引];微磨砂质感: [比较吸引];相比普通光面背板更不易沾指纹: [非常吸引];整体看起来更特别/更有设计感: [比较吸引],愿意多付16-20元,可能会购买,肯定会购买,可能会购买,-,-,光栅背板符合我的理念，真的很喜欢这个风格的感觉,49.06s,光栅款,看上去很不错的样子呢，哈哈真的很喜欢这个，yyds！,有时会,女,31-35岁,专业人士,一线,偏低,"已婚,育婴期,已育,已有车",上海,上海市
65,是,88899703,726476,1024659,"平板电脑,抽纸/卷纸,奶茶/咖啡,薯片/膨化食品,手机充电线/数据线,桌面收纳,无线蓝牙耳机,手机壳,平板电脑保护套/壳,充电宝/移动电源,T恤/裙子,手机贴膜,洗衣液/洗衣凝珠",近12个月内,120–149元,完全由我自己决定购买哪个品牌和产品,Apple（苹果）,以上均无,均未参加过,本科,"普通翻盖保护套,透明/半透明保护壳,单壳（不带盖板）保护套","防摔防磕/保护性强,不易沾指纹/不易显脏,耐用不易坏,轻薄便携,价格合适/性价比高,与平板搭配协调,外观好看/有设计感,材质手感好,颜色选择丰富","防摔防磕/保护性强,价格合适/性价比高,外观好看/有设计感,材质手感好,轻薄便携,颜色选择丰富,不易沾指纹/不易显脏,耐用不易坏,与平板搭配协调",50-79元,肯定会,我已认真阅读,购买意愿: [肯定会购买],吸引力: [非常吸引],"磁吸拆分方便,支撑看剧/学习/办公,价格合适,外观看起来简洁,保护性较好,品牌/品质感较好",我已认真阅读,购买意愿: [肯定会购买],四角气囊防护外显: [比较吸引];侧面直取笔槽: [非常吸引];更丰富、更个性化的配色选择: [非常吸引],愿意多付11-15元,肯定会购买,肯定会购买,可能会购买,-,-,119-129元是我觉得比较合适的价位，139元我觉得有点贵了,我已认真阅读,购买意愿: [肯定会购买],光栅纹理背板的视觉效果: [非常吸引];微磨砂质感: [非常吸引];相比普通光面背板更不易沾指纹: [非常吸引];整体看起来更特别/更有设计感: [比较吸引],愿意多付6-10元,肯定会购买,可能会购买,说不清,-,-,我觉得129元左右是我心理预期价格，139元以上有点贵了,50.91s,光栅款,升级光栅版看着更高级,有时会,女,25-30岁,企业职员,二线,偏低,单身,广东省,佛山市
66,是,88899739,726476,1024659,"充电宝/移动电源,手机充电线/数据线,平板电脑保护套/壳,鼠标/机械键盘",近12个月内,120–149元,完全由我自己决定购买哪个品牌和产品,Apple（苹果）,以上均无,均未参加过,本科,磁吸不可拆分保护套,"品牌可信/品质稳定,支架稳定/角度好用","品牌可信/品质稳定,支架稳定/角度好用",150-199元,可能会,我已认真阅读,购买意愿: [可能会购买],吸引力: [比较吸引],磁吸拆分方便,我已认真阅读,购买意愿: [可能会购买],四角气囊防护外显: [非常吸引];侧面直取笔槽: [比较吸引];更丰富、更个性化的配色选择: [比较吸引],愿意多付16-20元,肯定会购买,肯定会购买,可能会购买,-,-,保护性强，抗磕碰,我已认真阅读,购买意愿: [可能会购买],光栅纹理背板的视觉效果: [比较吸引];微磨砂质感: [比较吸引];相比普通光面背板更不易沾指纹: [非常吸引];整体看起来更特别/更有设计感: [非常吸引],愿意多付16-20元,肯定会购买,可能会购买,说不清,-,-,防指纹,33.71s,两款都可以，没有明显偏好,功能无明显差异,有时会,男,31-35岁,企业职员,一线,低,"已婚,育婴期,已育,已有房,已有车,孝敬期",北京,北京市
67,是,88899746,726476,1024659,"平板电脑保护套/壳,手机壳,奶茶/咖啡,运动鞋,智能手表/手环,洗衣液/洗衣凝珠,薯片/膨化食品,抽纸/卷纸,手机充电线/数据线,手机贴膜,洗面奶/洁面乳,无线蓝牙耳机,T恤/裙子,贴片面膜",近12个月内,80–99元,完全由我自己决定购买哪个品牌和产品,Apple（苹果）,以上均无,均未参加过,本科,"单壳（不带盖板）保护套,磁吸不可拆分保护套,普通翻盖保护套,带笔槽保护套,键盘保护套","触控笔收纳和拿取方便,支架稳定/角度好用,外观好看/有设计感,品牌可信/品质稳定,轻薄便携,防摔防磕/保护性强","防摔防磕/保护性强,触控笔收纳和拿取方便,外观好看/有设计感,品牌可信/品质稳定,支架稳定/角度好用,轻薄便携",120-149元,肯定会,我已认真阅读,购买意愿: [肯定会购买],吸引力: [非常吸引],"磁吸拆分方便,保护性较好,品牌/品质感较好,可旋转使用,支撑看剧/学习/办公",我已认真阅读,购买意愿: [肯定会购买],四角气囊防护外显: [非常吸引];侧面直取笔槽: [非常吸引];更丰富、更个性化的配色选择: [非常吸引],愿意多付21元及以上,肯定会购买,肯定会购买,肯定会购买,-,-,有必须要的功能，更丰富,我已认真阅读,购买意愿: [肯定会购买],光栅纹理背板的视觉效果: [非常吸引];微磨砂质感: [非常吸引];相比普通光面背板更不易沾指纹: [非常吸引];整体看起来更特别/更有设计感: [非常吸引],愿意多付21元及以上,肯定会购买,肯定会购买,肯定会购买,-,-,功能多符合我日常需求,10.31s,升级光面款,最新升级，是新款,经常会,女,25-30岁,企业职员,二线,低,已婚,山东省,烟台市
68,是,88899768,726476,1024659,"手机贴膜,贴片面膜,运动鞋,洗衣液/洗衣凝珠,无线蓝牙耳机,智能手表/手环,洗面奶/洁面乳,薯片/膨化食品,手机壳,抽纸/卷纸,充电宝/移动电源,室内绿植/花卉,T恤/裙子,平板电脑保护套/壳,平板电脑,奶茶/咖啡,手机充电线/数据线,鼠标/机械键盘",近12个月内,记不清,完全由我自己决定购买哪个品牌和产品,Apple（苹果）,以上均无,均未参加过,硕士及以上,不确定,"防摔防磕/保护性强,触控笔收纳和拿取方便,不易沾指纹/不易显脏,颜色选择丰富,品牌可信/品质稳定,耐用不易坏,支架稳定/角度好用,材质手感好,外观好看/有设计感,轻薄便携,价格合适/性价比高,与平板搭配协调","品牌可信/品质稳定,支架稳定/角度好用,轻薄便携,外观好看/有设计感,材质手感好,不易沾指纹/不易显脏,耐用不易坏,与平板搭配协调,防摔防磕/保护性强,触控笔收纳和拿取方便,价格合适/性价比高,颜色选择丰富",200元及以上,肯定会,我已认真阅读,购买意愿: [可能会购买],吸引力: [比较吸引],"可旋转使用,磁吸拆分方便,支撑看剧/学习/办公,价格合适,外观看起来简洁,保护性较好",我已认真阅读,购买意愿: [肯定会购买],侧面直取笔槽: [比较吸引];四角气囊防护外显: [非常吸引];更丰富、更个性化的配色选择: [比较吸引],愿意多付21元及以上,肯定会购买,肯定会购买,肯定会购买,-,-,防护更好不容易撞坏，配色让人眼前一亮，外观简洁,我已认真阅读,购买意愿: [肯定会购买],光栅纹理背板的视觉效果: [比较吸引];微磨砂质感: [比较吸引];相比普通光面背板更不易沾指纹: [非常吸引];整体看起来更特别/更有设计感: [比较吸引],即使同价也更倾向升级光面款,可能会购买,可能会购买,可能会购买,-,-,光栅背板更加耐磨防指纹，但是光面款更美观,61.51s,两款都可以，没有明显偏好,升级光面款外观简洁大方，光栅款更加耐磨，各有各的优点,经常会,女,31-35岁,其他,二线,偏高,未知,重庆,重庆市
69,是,88899811,726476,1024659,"无线蓝牙耳机,智能手表/手环,平板电脑保护套/壳,手机充电线/数据线,室内绿植/花卉,充电宝/移动电源,薯片/膨化食品,洗面奶/洁面乳,贴片面膜,洗衣液/洗衣凝珠,抽纸/卷纸,奶茶/咖啡",近12个月内,150–199元,主要由我自己决定，偶尔参考他人意见,Apple（苹果）,"教育/培训/科研,医疗/健康/生物制药",均未参加过,本科,磁吸不可拆分保护套,"防摔防磕/保护性强,支架稳定/角度好用,触控笔收纳和拿取方便,材质手感好,轻薄便携","防摔防磕/保护性强,材质手感好,支架稳定/角度好用,触控笔收纳和拿取方便,轻薄便携",150-199元,可能会,我已认真阅读,购买意愿: [可能会购买],吸引力: [比较吸引],"可旋转使用,磁吸拆分方便,支撑看剧/学习/办公,保护性较好",我已认真阅读,购买意愿: [可能会购买],四角气囊防护外显: [非常吸引];侧面直取笔槽: [一般];更丰富、更个性化的配色选择: [比较吸引],愿意多付16-20元,可能会购买,可能会购买,可能不会购买,-,-,感觉升级了之后对平板的保护性更好，也更加适用于日常使用,我已认真阅读,购买意愿: [说不清],光栅纹理背板的视觉效果: [不太吸引];微磨砂质感: [比较吸引];相比普通光面背板更不易沾指纹: [一般];整体看起来更特别/更有设计感: [一般],不愿意多付钱,可能不会购买,-,-,可能不会购买,说不清,感觉其质感不好，也不太好看,6.3s,升级光面款,其材质相对于另一个来说更加好一些，然后看起来实用性比较高,有时会,女,25-30岁,企业职员,三线,低,已婚,山东省,潍坊市
70,是,88899822,726476,1024659,"洗面奶/洁面乳,奶茶/咖啡,运动鞋,平板电脑,抽纸/卷纸,贴片面膜,平板电脑保护套/壳,充电宝/移动电源",近12个月内,100–119元,完全由我自己决定购买哪个品牌和产品,Apple（苹果）,教育/培训/科研,美妆/个人护理类,大专,"普通翻盖保护套,磁吸不可拆分保护套","防摔防磕/保护性强,支架稳定/角度好用,不易沾指纹/不易显脏,轻薄便携,耐用不易坏","耐用不易坏,不易沾指纹/不易显脏,轻薄便携,防摔防磕/保护性强,支架稳定/角度好用",100-119元,肯定会,我已认真阅读,购买意愿: [肯定会购买],吸引力: [非常吸引],"可旋转使用,磁吸拆分方便,外观看起来简洁,保护性较好",我已认真阅读,购买意愿: [肯定会购买],四角气囊防护外显: [非常吸引];侧面直取笔槽: [非常吸引];更丰富、更个性化的配色选择: [非常吸引],愿意多付21元及以上,肯定会购买,肯定会购买,肯定会购买,-,-,愿意 防护到位 可以当支架配色也很好看，日常体验很好,我已认真阅读,购买意愿: [肯定会购买],光栅纹理背板的视觉效果: [非常吸引];微磨砂质感: [非常吸引];相比普通光面背板更不易沾指纹: [非常吸引];整体看起来更特别/更有设计感: [非常吸引],愿意多付21元及以上,肯定会购买,肯定会购买,肯定会购买,-,-,外观也很好看 很新颖色的设计 ,35.75s,两款都可以，没有明显偏好,两款都很好看，都很新颖,经常会,女,25-30岁,自由职业/个体经营,五线,低,"准备结婚期,已有车",河南省,开封市
71,是,88899836,726476,1024659,"平板电脑,平板电脑保护套/壳,手机贴膜,鼠标/机械键盘,充电宝/移动电源,手机充电线/数据线,智能手表/手环,手机壳,无线蓝牙耳机",近12个月内,120–149元,完全由我自己决定购买哪个品牌和产品,Apple（苹果）,以上均无,均未参加过,硕士及以上,"键盘保护套,旋转可拆分磁吸保护套,带笔槽保护套","材质手感好,触控笔收纳和拿取方便,外观好看/有设计感,品牌可信/品质稳定,价格合适/性价比高,防摔防磕/保护性强,支架稳定/角度好用","材质手感好,防摔防磕/保护性强,触控笔收纳和拿取方便,支架稳定/角度好用,品牌可信/品质稳定,外观好看/有设计感,价格合适/性价比高",120-149元,肯定会,我已认真阅读,购买意愿: [肯定会购买],吸引力: [非常吸引],"可旋转使用,价格合适,磁吸拆分方便,保护性较好",我已认真阅读,购买意愿: [肯定会购买],更丰富、更个性化的配色选择: [比较吸引];侧面直取笔槽: [非常吸引];四角气囊防护外显: [比较吸引],愿意多付21元及以上,肯定会购买,可能会购买,可能会购买,-,-,首先要符合我的审美要求的 其次是手感要好 颜色可以更加的丰富一些的 而且要足够的防滑 材质最好是橡胶 最后最好轻便一点的,我已认真阅读,购买意愿: [肯定会购买],光栅纹理背板的视觉效果: [比较吸引];微磨砂质感: [比较吸引];相比普通光面背板更不易沾指纹: [非常吸引];整体看起来更特别/更有设计感: [非常吸引],愿意多付16-20元,肯定会购买,可能会购买,说不清,-,-,外观看着比较喜欢的 质感也还不错 防指纹肯定是需要的 其次就是要更加的坚固 可以做到防摔防磕碰的,66.82s,光栅款,比较符合我的要求的 是我需要的一款产品 所以我会选择这个材质的 价格可以接受更高的,经常会,女,25-30岁,其他,二线,低,"已婚,已有房",天津,天津市
72,是,88899869,726476,1024659,"奶茶/咖啡,手机充电线/数据线,桌面收纳,T恤/裙子,手机壳,平板电脑保护套/壳,薯片/膨化食品,抽纸/卷纸,智能手表/手环,手机贴膜,充电宝/移动电源,洗面奶/洁面乳,贴片面膜,平板电脑,运动鞋,无线蓝牙耳机,洗衣液/洗衣凝珠",近12个月内,120–149元,完全由我自己决定购买哪个品牌和产品,Apple（苹果）,以上均无,均未参加过,本科,"普通翻盖保护套,磁吸不可拆分保护套,键盘保护套","支架稳定/角度好用,防摔防磕/保护性强,触控笔收纳和拿取方便,外观好看/有设计感,与平板搭配协调,耐用不易坏,品牌可信/品质稳定,不易沾指纹/不易显脏,颜色选择丰富,材质手感好,轻薄便携,价格合适/性价比高","防摔防磕/保护性强,支架稳定/角度好用,触控笔收纳和拿取方便,外观好看/有设计感,品牌可信/品质稳定,材质手感好,不易沾指纹/不易显脏,与平板搭配协调,轻薄便携,颜色选择丰富,耐用不易坏,价格合适/性价比高",120-149元,可能会,我已认真阅读,购买意愿: [可能会购买],吸引力: [比较吸引],"可旋转使用,磁吸拆分方便",我已认真阅读,购买意愿: [肯定会购买],四角气囊防护外显: [非常吸引];侧面直取笔槽: [比较吸引];更丰富、更个性化的配色选择: [非常吸引],愿意多付11-15元,可能会购买,可能会购买,可能会购买,-,-,配色感觉不够吸引我,我已认真阅读,购买意愿: [肯定会购买],光栅纹理背板的视觉效果: [非常吸引];微磨砂质感: [比较吸引];相比普通光面背板更不易沾指纹: [非常吸引];整体看起来更特别/更有设计感: [非常吸引],愿意多付16-20元,肯定会购买,可能会购买,可能会购买,-,-,超出心理预期了,10.2s,光栅款,更有设计感,经常会,女,25-30岁,企业职员,五线,偏低,"已婚,育婴期,已育,已有房",辽宁省,营口市
73,是,88899892,726476,1024659,"奶茶/咖啡,洗面奶/洁面乳,T恤/裙子,充电宝/移动电源,洗衣液/洗衣凝珠,抽纸/卷纸,贴片面膜,薯片/膨化食品,手机贴膜,手机充电线/数据线,鼠标/机械键盘,平板电脑,平板电脑保护套/壳,运动鞋,桌面收纳,无线蓝牙耳机,手机壳",近12个月内,100–119元,完全由我自己决定购买哪个品牌和产品,Apple（苹果）,以上均无,均未参加过,本科,旋转可拆分磁吸保护套,"防摔防磕/保护性强,触控笔收纳和拿取方便,品牌可信/品质稳定,材质手感好,与平板搭配协调,支架稳定/角度好用,外观好看/有设计感","防摔防磕/保护性强,品牌可信/品质稳定,支架稳定/角度好用,触控笔收纳和拿取方便,与平板搭配协调,材质手感好,外观好看/有设计感",200元及以上,可能会,我已认真阅读,购买意愿: [肯定会购买],吸引力: [非常吸引],"磁吸拆分方便,价格合适,外观看起来简洁,可旋转使用",我已认真阅读,购买意愿: [肯定会购买],四角气囊防护外显: [比较吸引];侧面直取笔槽: [非常吸引];更丰富、更个性化的配色选择: [比较吸引],愿意多付21元及以上,肯定会购买,肯定会购买,肯定会购买,-,-,防护提升了很多，触控笔拿取更方便，外观也变好看了。,我已认真阅读,购买意愿: [可能会购买],光栅纹理背板的视觉效果: [比较吸引];微磨砂质感: [比较吸引];相比普通光面背板更不易沾指纹: [比较吸引];整体看起来更特别/更有设计感: [比较吸引],愿意多付21元及以上,肯定会购买,肯定会购买,可能会购买,-,-,光栅背板更加突出，设计感更好了。,22.98s,两款都可以，没有明显偏好,光面款和光栅款都是比较好的,经常会,男,18-24岁,自由职业/个体经营,五线,偏低,未知,河北省,邢台市
74,是,88899941,726476,1024659,"平板电脑保护套/壳,手机贴膜,手机充电线/数据线,手机壳,充电宝/移动电源,智能手表/手环,平板电脑,无线蓝牙耳机,鼠标/机械键盘",近12个月内,120–149元,完全由我自己决定购买哪个品牌和产品,Apple（苹果）,以上均无,均未参加过,本科,普通翻盖保护套,"防摔防磕/保护性强,外观好看/有设计感,颜色选择丰富,与平板搭配协调,轻薄便携,材质手感好,支架稳定/角度好用,触控笔收纳和拿取方便,不易沾指纹/不易显脏,耐用不易坏","支架稳定/角度好用,与平板搭配协调,外观好看/有设计感,轻薄便携,触控笔收纳和拿取方便,不易沾指纹/不易显脏,耐用不易坏,材质手感好,防摔防磕/保护性强,颜色选择丰富",120-149元,肯定会,我已认真阅读,购买意愿: [肯定会购买],吸引力: [非常吸引],"可旋转使用,外观看起来简洁,支撑看剧/学习/办公,磁吸拆分方便,保护性较好",我已认真阅读,购买意愿: [肯定会购买],四角气囊防护外显: [非常吸引];侧面直取笔槽: [非常吸引];更丰富、更个性化的配色选择: [非常吸引],愿意多付16-20元,肯定会购买,肯定会购买,肯定会购买,-,-,选择性多,我已认真阅读,购买意愿: [肯定会购买],光栅纹理背板的视觉效果: [非常吸引];微磨砂质感: [非常吸引];相比普通光面背板更不易沾指纹: [非常吸引];整体看起来更特别/更有设计感: [非常吸引],愿意多付16-20元,肯定会购买,肯定会购买,肯定会购买,-,-,使用感好,12.33s,升级光面款,材质更加好,经常会,女,25-30岁,企业职员,三线,偏高,未知,广东省,惠州市
75,是,88899943,726476,1024659,"抽纸/卷纸,手机贴膜,平板电脑保护套/壳,洗衣液/洗衣凝珠,无线蓝牙耳机,洗面奶/洁面乳,鼠标/机械键盘,充电宝/移动电源,T恤/裙子,智能手表/手环,薯片/膨化食品,桌面收纳,贴片面膜,运动鞋,手机壳,奶茶/咖啡,手机充电线/数据线",近12个月内,200元及以上,完全由我自己决定购买哪个品牌和产品,Apple（苹果）,以上均无,均未参加过,硕士及以上,"键盘保护套,旋转可拆分磁吸保护套","防摔防磕/保护性强,支架稳定/角度好用,触控笔收纳和拿取方便,与平板搭配协调,耐用不易坏,材质手感好","防摔防磕/保护性强,支架稳定/角度好用,与平板搭配协调,材质手感好,耐用不易坏,触控笔收纳和拿取方便",150-199元,可能会,我已认真阅读,购买意愿: [肯定会购买],吸引力: [非常吸引],"磁吸拆分方便,保护性较好,支撑看剧/学习/办公,可旋转使用,价格合适",我已认真阅读,购买意愿: [肯定会购买],四角气囊防护外显: [非常吸引];侧面直取笔槽: [非常吸引];更丰富、更个性化的配色选择: [比较吸引],愿意多付21元及以上,肯定会购买,肯定会购买,说不清,-,-, 嗯，我觉得就是有一点点超出了心理预期的价格，就觉得说不是太适合了，但是这一款我还是非常喜欢的，因为蓝色真的非常是我最喜欢的颜色，然后这款设计的包裹也非常好，觉得iPad很安全,我已认真阅读,购买意愿: [可能会购买],光栅纹理背板的视觉效果: [比较吸引];微磨砂质感: [比较吸引];相比普通光面背板更不易沾指纹: [比较吸引];整体看起来更特别/更有设计感: [比较吸引],即使同价也更倾向升级光面款,可能会购买,可能不会购买,-,-,-,可能虽然亮面板会留下指纹，但这个光栅背板不是非常符合我的审美，所以我不会愿意多花钱,16.1s,升级光面款,感觉两款的，不过是材质功能防护都差异不大，所以单从外观上判断的话，更喜欢光面的一点，我会因为光面多花一点钱吧，但是我能理解光栅的那个可能技术成本会更高一点,有时会,女,31-35岁,专业人士,三线,偏高,"已婚,育婴期,已有房",广东省,汕头市
76,是,88899965,726476,1024659,"平板电脑,平板电脑保护套/壳,手机贴膜,手机壳",近12个月内,120–149元,完全由我自己决定购买哪个品牌和产品,Apple（苹果）,以上均无,均未参加过,本科,"普通翻盖保护套,带笔槽保护套,单壳（不带盖板）保护套","材质手感好,防摔防磕/保护性强,轻薄便携,品牌可信/品质稳定,价格合适/性价比高,与平板搭配协调","品牌可信/品质稳定,价格合适/性价比高,与平板搭配协调,防摔防磕/保护性强,轻薄便携,材质手感好",120-149元,可能会,我已认真阅读,购买意愿: [可能会购买],吸引力: [比较吸引],"支撑看剧/学习/办公,外观看起来简洁,保护性较好,品牌/品质感较好,磁吸拆分方便,可旋转使用",我已认真阅读,购买意愿: [可能会购买],四角气囊防护外显: [比较吸引];侧面直取笔槽: [比较吸引];更丰富、更个性化的配色选择: [比较吸引],愿意多付6-10元,可能会购买,可能会购买,可能会购买,-,-,实用性强,我已认真阅读,购买意愿: [可能会购买],光栅纹理背板的视觉效果: [比较吸引];微磨砂质感: [比较吸引];相比普通光面背板更不易沾指纹: [比较吸引];整体看起来更特别/更有设计感: [比较吸引],愿意多付6-10元,可能会购买,可能会购买,可能会购买,-,-,实用性强,7.47s,两款都可以，没有明显偏好,实用性强,有时会,女,25-30岁,企业职员,二线,偏低,单身,山东省,青岛市
77,是,88899983,726476,1024659,"洗衣液/洗衣凝珠,洗面奶/洁面乳,桌面收纳,运动鞋,充电宝/移动电源,手机贴膜,贴片面膜,平板电脑,手机充电线/数据线,无线蓝牙耳机,鼠标/机械键盘,智能手表/手环,手机壳,平板电脑保护套/壳,抽纸/卷纸,T恤/裙子",近12个月内,100–119元,完全由我自己决定购买哪个品牌和产品,Apple（苹果）,以上均无,均未参加过,硕士及以上,"旋转可拆分磁吸保护套,磁吸不可拆分保护套,带笔槽保护套,键盘保护套,透明/半透明保护壳","防摔防磕/保护性强,不易沾指纹/不易显脏,支架稳定/角度好用,触控笔收纳和拿取方便,材质手感好,与平板搭配协调,轻薄便携","防摔防磕/保护性强,触控笔收纳和拿取方便,轻薄便携,材质手感好,与平板搭配协调,支架稳定/角度好用,不易沾指纹/不易显脏",100-119元,肯定会,我已认真阅读,购买意愿: [肯定会购买],吸引力: [比较吸引],"磁吸拆分方便,品牌/品质感较好,外观看起来简洁,可旋转使用,价格合适",我已认真阅读,购买意愿: [肯定会购买],四角气囊防护外显: [非常吸引];侧面直取笔槽: [非常吸引];更丰富、更个性化的配色选择: [比较吸引],愿意多付6-10元,肯定会购买,可能会购买,说不清,-,-,确实可以提升便利，防护好，使用方便,我已认真阅读,购买意愿: [肯定会购买],光栅纹理背板的视觉效果: [非常吸引];微磨砂质感: [比较吸引];相比普通光面背板更不易沾指纹: [非常吸引];整体看起来更特别/更有设计感: [比较吸引],愿意多付16-20元,可能会购买,可能会购买,可能不会购买,-,-,外观好看，能够防指纹是很大的改进,30.29s,光栅款,防指纹可以有助于更加美观，使用方便，价格合适，功能也齐备,有时会,女,25-30岁,专业人士,三线,中等,"已婚,育婴期,已育,已有房,已有车",江苏省,扬州市
78,是,88899986,726476,1024659,平板电脑保护套/壳,近12个月内,120–149元,完全由我自己决定购买哪个品牌和产品,Apple（苹果）,以上均无,均未参加过,大专,磁吸不可拆分保护套,"防摔防磕/保护性强,材质手感好,外观好看/有设计感,轻薄便携","防摔防磕/保护性强,外观好看/有设计感,轻薄便携,材质手感好",100-119元,可能会,我已认真阅读,购买意愿: [可能会购买],吸引力: [一般],"可旋转使用,保护性较好",我已认真阅读,购买意愿: [说不清],四角气囊防护外显: [一般];侧面直取笔槽: [一般];更丰富、更个性化的配色选择: [一般],不愿意多付钱,可能会购买,可能会购买,可能会购买,-,-,好看，是我喜欢的类型,我已认真阅读,购买意愿: [可能不会购买],光栅纹理背板的视觉效果: [不太吸引];微磨砂质感: [不太吸引];整体看起来更特别/更有设计感: [不太吸引];相比普通光面背板更不易沾指纹: [一般],愿意多付5元以内,可能不会购买,-,-,肯定不会购买,肯定不会购买,不是很想,9.34s,说不清,不想加钱,有时会,女,25-30岁,其他,一线,中等,准备结婚期,上海,上海市
79,是,88900321,726476,1024659,"洗衣液/洗衣凝珠,T恤/裙子,抽纸/卷纸,手机贴膜,无线蓝牙耳机,洗面奶/洁面乳,平板电脑保护套/壳,贴片面膜,充电宝/移动电源,平板电脑,手机充电线/数据线,桌面收纳,智能手表/手环,运动鞋,手机壳,奶茶/咖啡,鼠标/机械键盘,薯片/膨化食品",近12个月内,200元及以上,完全由我自己决定购买哪个品牌和产品,Apple（苹果）,以上均无,均未参加过,本科,"单壳（不带盖板）保护套,普通翻盖保护套,磁吸不可拆分保护套,旋转可拆分磁吸保护套,带笔槽保护套,键盘保护套,透明/半透明保护壳","触控笔收纳和拿取方便,颜色选择丰富,耐用不易坏","颜色选择丰富,耐用不易坏,触控笔收纳和拿取方便",120-149元,可能会,我已认真阅读,购买意愿: [肯定会购买],吸引力: [比较吸引],"磁吸拆分方便,价格合适,保护性较好",我已认真阅读,购买意愿: [肯定会购买],四角气囊防护外显: [比较吸引];侧面直取笔槽: [非常吸引];更丰富、更个性化的配色选择: [比较吸引],愿意多付6-10元,肯定会购买,可能会购买,说不清,-,-,好用的,我已认真阅读,购买意愿: [可能会购买],光栅纹理背板的视觉效果: [非常吸引];相比普通光面背板更不易沾指纹: [非常吸引];整体看起来更特别/更有设计感: [比较吸引];微磨砂质感: [不太吸引],愿意多付11-15元,可能会购买,肯定会购买,可能会购买,-,-,好用的,3.02s,两款都可以，没有明显偏好,好的,说不清,女,31-35岁,企业职员,二线,中等,"准备结婚期,已有房",浙江省,杭州市
80,是,88900324,726476,1024659,"鼠标/机械键盘,奶茶/咖啡,平板电脑,手机贴膜,平板电脑保护套/壳,薯片/膨化食品,充电宝/移动电源,洗衣液/洗衣凝珠,洗面奶/洁面乳,T恤/裙子,贴片面膜,手机充电线/数据线,运动鞋,无线蓝牙耳机,智能手表/手环,桌面收纳,抽纸/卷纸",近12个月内,200元及以上,完全由我自己决定购买哪个品牌和产品,Apple（苹果）,以上均无,均未参加过,本科,"普通翻盖保护套,磁吸不可拆分保护套,旋转可拆分磁吸保护套,透明/半透明保护壳","触控笔收纳和拿取方便,品牌可信/品质稳定,外观好看/有设计感,轻薄便携,颜色选择丰富","轻薄便携,颜色选择丰富,触控笔收纳和拿取方便,品牌可信/品质稳定,外观好看/有设计感",150-199元,肯定会,我已认真阅读,购买意愿: [可能会购买],吸引力: [非常吸引],"支撑看剧/学习/办公,价格合适,保护性较好",我已认真阅读,购买意愿: [肯定会购买],四角气囊防护外显: [比较吸引];侧面直取笔槽: [非常吸引];更丰富、更个性化的配色选择: [比较吸引],愿意多付11-15元,可能会购买,肯定会购买,可能会购买,-,-,真的很喜欢,我已认真阅读,购买意愿: [肯定会购买],光栅纹理背板的视觉效果: [比较吸引];微磨砂质感: [非常吸引];整体看起来更特别/更有设计感: [比较吸引];相比普通光面背板更不易沾指纹: [非常吸引],愿意多付5元以内,可能会购买,可能会购买,可能会购买,-,-,不喜欢这个家,7.89s,两款都可以，没有明显偏好,喜欢这款产品,有时会,女,31-35岁,企业职员,二线,偏低,单身,浙江省,杭州市
81,是,88900332,726476,1024659,"手机壳,手机贴膜,洗衣液/洗衣凝珠,贴片面膜,洗面奶/洁面乳,充电宝/移动电源,智能手表/手环,抽纸/卷纸,平板电脑保护套/壳",近12个月内,100–119元,完全由我自己决定购买哪个品牌和产品,Apple（苹果）,以上均无,均未参加过,本科,磁吸不可拆分保护套,"材质手感好,支架稳定/角度好用,防摔防磕/保护性强,耐用不易坏,品牌可信/品质稳定","防摔防磕/保护性强,支架稳定/角度好用,材质手感好,耐用不易坏,品牌可信/品质稳定",100-119元,可能会,我已认真阅读,购买意愿: [可能会购买],吸引力: [比较吸引],"外观看起来简洁,磁吸拆分方便,可旋转使用",我已认真阅读,购买意愿: [可能会购买],四角气囊防护外显: [比较吸引];侧面直取笔槽: [一般];更丰富、更个性化的配色选择: [比较吸引],愿意多付11-15元,可能会购买,可能会购买,说不清,-,-,防护性更强 配色比较新颖让人舒适 与众不同,我已认真阅读,购买意愿: [可能会购买],光栅纹理背板的视觉效果: [比较吸引];微磨砂质感: [比较吸引];相比普通光面背板更不易沾指纹: [比较吸引];整体看起来更特别/更有设计感: [比较吸引],愿意多付16-20元,可能会购买,可能会购买,说不清,-,-,更加结实耐用 防滑 手爱出汗容易滑,24.57s,光栅款,更加结实耐用 性价比更高,有时会,女,25-30岁,企业职员,二线,低,已婚,辽宁省,沈阳市
82,是,88900333,726476,1024659,"桌面收纳,充电宝/移动电源,薯片/膨化食品,抽纸/卷纸,贴片面膜,智能手表/手环,奶茶/咖啡,运动鞋,无线蓝牙耳机,手机壳,平板电脑保护套/壳,手机充电线/数据线,平板电脑,手机贴膜,T恤/裙子,鼠标/机械键盘,洗面奶/洁面乳,洗衣液/洗衣凝珠,室内绿植/花卉",近12个月内,200元及以上,完全由我自己决定购买哪个品牌和产品,Apple（苹果）,以上均无,均未参加过,硕士及以上,"普通翻盖保护套,旋转可拆分磁吸保护套,带笔槽保护套,键盘保护套,透明/半透明保护壳,单壳（不带盖板）保护套","防摔防磕/保护性强,不易沾指纹/不易显脏,颜色选择丰富,品牌可信/品质稳定,耐用不易坏,触控笔收纳和拿取方便,支架稳定/角度好用,材质手感好,外观好看/有设计感,轻薄便携,价格合适/性价比高,与平板搭配协调","防摔防磕/保护性强,与平板搭配协调,品牌可信/品质稳定,触控笔收纳和拿取方便,耐用不易坏,不易沾指纹/不易显脏,外观好看/有设计感,支架稳定/角度好用,价格合适/性价比高,材质手感好,轻薄便携,颜色选择丰富",200元及以上,肯定会,我已认真阅读,购买意愿: [肯定会购买],吸引力: [比较吸引],"可旋转使用,磁吸拆分方便,支撑看剧/学习/办公,价格合适,保护性较好,外观看起来简洁,品牌/品质感较好",我已认真阅读,购买意愿: [肯定会购买],四角气囊防护外显: [非常吸引];侧面直取笔槽: [比较吸引];更丰富、更个性化的配色选择: [非常吸引],愿意多付16-20元,肯定会购买,可能会购买,肯定会购买,-,-,主要是能360度旋转，有功能我愿意购买，，主要是接受小付加价优先基础防护旋转,我已认真阅读,购买意愿: [肯定会购买],光栅纹理背板的视觉效果: [比较吸引];微磨砂质感: [非常吸引];相比普通光面背板更不易沾指纹: [非常吸引];整体看起来更特别/更有设计感: [非常吸引],愿意多付16-20元,可能会购买,肯定会购买,肯定会购买,-,-,硬度高，防弯防护强，所以我愿意购买,36.44s,光栅款,主要是防摔保护作用很重要，容易清洁，好打理，然后轻薄不臃肿,经常会,女,31-35岁,自由职业/个体经营,五线,低,未知,山西省,晋城市
83,是,88900356,726476,1024659,"T恤/裙子,手机充电线/数据线,平板电脑保护套/壳,手机壳,运动鞋,桌面收纳,抽纸/卷纸,洗面奶/洁面乳,手机贴膜,无线蓝牙耳机,室内绿植/花卉,贴片面膜,奶茶/咖啡,洗衣液/洗衣凝珠,平板电脑,充电宝/移动电源",近12个月内,150–199元,完全由我自己决定购买哪个品牌和产品,Apple（苹果）,以上均无,均未参加过,本科,"磁吸不可拆分保护套,旋转可拆分磁吸保护套","防摔防磕/保护性强,支架稳定/角度好用,轻薄便携,颜色选择丰富,不易沾指纹/不易显脏","颜色选择丰富,轻薄便携,不易沾指纹/不易显脏,支架稳定/角度好用,防摔防磕/保护性强",200元及以上,肯定会,我已认真阅读,购买意愿: [肯定会购买],吸引力: [非常吸引],"可旋转使用,支撑看剧/学习/办公,品牌/品质感较好",我已认真阅读,购买意愿: [肯定会购买],四角气囊防护外显: [非常吸引];侧面直取笔槽: [非常吸引];更丰富、更个性化的配色选择: [非常吸引],愿意多付21元及以上,肯定会购买,肯定会购买,肯定会购买,-,-,外观特别不错 颜色特别好看 日常使用感不错,我已认真阅读,购买意愿: [肯定会购买],光栅纹理背板的视觉效果: [非常吸引];微磨砂质感: [非常吸引];相比普通光面背板更不易沾指纹: [非常吸引];整体看起来更特别/更有设计感: [非常吸引],愿意多付21元及以上,肯定会购买,肯定会购买,肯定会购买,-,-,感觉质量特别好 非常满意的,19.62s,升级光面款,感觉更加强烈推荐 非常满意的,经常会,女,25-30岁,自由职业/个体经营,三线,中等,"已婚,已育,已有房",江西省,南昌市
84,是,88900360,726476,1024659,"贴片面膜,桌面收纳,手机充电线/数据线,直升机,薯片/膨化食品,平板电脑,抽纸/卷纸,洗面奶/洁面乳,充电宝/移动电源,运动鞋,洗衣液/洗衣凝珠,手机贴膜,平板电脑保护套/壳,T恤/裙子,奶茶/咖啡,无线蓝牙耳机",近12个月内,200元及以上,完全由我自己决定购买哪个品牌和产品,Apple（苹果）,以上均无,均未参加过,本科,"普通翻盖保护套,旋转可拆分磁吸保护套,带笔槽保护套,键盘保护套,透明/半透明保护壳","防摔防磕/保护性强,外观好看/有设计感,不易沾指纹/不易显脏,触控笔收纳和拿取方便,支架稳定/角度好用,品牌可信/品质稳定,价格合适/性价比高,耐用不易坏,颜色选择丰富,与平板搭配协调,材质手感好,轻薄便携","轻薄便携,与平板搭配协调,品牌可信/品质稳定,支架稳定/角度好用,颜色选择丰富,不易沾指纹/不易显脏,材质手感好,触控笔收纳和拿取方便,价格合适/性价比高,防摔防磕/保护性强,耐用不易坏,外观好看/有设计感",200元及以上,肯定会,我已认真阅读,购买意愿: [肯定会购买],吸引力: [非常吸引],"可旋转使用,磁吸拆分方便,支撑看剧/学习/办公,外观看起来简洁,保护性较好",我已认真阅读,购买意愿: [肯定会购买],四角气囊防护外显: [非常吸引];侧面直取笔槽: [一般];更丰富、更个性化的配色选择: [比较吸引],愿意多付21元及以上,肯定会购买,肯定会购买,肯定会购买,-,-,方便实用，功能多 ，能保护平板，颜色也好看,我已认真阅读,购买意愿: [肯定会购买],光栅纹理背板的视觉效果: [非常吸引];微磨砂质感: [比较吸引];相比普通光面背板更不易沾指纹: [比较吸引];整体看起来更特别/更有设计感: [非常吸引],愿意多付21元及以上,肯定会购买,肯定会购买,可能会购买,-,-,觉得不是一定要具备的,21.57s,升级光面款,方便拿取 ，也很好看,经常会,女,31-35岁,企业职员,三线,低,未知,广东省,汕头市
85,是,88900384,726476,1024659,"手机壳,贴片面膜,薯片/膨化食品,桌面收纳,手机贴膜,鼠标/机械键盘,洗面奶/洁面乳,T恤/裙子,平板电脑保护套/壳,充电宝/移动电源,室内绿植/花卉,奶茶/咖啡,洗衣液/洗衣凝珠,抽纸/卷纸,手机充电线/数据线,平板电脑,运动鞋",近12个月内,120–149元,完全由我自己决定购买哪个品牌和产品,Apple（苹果）,以上均无,均未参加过,本科,旋转可拆分磁吸保护套,"防摔防磕/保护性强,支架稳定/角度好用,外观好看/有设计感","防摔防磕/保护性强,外观好看/有设计感,支架稳定/角度好用",120-149元,肯定会,我已认真阅读,购买意愿: [可能会购买],吸引力: [比较吸引],"磁吸拆分方便,可旋转使用",我已认真阅读,购买意愿: [肯定会购买],四角气囊防护外显: [非常吸引];侧面直取笔槽: [比较吸引];更丰富、更个性化的配色选择: [非常吸引],愿意多付21元及以上,肯定会购买,可能会购买,可能会购买,-,-,我愿意多付钱，因为更加防摔更安全，而且颜值也高,我已认真阅读,购买意愿: [肯定会购买],光栅纹理背板的视觉效果: [非常吸引];微磨砂质感: [非常吸引];相比普通光面背板更不易沾指纹: [非常吸引];整体看起来更特别/更有设计感: [非常吸引],愿意多付21元及以上,肯定会购买,肯定会购买,可能会购买,-,-,我愿意，因为更加防指纹，而且颜值也高,20.5s,光栅款,我喜欢防指纹的，而且这款好看很适合我,经常会,女,31-35岁,企业职员,二线,偏低,"已婚,已育,已有房,已有车",江苏省,南京市
86,是,88900406,726476,1024659,"平板电脑保护套/壳,手机壳,运动鞋,抽纸/卷纸,平板电脑,手机贴膜,智能手表/手环,桌面收纳,手机充电线/数据线,贴片面膜,洗面奶/洁面乳,鼠标/机械键盘,薯片/膨化食品,奶茶/咖啡,无线蓝牙耳机,T恤/裙子,洗衣液/洗衣凝珠,充电宝/移动电源",近12个月内,120–149元,完全由我自己决定购买哪个品牌和产品,Apple（苹果）,以上均无,均未参加过,本科,"旋转可拆分磁吸保护套,磁吸不可拆分保护套,键盘保护套","防摔防磕/保护性强,触控笔收纳和拿取方便,支架稳定/角度好用,外观好看/有设计感,品牌可信/品质稳定,耐用不易坏","防摔防磕/保护性强,支架稳定/角度好用,触控笔收纳和拿取方便,耐用不易坏,外观好看/有设计感,品牌可信/品质稳定",120-149元,肯定会,我已认真阅读,购买意愿: [肯定会购买],吸引力: [非常吸引],"可旋转使用,支撑看剧/学习/办公,品牌/品质感较好,保护性较好,外观看起来简洁",我已认真阅读,购买意愿: [肯定会购买],四角气囊防护外显: [非常吸引];侧面直取笔槽: [非常吸引];更丰富、更个性化的配色选择: [非常吸引],愿意多付5元以内,肯定会购买,肯定会购买,肯定会购买,-,-,感觉还不错，比较满意,我已认真阅读,购买意愿: [肯定会购买],光栅纹理背板的视觉效果: [非常吸引];微磨砂质感: [非常吸引];相比普通光面背板更不易沾指纹: [非常吸引];整体看起来更特别/更有设计感: [非常吸引],愿意多付6-10元,肯定会购买,肯定会购买,肯定会购买,-,-,手感应该很不错，喜欢,10.58s,升级光面款,质感很不错，功能好,经常会,女,25-30岁,专业人士,二线,低,未知,重庆,重庆市
87,是,88900446,726476,1024659,"手机壳,平板电脑保护套/壳,洗面奶/洁面乳,薯片/膨化食品,抽纸/卷纸,充电宝/移动电源,平板电脑,贴片面膜,手机贴膜,T恤/裙子,洗衣液/洗衣凝珠",近12个月内,100–119元,完全由我自己决定购买哪个品牌和产品,Apple（苹果）,以上均无,均未参加过,本科,磁吸不可拆分保护套,"防摔防磕/保护性强,材质手感好,支架稳定/角度好用,轻薄便携,不易沾指纹/不易显脏,品牌可信/品质稳定,与平板搭配协调","防摔防磕/保护性强,与平板搭配协调,不易沾指纹/不易显脏,品牌可信/品质稳定,轻薄便携,支架稳定/角度好用,材质手感好",100-119元,可能会,我已认真阅读,购买意愿: [肯定会购买],吸引力: [非常吸引],"可旋转使用,磁吸拆分方便,保护性较好,品牌/品质感较好",我已认真阅读,购买意愿: [肯定会购买],四角气囊防护外显: [非常吸引];侧面直取笔槽: [非常吸引];更丰富、更个性化的配色选择: [非常吸引],愿意多付6-10元,肯定会购买,可能会购买,说不清,-,-,升级点没有太吸引我,我已认真阅读,购买意愿: [肯定会购买],光栅纹理背板的视觉效果: [非常吸引];微磨砂质感: [非常吸引];相比普通光面背板更不易沾指纹: [非常吸引];整体看起来更特别/更有设计感: [非常吸引],愿意多付6-10元,肯定会购买,可能会购买,说不清,-,-,并没有增加外壳的保护功能,8.54s,两款都可以，没有明显偏好,外观上的升级没有那么重要,有时会,女,31-35岁,专业人士,二线,低,未知,江苏省,无锡市
88,是,88900448,726476,1024659,"充电宝/移动电源,手机壳,手机充电线/数据线,平板电脑,平板电脑保护套/壳,手机贴膜,洗面奶/洁面乳,洗衣液/洗衣凝珠,抽纸/卷纸",近12个月内,120–149元,完全由我自己决定购买哪个品牌和产品,Apple（苹果）,以上均无,均未参加过,本科,"磁吸不可拆分保护套,旋转可拆分磁吸保护套,键盘保护套","防摔防磕/保护性强,支架稳定/角度好用,触控笔收纳和拿取方便,材质手感好,不易沾指纹/不易显脏,外观好看/有设计感,颜色选择丰富,轻薄便携,品牌可信/品质稳定,价格合适/性价比高,耐用不易坏,与平板搭配协调","外观好看/有设计感,耐用不易坏,颜色选择丰富,不易沾指纹/不易显脏,品牌可信/品质稳定,轻薄便携,价格合适/性价比高,触控笔收纳和拿取方便,支架稳定/角度好用,材质手感好,防摔防磕/保护性强,与平板搭配协调",150-199元,可能会,我已认真阅读,购买意愿: [肯定会购买],吸引力: [比较吸引],"可旋转使用,保护性较好,外观看起来简洁,品牌/品质感较好,价格合适,支撑看剧/学习/办公,磁吸拆分方便",我已认真阅读,购买意愿: [肯定会购买],四角气囊防护外显: [比较吸引];侧面直取笔槽: [非常吸引];更丰富、更个性化的配色选择: [比较吸引],愿意多付21元及以上,可能会购买,可能会购买,可能会购买,-,-,日常使用体验来看，防护，笔槽设计，外观配色，这些感觉都挺不错的，升级点强化防护，可以更好的保护设备这些细节，提升能够长期的优化我的使用感受。我愿意支付,我已认真阅读,购买意愿: [肯定会购买],光栅纹理背板的视觉效果: [比较吸引];微磨砂质感: [非常吸引];相比普通光面背板更不易沾指纹: [比较吸引];整体看起来更特别/更有设计感: [非常吸引],愿意多付21元及以上,可能会购买,可能会购买,可能会购买,-,-,外观质感，防指纹，这些地方感觉会更特别，更耐看。喜欢的东西我都愿意为他多付钱,28.41s,两款都可以，没有明显偏好,款我觉得都挺不错的，从外观材质，防护功能方面感觉都挺符合我的期待范围内的,有时会,女,31-35岁,自由职业/个体经营,三线,低,未知,浙江省,温州市
89,是,88900466,726476,1024659,"平板电脑保护套/壳,T恤/裙子,室内绿植/花卉,洗衣液/洗衣凝珠,无线蓝牙耳机,手机贴膜,桌面收纳,手机充电线/数据线,充电宝/移动电源,洗面奶/洁面乳,运动鞋,手机壳,平板电脑,贴片面膜,奶茶/咖啡,薯片/膨化食品,抽纸/卷纸",近12个月内,120–149元,完全由我自己决定购买哪个品牌和产品,Apple（苹果）,以上均无,均未参加过,本科,"普通翻盖保护套,磁吸不可拆分保护套,单壳（不带盖板）保护套","防摔防磕/保护性强,不易沾指纹/不易显脏,耐用不易坏,轻薄便携,材质手感好,支架稳定/角度好用","防摔防磕/保护性强,支架稳定/角度好用,轻薄便携,不易沾指纹/不易显脏,材质手感好,耐用不易坏",120-149元,肯定会,我已认真阅读,购买意愿: [可能会购买],吸引力: [比较吸引],"可旋转使用,磁吸拆分方便",我已认真阅读,购买意愿: [可能会购买],四角气囊防护外显: [比较吸引];侧面直取笔槽: [比较吸引];更丰富、更个性化的配色选择: [一般],愿意多付11-15元,可能会购买,可能会购买,可能不会购买,-,-,升级点对我来说不是刚需 有很好 没有也不影响 适量加价可以 多了就算了,我已认真阅读,购买意愿: [可能会购买],光栅纹理背板的视觉效果: [一般];微磨砂质感: [一般];相比普通光面背板更不易沾指纹: [比较吸引];整体看起来更特别/更有设计感: [比较吸引],愿意多付5元以内,可能会购买,可能不会购买,-,-,-,没觉得有太多不同 也就是说这个设计对我来说可有可无,26.32s,升级光面款,更简洁大方 性价比更高,有时会,女,25-30岁,企业职员,二线,中等,"已婚,装修期,已有房",江苏省,南京市
90,是,88900477,726476,1024659,"薯片/膨化食品,抽纸/卷纸,贴片面膜,T恤/裙子,无线蓝牙耳机,洗面奶/洁面乳,智能手表/手环,平板电脑,洗衣液/洗衣凝珠,充电宝/移动电源,鼠标/机械键盘,室内绿植/花卉",近12个月内,50–79元,完全由我自己决定购买哪个品牌和产品,Apple（苹果）,以上均无,均未参加过,本科,磁吸不可拆分保护套,"支架稳定/角度好用,轻薄便携,颜色选择丰富,防摔防磕/保护性强,触控笔收纳和拿取方便,不易沾指纹/不易显脏,耐用不易坏","防摔防磕/保护性强,轻薄便携,支架稳定/角度好用,触控笔收纳和拿取方便,不易沾指纹/不易显脏,耐用不易坏,颜色选择丰富",50-79元,肯定会,我已认真阅读,购买意愿: [可能会购买],吸引力: [比较吸引],"可旋转使用,磁吸拆分方便,外观看起来简洁,品牌/品质感较好",我已认真阅读,购买意愿: [肯定会购买],四角气囊防护外显: [非常吸引];侧面直取笔槽: [比较吸引];更丰富、更个性化的配色选择: [非常吸引],愿意多付6-10元,可能会购买,说不清,-,-,-,没有必要，这个价格还有更多更好的选择,我已认真阅读,购买意愿: [可能会购买],光栅纹理背板的视觉效果: [比较吸引];微磨砂质感: [一般];相比普通光面背板更不易沾指纹: [比较吸引];整体看起来更特别/更有设计感: [比较吸引],愿意多付6-10元,说不清,-,-,可能不会购买,可能会购买,没必要为了这个多付钱，也没什么功能,23.96s,升级光面款,外观时尚潮流，配色清爽干净简洁,经常会,女,31-35岁,企业职员,二线,中等,"已婚,育婴期,已育,装修期,已有房,已有车",浙江省,杭州市
91,是,88900478,726476,1024659,"薯片/膨化食品,洗衣液/洗衣凝珠,洗面奶/洁面乳,平板电脑保护套/壳,平板电脑,手机壳,运动鞋",近12个月内,120–149元,完全由我自己决定购买哪个品牌和产品,Apple（苹果）,以上均无,均未参加过,硕士及以上,"普通翻盖保护套,旋转可拆分磁吸保护套,带笔槽保护套","防摔防磕/保护性强,支架稳定/角度好用,触控笔收纳和拿取方便,外观好看/有设计感,轻薄便携,耐用不易坏,与平板搭配协调","防摔防磕/保护性强,轻薄便携,耐用不易坏,与平板搭配协调,支架稳定/角度好用,外观好看/有设计感,触控笔收纳和拿取方便",120-149元,肯定会,我已认真阅读,购买意愿: [可能会购买],吸引力: [非常吸引],"可旋转使用,磁吸拆分方便,支撑看剧/学习/办公",我已认真阅读,购买意愿: [肯定会购买],四角气囊防护外显: [非常吸引];侧面直取笔槽: [非常吸引];更丰富、更个性化的配色选择: [非常吸引],愿意多付21元及以上,肯定会购买,肯定会购买,可能会购买,-,-,防护到位，可以防摔减震，磁吸可拆卸旋转保护套符合我的需求,我已认真阅读,购买意愿: [肯定会购买],光栅纹理背板的视觉效果: [非常吸引];微磨砂质感: [非常吸引];相比普通光面背板更不易沾指纹: [非常吸引];整体看起来更特别/更有设计感: [非常吸引],愿意多付21元及以上,肯定会购买,肯定会购买,肯定会购买,-,-,在光面版基础上，外观更好看了，不留指纹更吸引我,50.09s,光栅款,和光面有同样的基础，外观升级更喜欢，不留指纹,经常会,女,25-30岁,自由职业/个体经营,三线,低,未知,山东省,滨州市
92,是,88900499,726476,1024659,"贴片面膜,平板电脑保护套/壳,充电宝/移动电源,抽纸/卷纸,手机贴膜,平板电脑,手机充电线/数据线",近12个月内,120–149元,完全由我自己决定购买哪个品牌和产品,Apple（苹果）,以上均无,均未参加过,本科,普通翻盖保护套,"防摔防磕/保护性强,支架稳定/角度好用,材质手感好,外观好看/有设计感,价格合适/性价比高,触控笔收纳和拿取方便","价格合适/性价比高,防摔防磕/保护性强,支架稳定/角度好用,材质手感好,触控笔收纳和拿取方便,外观好看/有设计感",120-149元,肯定会,我已认真阅读,购买意愿: [肯定会购买],吸引力: [非常吸引],"磁吸拆分方便,可旋转使用,外观看起来简洁,价格合适",我已认真阅读,购买意愿: [肯定会购买],四角气囊防护外显: [非常吸引];侧面直取笔槽: [非常吸引];更丰富、更个性化的配色选择: [比较吸引],愿意多付21元及以上,肯定会购买,肯定会购买,可能会购买,-,-,防摔防护好，摄像头有保护,我已认真阅读,购买意愿: [肯定会购买],光栅纹理背板的视觉效果: [非常吸引];微磨砂质感: [非常吸引];相比普通光面背板更不易沾指纹: [非常吸引];整体看起来更特别/更有设计感: [比较吸引],即使同价也更倾向升级光面款,肯定会购买,肯定会购买,可能会购买,-,-,磨砂手感好，防指纹,13.9s,光栅款,磨砂手感好，防刮蹭防摔,经常会,女,18-24岁,其他,三线,低,已婚,广东省,汕头市
93,是,88900502,726476,1024659,"平板电脑保护套/壳,充电宝/移动电源,洗面奶/洁面乳,无线蓝牙耳机,奶茶/咖啡,运动鞋,手机贴膜,T恤/裙子,薯片/膨化食品,洗衣液/洗衣凝珠,手机壳,桌面收纳,抽纸/卷纸,手机充电线/数据线,智能手表/手环",近12个月内,120–149元,完全由我自己决定购买哪个品牌和产品,Apple（苹果）,以上均无,均未参加过,本科,"普通翻盖保护套,磁吸不可拆分保护套","防摔防磕/保护性强,材质手感好,外观好看/有设计感,价格合适/性价比高,耐用不易坏","外观好看/有设计感,材质手感好,耐用不易坏,防摔防磕/保护性强,价格合适/性价比高",120-149元,可能会,我已认真阅读,购买意愿: [肯定会购买],吸引力: [非常吸引],"可旋转使用,磁吸拆分方便,外观看起来简洁,价格合适",我已认真阅读,购买意愿: [可能会购买],四角气囊防护外显: [比较吸引];侧面直取笔槽: [非常吸引];更丰富、更个性化的配色选择: [非常吸引],愿意多付6-10元,肯定会购买,说不清,-,-,-,保护性能提升，愿意多付，升级光面反而更容易刮花护套，后期不好看,我已认真阅读,购买意愿: [可能不会购买],光栅纹理背板的视觉效果: [完全不吸引];微磨砂质感: [比较吸引];相比普通光面背板更不易沾指纹: [非常吸引];整体看起来更特别/更有设计感: [一般],愿意多付5元以内,可能不会购买,-,-,可能会购买,-,光栅不好看,13.31s,两款都不想购买,光面会刮花，光栅整体的视觉不好看,有时会,女,25-30岁,专业人士,四线,中等,"准备结婚期,育婴期,已有车",福建省,宁德市
94,是,88900505,726476,1024659,"平板电脑,平板电脑保护套/壳,手机贴膜,贴片面膜,桌面收纳,抽纸/卷纸,奶茶/咖啡,运动鞋,智能手表/手环,充电宝/移动电源,薯片/膨化食品,鼠标/机械键盘,T恤/裙子,洗面奶/洁面乳,手机充电线/数据线,无线蓝牙耳机,手机壳,洗衣液/洗衣凝珠",近12个月内,120–149元,完全由我自己决定购买哪个品牌和产品,Apple（苹果）,以上均无,均未参加过,硕士及以上,"旋转可拆分磁吸保护套,键盘保护套,带笔槽保护套","触控笔收纳和拿取方便,支架稳定/角度好用,防摔防磕/保护性强,品牌可信/品质稳定,轻薄便携,材质手感好,不易沾指纹/不易显脏,与平板搭配协调,耐用不易坏,颜色选择丰富,外观好看/有设计感","防摔防磕/保护性强,耐用不易坏,不易沾指纹/不易显脏,支架稳定/角度好用,轻薄便携,与平板搭配协调,触控笔收纳和拿取方便,外观好看/有设计感,材质手感好,品牌可信/品质稳定,颜色选择丰富",150-199元,肯定会,我已认真阅读,购买意愿: [可能会购买],吸引力: [比较吸引],"磁吸拆分方便,保护性较好,可旋转使用,外观看起来简洁,品牌/品质感较好",我已认真阅读,购买意愿: [肯定会购买],四角气囊防护外显: [非常吸引];侧面直取笔槽: [比较吸引];更丰富、更个性化的配色选择: [非常吸引],愿意多付16-20元,可能会购买,可能会购买,可能会购买,-,-,配色清爽，拿去触控笔很方便，旋转多角度，支撑更牢固,我已认真阅读,购买意愿: [可能会购买],光栅纹理背板的视觉效果: [非常吸引];微磨砂质感: [非常吸引];相比普通光面背板更不易沾指纹: [非常吸引];整体看起来更特别/更有设计感: [比较吸引],愿意多付21元及以上,肯定会购买,肯定会购买,可能会购买,-,-,防指纹效果好，更炫彩，质感更舒适,15.31s,光栅款,材质更舒适服帖，更有质感，防护更稳固，使用触控笔更方便,经常会,女,25-30岁,专业人士,四线,偏高,"已婚,育婴期,已育,已有房,已有车",江苏省,连云港市
95,是,88900507,726476,1024659,"无线蓝牙耳机,平板电脑保护套/壳,手机贴膜,手机充电线/数据线",近12个月内,120–149元,完全由我自己决定购买哪个品牌和产品,Apple（苹果）,以上均无,均未参加过,硕士及以上,磁吸不可拆分保护套,"防摔防磕/保护性强,支架稳定/角度好用,外观好看/有设计感,轻薄便携,价格合适/性价比高,耐用不易坏","防摔防磕/保护性强,支架稳定/角度好用,轻薄便携,价格合适/性价比高,耐用不易坏,外观好看/有设计感",120-149元,说不清,我已认真阅读,购买意愿: [可能会购买],吸引力: [比较吸引],"可旋转使用,磁吸拆分方便,保护性较好",我已认真阅读,购买意愿: [可能会购买],四角气囊防护外显: [非常吸引];侧面直取笔槽: [比较吸引];更丰富、更个性化的配色选择: [一般],愿意多付6-10元,可能会购买,可能会购买,说不清,-,-,有些功能我不需要,我已认真阅读,购买意愿: [说不清],光栅纹理背板的视觉效果: [不太吸引];微磨砂质感: [不太吸引];相比普通光面背板更不易沾指纹: [一般];整体看起来更特别/更有设计感: [一般],不愿意多付钱,可能不会购买,-,-,可能不会购买,可能会购买,不选这个样子，不在审美点,11.43s,升级光面款,价格合适且喜欢这个外观,有时会,女,36-40岁,专业人士,五线,偏低,"已婚,已有房,已有车",青海省,西宁市
96,是,88900528,726476,1024659,"充电宝/移动电源,手机壳,T恤/裙子,桌面收纳,薯片/膨化食品,室内绿植/花卉,手机充电线/数据线,奶茶/咖啡,手机贴膜,平板电脑保护套/壳,贴片面膜,运动鞋,无线蓝牙耳机,洗面奶/洁面乳,抽纸/卷纸,智能手表/手环,洗衣液/洗衣凝珠,平板电脑,鼠标/机械键盘",近12个月内,120–149元,完全由我自己决定购买哪个品牌和产品,Apple（苹果）,以上均无,均未参加过,本科,"普通翻盖保护套,磁吸不可拆分保护套,键盘保护套","外观好看/有设计感,品牌可信/品质稳定,价格合适/性价比高,不易沾指纹/不易显脏,颜色选择丰富,支架稳定/角度好用,材质手感好,防摔防磕/保护性强,触控笔收纳和拿取方便,与平板搭配协调,轻薄便携,耐用不易坏","与平板搭配协调,防摔防磕/保护性强,不易沾指纹/不易显脏,轻薄便携,支架稳定/角度好用,品牌可信/品质稳定,材质手感好,颜色选择丰富,触控笔收纳和拿取方便,外观好看/有设计感,耐用不易坏,价格合适/性价比高",120-149元,肯定会,我已认真阅读,购买意愿: [肯定会购买],吸引力: [比较吸引],"可旋转使用,磁吸拆分方便,外观看起来简洁,支撑看剧/学习/办公,品牌/品质感较好,没有特别吸引我的地方",我已认真阅读,购买意愿: [肯定会购买],四角气囊防护外显: [比较吸引];侧面直取笔槽: [比较吸引];更丰富、更个性化的配色选择: [比较吸引],愿意多付6-10元,肯定会购买,可能会购买,可能会购买,-,-,如果防护好或者耐磨的话可以多付点钱,我已认真阅读,购买意愿: [可能会购买],光栅纹理背板的视觉效果: [比较吸引];微磨砂质感: [比较吸引];相比普通光面背板更不易沾指纹: [非常吸引];整体看起来更特别/更有设计感: [非常吸引],愿意多付5元以内,可能会购买,可能会购买,可能会购买,-,-,不容易有指纹,14.88s,光栅款,不容易有指纹,经常会,女,25-30岁,自由职业/个体经营,二线,中等,未知,江苏省,苏州市
97,是,88900533,726476,1024659,"无线蓝牙耳机,手机充电线/数据线,充电宝/移动电源,鼠标/机械键盘,洗面奶/洁面乳,运动鞋,薯片/膨化食品,洗衣液/洗衣凝珠,平板电脑保护套/壳,抽纸/卷纸,奶茶/咖啡,手机贴膜,手机壳,平板电脑,贴片面膜,T恤/裙子,桌面收纳",近12个月内,80–99元,完全由我自己决定购买哪个品牌和产品,Apple（苹果）,以上均无,均未参加过,硕士及以上,"磁吸不可拆分保护套,键盘保护套","防摔防磕/保护性强,支架稳定/角度好用,材质手感好,触控笔收纳和拿取方便","防摔防磕/保护性强,触控笔收纳和拿取方便,材质手感好,支架稳定/角度好用",50-79元,肯定会,我已认真阅读,购买意愿: [可能会购买],吸引力: [比较吸引],"磁吸拆分方便,可旋转使用,保护性较好",我已认真阅读,购买意愿: [可能会购买],四角气囊防护外显: [一般];侧面直取笔槽: [比较吸引];更丰富、更个性化的配色选择: [一般],愿意多付5元以内,说不清,-,-,可能会购买,-,用不上，感觉没必要,我已认真阅读,购买意愿: [肯定会购买],光栅纹理背板的视觉效果: [比较吸引];微磨砂质感: [比较吸引];相比普通光面背板更不易沾指纹: [比较吸引];整体看起来更特别/更有设计感: [比较吸引],愿意多付6-10元,说不清,-,-,可能会购买,-,性价比不高,7.89s,升级光面款,性价比高，好看,有时会,女,31-35岁,企业职员,二线,偏低,"已婚,已育,已有房,已有车",辽宁省,大连市
98,是,88900537,726476,1024659,"薯片/膨化食品,无线蓝牙耳机,手机壳,室内绿植/花卉,手机充电线/数据线,桌面收纳,平板电脑,鼠标/机械键盘,贴片面膜,充电宝/移动电源,抽纸/卷纸,T恤/裙子,洗面奶/洁面乳,洗衣液/洗衣凝珠,智能手表/手环,手机贴膜,奶茶/咖啡,运动鞋,平板电脑保护套/壳",近12个月内,120–149元,完全由我自己决定购买哪个品牌和产品,Apple（苹果）,以上均无,均未参加过,本科,带笔槽保护套,"触控笔收纳和拿取方便,不易沾指纹/不易显脏,颜色选择丰富,外观好看/有设计感,支架稳定/角度好用","触控笔收纳和拿取方便,支架稳定/角度好用,不易沾指纹/不易显脏,外观好看/有设计感,颜色选择丰富",100-119元,可能会,我已认真阅读,购买意愿: [可能会购买],吸引力: [比较吸引],"可旋转使用,磁吸拆分方便,外观看起来简洁",我已认真阅读,购买意愿: [可能会购买],四角气囊防护外显: [非常吸引];侧面直取笔槽: [非常吸引];更丰富、更个性化的配色选择: [非常吸引],愿意多付16-20元,肯定会购买,可能会购买,可能不会购买,-,-,价格太贵，溢价太高了,我已认真阅读,购买意愿: [可能会购买],光栅纹理背板的视觉效果: [一般];微磨砂质感: [一般];相比普通光面背板更不易沾指纹: [一般];整体看起来更特别/更有设计感: [一般],不愿意多付钱,可能不会购买,-,-,可能不会购买,可能会购买,不太喜欢这款设计。,10.5s,升级光面款,更喜欢这样子的设计。,有时会,男,25-30岁,企业职员,五线,偏低,"恋爱期,育婴期,已育,装修期,已有车",广西壮族自治区,南宁市
99,是,88900540,726476,1024659,"运动鞋,洗面奶/洁面乳,T恤/裙子,充电宝/移动电源,奶茶/咖啡,手机充电线/数据线,抽纸/卷纸,薯片/膨化食品,手机壳,洗衣液/洗衣凝珠,平板电脑保护套/壳",近12个月内,50–79元,完全由我自己决定购买哪个品牌和产品,Apple（苹果）,以上均无,均未参加过,本科,磁吸不可拆分保护套,"防摔防磕/保护性强,支架稳定/角度好用,轻薄便携,耐用不易坏,触控笔收纳和拿取方便","防摔防磕/保护性强,支架稳定/角度好用,触控笔收纳和拿取方便,耐用不易坏,轻薄便携",50-79元,可能会,我已认真阅读,购买意愿: [肯定会购买],吸引力: [非常吸引],"磁吸拆分方便,保护性较好,外观看起来简洁,可旋转使用",我已认真阅读,购买意愿: [肯定会购买],四角气囊防护外显: [非常吸引];侧面直取笔槽: [比较吸引];更丰富、更个性化的配色选择: [比较吸引],愿意多付5元以内,可能会购买,可能会购买,可能会购买,-,-,外观的颜色设计不是很符合我的品味,我已认真阅读,购买意愿: [可能会购买],光栅纹理背板的视觉效果: [比较吸引];微磨砂质感: [非常吸引];相比普通光面背板更不易沾指纹: [非常吸引];整体看起来更特别/更有设计感: [非常吸引],愿意多付11-15元,可能会购买,可能会购买,可能会购买,-,-,我比较看重外观图案,18.09s,光栅款,不沾指纹这点很吸引我，希望有可爱的外观供选择,经常会,女,25-30岁,企业职员,二线,低,未知,天津,天津市
100,是,88900552,726476,1024659,"T恤/裙子,智能手表/手环,手机壳,洗面奶/洁面乳,平板电脑,鼠标/机械键盘,室内绿植/花卉,手机充电线/数据线,桌面收纳,无线蓝牙耳机,奶茶/咖啡,洗衣液/洗衣凝珠,平板电脑保护套/壳,手机贴膜,抽纸/卷纸,充电宝/移动电源,薯片/膨化食品,运动鞋,贴片面膜",近12个月内,120–149元,完全由我自己决定购买哪个品牌和产品,Apple（苹果）,以上均无,均未参加过,本科,"普通翻盖保护套,磁吸不可拆分保护套,带笔槽保护套","防摔防磕/保护性强,支架稳定/角度好用,触控笔收纳和拿取方便,材质手感好,不易沾指纹/不易显脏,外观好看/有设计感,颜色选择丰富,轻薄便携,品牌可信/品质稳定,耐用不易坏,与平板搭配协调","品牌可信/品质稳定,材质手感好,与平板搭配协调,防摔防磕/保护性强,触控笔收纳和拿取方便,不易沾指纹/不易显脏,支架稳定/角度好用,轻薄便携,耐用不易坏,外观好看/有设计感,颜色选择丰富",120-149元,肯定会,我已认真阅读,购买意愿: [肯定会购买],吸引力: [非常吸引],"磁吸拆分方便,外观看起来简洁,保护性较好,价格合适,支撑看剧/学习/办公,可旋转使用,品牌/品质感较好",我已认真阅读,购买意愿: [肯定会购买],四角气囊防护外显: [非常吸引];侧面直取笔槽: [非常吸引];更丰富、更个性化的配色选择: [非常吸引],愿意多付21元及以上,肯定会购买,肯定会购买,可能会购买,-,-,感觉120左右还能接受，贵的太多就觉得不太值得了,我已认真阅读,购买意愿: [可能会购买],光栅纹理背板的视觉效果: [比较吸引];相比普通光面背板更不易沾指纹: [非常吸引];微磨砂质感: [比较吸引];整体看起来更特别/更有设计感: [比较吸引],愿意多付6-10元,肯定会购买,可能会购买,可能会购买,-,-,感觉不是特别好看,7.6s,升级光面款,感觉外观更好看一点，整体又有升级,经常会,女,25-30岁,专业人士,六线,偏低,"已婚,已育,已有房,已有车",安徽省,淮北市
101,是,88900568,726476,1024659,"平板电脑保护套/壳,手机充电线/数据线,手机贴膜,手机壳",近12个月内,120–149元,完全由我自己决定购买哪个品牌和产品,Apple（苹果）,教育/培训/科研,均未参加过,本科,旋转可拆分磁吸保护套,"防摔防磕/保护性强,耐用不易坏,不易沾指纹/不易显脏,触控笔收纳和拿取方便,支架稳定/角度好用,价格合适/性价比高","防摔防磕/保护性强,不易沾指纹/不易显脏,触控笔收纳和拿取方便,支架稳定/角度好用,耐用不易坏,价格合适/性价比高",120-149元,肯定会,我已认真阅读,购买意愿: [肯定会购买],吸引力: [非常吸引],"可旋转使用,磁吸拆分方便,保护性较好",我已认真阅读,购买意愿: [肯定会购买],四角气囊防护外显: [非常吸引];侧面直取笔槽: [非常吸引];更丰富、更个性化的配色选择: [非常吸引],愿意多付11-15元,可能会购买,可能会购买,可能会购买,-,-,愿意，使用方便配色协调，外观好看,我已认真阅读,购买意愿: [肯定会购买],光栅纹理背板的视觉效果: [非常吸引];微磨砂质感: [非常吸引];相比普通光面背板更不易沾指纹: [非常吸引];整体看起来更特别/更有设计感: [非常吸引],愿意多付11-15元,可能会购买,可能会购买,可能会购买,-,-,愿意，外观好看，质感很好，值得加钱,28.88s,光栅款,不沾指纹，质感很好，防护性强,经常会,女,31-35岁,专业人士,四线,低,未知,河南省,焦作市
102,是,88900576,726476,1024659,"桌面收纳,手机充电线/数据线,平板电脑,平板电脑保护套/壳,薯片/膨化食品,洗衣液/洗衣凝珠,洗面奶/洁面乳,抽纸/卷纸,T恤/裙子",近12个月内,120–149元,完全由我自己决定购买哪个品牌和产品,Apple（苹果）,以上均无,均未参加过,本科,"普通翻盖保护套,带笔槽保护套,透明/半透明保护壳","防摔防磕/保护性强,支架稳定/角度好用,触控笔收纳和拿取方便,轻薄便携,颜色选择丰富,不易沾指纹/不易显脏,外观好看/有设计感,材质手感好,与平板搭配协调","防摔防磕/保护性强,轻薄便携,支架稳定/角度好用,外观好看/有设计感,触控笔收纳和拿取方便,不易沾指纹/不易显脏,材质手感好,与平板搭配协调,颜色选择丰富",120-149元,可能会,我已认真阅读,购买意愿: [可能会购买],吸引力: [比较吸引],"磁吸拆分方便,保护性较好,可旋转使用",我已认真阅读,购买意愿: [可能会购买],四角气囊防护外显: [比较吸引];侧面直取笔槽: [非常吸引];更丰富、更个性化的配色选择: [比较吸引],愿意多付11-15元,可能会购买,说不清,-,-,-,笔槽便利，颜色好看。,我已认真阅读,购买意愿: [可能会购买],光栅纹理背板的视觉效果: [比较吸引];微磨砂质感: [比较吸引];相比普通光面背板更不易沾指纹: [非常吸引];整体看起来更特别/更有设计感: [比较吸引],愿意多付11-15元,可能会购买,可能会购买,说不清,-,-,特别，有质感，使用方便。,17.29s,光栅款,更加符合贴合个人使用习惯。,有时会,女,25-30岁,其他,一线,中等,未知,广东省,深圳市
103,是,88900583,726476,1024659,"薯片/膨化食品,手机充电线/数据线,手机壳,奶茶/咖啡,手机贴膜,平板电脑,贴片面膜,洗衣液/洗衣凝珠,洗面奶/洁面乳,充电宝/移动电源,平板电脑保护套/壳,运动鞋,T恤/裙子,抽纸/卷纸,桌面收纳,鼠标/机械键盘",近12个月内,80–99元,完全由我自己决定购买哪个品牌和产品,Apple（苹果）,以上均无,均未参加过,本科,磁吸不可拆分保护套,"防摔防磕/保护性强,支架稳定/角度好用,材质手感好,不易沾指纹/不易显脏,外观好看/有设计感,轻薄便携,价格合适/性价比高,品牌可信/品质稳定,耐用不易坏","防摔防磕/保护性强,支架稳定/角度好用,耐用不易坏,轻薄便携,不易沾指纹/不易显脏,材质手感好,价格合适/性价比高,品牌可信/品质稳定,外观好看/有设计感",80-99元,肯定会,我已认真阅读,购买意愿: [可能会购买],吸引力: [比较吸引],"可旋转使用,磁吸拆分方便,支撑看剧/学习/办公,保护性较好",我已认真阅读,购买意愿: [可能会购买],四角气囊防护外显: [比较吸引];侧面直取笔槽: [比较吸引];更丰富、更个性化的配色选择: [一般],愿意多付6-10元,可能会购买,说不清,-,-,-,价格高于的心理价位,我已认真阅读,购买意愿: [可能会购买],光栅纹理背板的视觉效果: [非常吸引];微磨砂质感: [非常吸引];相比普通光面背板更不易沾指纹: [比较吸引];整体看起来更特别/更有设计感: [比较吸引],愿意多付6-10元,可能会购买,说不清,-,-,-,价格略微高了些,7.39s,光栅款,磨砂手感、不留指纹，这个设计是我想要的,有时会,女,36-40岁,企业职员,一线,偏高,"已婚,已育,已有房,已有车",上海,上海市
104,是,88900592,726476,1024659,"奶茶/咖啡,手机贴膜,洗衣液/洗衣凝珠,手机充电线/数据线,充电宝/移动电源,桌面收纳,平板电脑保护套/壳,薯片/膨化食品,无线蓝牙耳机,洗面奶/洁面乳,抽纸/卷纸,T恤/裙子,运动鞋,智能手表/手环,平板电脑,室内绿植/花卉,手机壳",近12个月内,100–119元,完全由我自己决定购买哪个品牌和产品,Apple（苹果）,以上均无,均未参加过,本科,透明/半透明保护壳,"防摔防磕/保护性强,触控笔收纳和拿取方便,材质手感好,不易沾指纹/不易显脏,外观好看/有设计感,颜色选择丰富,轻薄便携,品牌可信/品质稳定,价格合适/性价比高,与平板搭配协调","材质手感好,与平板搭配协调,不易沾指纹/不易显脏,触控笔收纳和拿取方便,外观好看/有设计感,品牌可信/品质稳定,防摔防磕/保护性强,轻薄便携,颜色选择丰富,价格合适/性价比高",100-119元,可能会,我已认真阅读,购买意愿: [肯定会购买],吸引力: [非常吸引],"可旋转使用,磁吸拆分方便,支撑看剧/学习/办公,外观看起来简洁,品牌/品质感较好,保护性较好,价格合适",我已认真阅读,购买意愿: [肯定会购买],四角气囊防护外显: [比较吸引];侧面直取笔槽: [比较吸引];更丰富、更个性化的配色选择: [比较吸引],愿意多付11-15元,肯定会购买,可能会购买,说不清,-,-,要保护外壳 在意外摔落能保护平板,我已认真阅读,购买意愿: [可能会购买],光栅纹理背板的视觉效果: [比较吸引];微磨砂质感: [非常吸引];相比普通光面背板更不易沾指纹: [非常吸引];整体看起来更特别/更有设计感: [比较吸引],愿意多付6-10元,可能会购买,可能会购买,说不清,-,-,应该能有效防指纹,18.15s,两款都可以，没有明显偏好,要美观 并且保护性高,有时会,女,25-30岁,其他,二线,低,未知,重庆,重庆市
105,是,88900598,726476,1024659,"鼠标/机械键盘,奶茶/咖啡,桌面收纳,平板电脑,运动鞋,室内绿植/花卉,薯片/膨化食品,平板电脑保护套/壳,T恤/裙子,洗衣液/洗衣凝珠,手机壳,手机充电线/数据线,贴片面膜,手机贴膜,洗面奶/洁面乳,抽纸/卷纸,智能手表/手环,无线蓝牙耳机",近12个月内,100–119元,完全由我自己决定购买哪个品牌和产品,Apple（苹果）,以上均无,均未参加过,本科,透明/半透明保护壳,"防摔防磕/保护性强,支架稳定/角度好用,触控笔收纳和拿取方便,材质手感好,不易沾指纹/不易显脏,品牌可信/品质稳定,与平板搭配协调,价格合适/性价比高","材质手感好,品牌可信/品质稳定,防摔防磕/保护性强,不易沾指纹/不易显脏,与平板搭配协调,支架稳定/角度好用,价格合适/性价比高,触控笔收纳和拿取方便",100-119元,肯定会,我已认真阅读,购买意愿: [肯定会购买],吸引力: [非常吸引],"可旋转使用,磁吸拆分方便,保护性较好,品牌/品质感较好,价格合适",我已认真阅读,购买意愿: [肯定会购买],四角气囊防护外显: [非常吸引];侧面直取笔槽: [比较吸引];更丰富、更个性化的配色选择: [比较吸引],愿意多付6-10元,可能会购买,可能会购买,说不清,-,-,要有良好的保护  这个很重要,我已认真阅读,购买意愿: [肯定会购买],光栅纹理背板的视觉效果: [非常吸引];微磨砂质感: [非常吸引];相比普通光面背板更不易沾指纹: [非常吸引];整体看起来更特别/更有设计感: [比较吸引],愿意多付6-10元,可能会购买,说不清,-,-,-,外观符合流行时尚,12.59s,两款都可以，没有明显偏好,第二款感觉更能防指纹  这点更好,有时会,女,25-30岁,其他,二线,低,"已婚,装修期,已有车",重庆,重庆市
106,是,88900601,726476,1024659,"无线蓝牙耳机,平板电脑保护套/壳,充电宝/移动电源,桌面收纳,薯片/膨化食品,贴片面膜,T恤/裙子,手机壳,奶茶/咖啡,洗面奶/洁面乳,洗衣液/洗衣凝珠,手机充电线/数据线,智能手表/手环,抽纸/卷纸,鼠标/机械键盘,平板电脑,手机贴膜,室内绿植/花卉,运动鞋",近12个月内,100–119元,完全由我自己决定购买哪个品牌和产品,Apple（苹果）,教育/培训/科研,均未参加过,本科,磁吸不可拆分保护套,"防摔防磕/保护性强,支架稳定/角度好用,材质手感好,外观好看/有设计感,耐用不易坏,与平板搭配协调","防摔防磕/保护性强,支架稳定/角度好用,与平板搭配协调,耐用不易坏,外观好看/有设计感,材质手感好",100-119元,可能会,我已认真阅读,购买意愿: [肯定会购买],吸引力: [非常吸引],"可旋转使用,磁吸拆分方便,保护性较好",我已认真阅读,购买意愿: [肯定会购买],四角气囊防护外显: [非常吸引];侧面直取笔槽: [非常吸引];更丰富、更个性化的配色选择: [非常吸引],愿意多付6-10元,肯定会购买,肯定会购买,可能会购买,-,-,安全性能更好,我已认真阅读,购买意愿: [可能会购买],光栅纹理背板的视觉效果: [一般];微磨砂质感: [比较吸引];相比普通光面背板更不易沾指纹: [非常吸引];整体看起来更特别/更有设计感: [非常吸引],愿意多付6-10元,肯定会购买,可能会购买,可能会购买,-,-,不喜欢纹路设计,25.33s,升级光面款,不喜欢光栅设计,有时会,女,31-35岁,企业职员,一线,中等,"已婚,育婴期,已育,装修期,已有房,已有车",上海,上海市
107,是,88900610,726476,1024659,"智能手表/手环,鼠标/机械键盘,T恤/裙子,运动鞋,洗衣液/洗衣凝珠,手机壳,平板电脑,充电宝/移动电源,奶茶/咖啡,平板电脑保护套/壳,薯片/膨化食品,桌面收纳,无线蓝牙耳机,手机贴膜,洗面奶/洁面乳,抽纸/卷纸,手机充电线/数据线",近12个月内,200元及以上,完全由我自己决定购买哪个品牌和产品,Apple（苹果）,以上均无,均未参加过,本科,键盘保护套,"防摔防磕/保护性强,支架稳定/角度好用,触控笔收纳和拿取方便,材质手感好,不易沾指纹/不易显脏,外观好看/有设计感,颜色选择丰富,轻薄便携,品牌可信/品质稳定,价格合适/性价比高,耐用不易坏,与平板搭配协调","防摔防磕/保护性强,支架稳定/角度好用,材质手感好,耐用不易坏,价格合适/性价比高,不易沾指纹/不易显脏,与平板搭配协调,触控笔收纳和拿取方便,品牌可信/品质稳定,轻薄便携,外观好看/有设计感,颜色选择丰富",150-199元,肯定会,我已认真阅读,购买意愿: [肯定会购买],吸引力: [非常吸引],"可旋转使用,磁吸拆分方便,支撑看剧/学习/办公,价格合适,外观看起来简洁,保护性较好,品牌/品质感较好",我已认真阅读,购买意愿: [肯定会购买],四角气囊防护外显: [非常吸引];侧面直取笔槽: [非常吸引];更丰富、更个性化的配色选择: [比较吸引],愿意多付16-20元,肯定会购买,肯定会购买,肯定会购买,-,-,多重防护，保护平板安全。笔槽拿取更方便。外观新颖,我已认真阅读,购买意愿: [肯定会购买],光栅纹理背板的视觉效果: [比较吸引];微磨砂质感: [非常吸引];相比普通光面背板更不易沾指纹: [非常吸引];整体看起来更特别/更有设计感: [非常吸引],愿意多付11-15元,肯定会购买,肯定会购买,肯定会购买,-,-,手感舒服，不沾指纹，防滑，耐看,32.78s,光栅款,微磨砂材质手感更舒服，不沾指纹，更防滑,经常会,女,25-30岁,企业职员,一线,偏低,"已婚,已育,已有车,孝敬期",北京,北京市
108,是,88900617,726476,1024659,"薯片/膨化食品,贴片面膜,洗衣液/洗衣凝珠,运动鞋,手机充电线/数据线,洗面奶/洁面乳,手机壳,抽纸/卷纸,奶茶/咖啡,充电宝/移动电源,平板电脑保护套/壳,T恤/裙子,平板电脑,手机贴膜",近12个月内,120–149元,完全由我自己决定购买哪个品牌和产品,Apple（苹果）,以上均无,均未参加过,本科,"普通翻盖保护套,磁吸不可拆分保护套,旋转可拆分磁吸保护套","防摔防磕/保护性强,触控笔收纳和拿取方便,支架稳定/角度好用,外观好看/有设计感,耐用不易坏,价格合适/性价比高,与平板搭配协调,材质手感好,颜色选择丰富","外观好看/有设计感,防摔防磕/保护性强,触控笔收纳和拿取方便,支架稳定/角度好用,耐用不易坏,与平板搭配协调,材质手感好,价格合适/性价比高,颜色选择丰富",100-119元,肯定会,我已认真阅读,购买意愿: [肯定会购买],吸引力: [非常吸引],"可旋转使用,磁吸拆分方便,外观看起来简洁,价格合适,支撑看剧/学习/办公",我已认真阅读,购买意愿: [肯定会购买],四角气囊防护外显: [一般];侧面直取笔槽: [非常吸引];更丰富、更个性化的配色选择: [比较吸引],愿意多付11-15元,可能会购买,说不清,-,-,-,这个图片的颜色太丑了，太亮眼了，不是很喜欢这种纯色亮眼的,我已认真阅读,购买意愿: [可能不会购买],光栅纹理背板的视觉效果: [完全不吸引];微磨砂质感: [一般];相比普通光面背板更不易沾指纹: [比较吸引];整体看起来更特别/更有设计感: [一般],不愿意多付钱,可能不会购买,-,-,可能不会购买,可能不会购买,太丑了，真的没审美的升级，丑到不行这个颜色,24.1s,两款都不想购买,最开始99的还更好看，后面升级的颜色和质感都一塌糊涂，丑死了,经常会,女,25-30岁,企业职员,五线,高,未知,江西省,宜春市
109,是,88900629,726476,1024659,"抽纸/卷纸,手机充电线/数据线,洗面奶/洁面乳,平板电脑,手机壳,贴片面膜,洗衣液/洗衣凝珠,平板电脑保护套/壳,充电宝/移动电源,运动鞋,薯片/膨化食品,奶茶/咖啡,无线蓝牙耳机,T恤/裙子,桌面收纳",近12个月内,50–79元,完全由我自己决定购买哪个品牌和产品,Apple（苹果）,以上均无,均未参加过,本科,旋转可拆分磁吸保护套,"防摔防磕/保护性强,支架稳定/角度好用,触控笔收纳和拿取方便,材质手感好,不易沾指纹/不易显脏,外观好看/有设计感,轻薄便携,品牌可信/品质稳定,价格合适/性价比高,耐用不易坏,与平板搭配协调","防摔防磕/保护性强,材质手感好,支架稳定/角度好用,轻薄便携,不易沾指纹/不易显脏,价格合适/性价比高,耐用不易坏,触控笔收纳和拿取方便,外观好看/有设计感,品牌可信/品质稳定,与平板搭配协调",50-79元,肯定会,我已认真阅读,购买意愿: [可能会购买],吸引力: [比较吸引],"可旋转使用,磁吸拆分方便,支撑看剧/学习/办公,价格合适,保护性较好",我已认真阅读,购买意愿: [肯定会购买],四角气囊防护外显: [非常吸引];侧面直取笔槽: [非常吸引];更丰富、更个性化的配色选择: [比较吸引],愿意多付21元及以上,肯定会购买,可能会购买,可能会购买,-,-,保护性能更好了，用起来方便,我已认真阅读,购买意愿: [肯定会购买],光栅纹理背板的视觉效果: [非常吸引];微磨砂质感: [非常吸引];相比普通光面背板更不易沾指纹: [比较吸引];整体看起来更特别/更有设计感: [比较吸引],愿意多付21元及以上,可能会购买,可能会购买,可能不会购买,-,-,看视频更舒服,12.52s,光栅款,看视频方便，更好呈现,经常会,女,36-40岁,企业职员,一线,低,"已婚,育婴期",上海,上海市
110,是,88900630,726476,1024659,"平板电脑保护套/壳,手机壳,薯片/膨化食品,T恤/裙子,抽纸/卷纸,手机贴膜,室内绿植/花卉,运动鞋,奶茶/咖啡,洗面奶/洁面乳,洗衣液/洗衣凝珠",近12个月内,120–149元,完全由我自己决定购买哪个品牌和产品,Apple（苹果）,以上均无,均未参加过,本科,键盘保护套,"支架稳定/角度好用,防摔防磕/保护性强,与平板搭配协调,品牌可信/品质稳定","防摔防磕/保护性强,支架稳定/角度好用,与平板搭配协调,品牌可信/品质稳定",120-149元,可能会,我已认真阅读,购买意愿: [说不清],吸引力: [一般],可旋转使用,我已认真阅读,购买意愿: [肯定会购买],四角气囊防护外显: [一般];侧面直取笔槽: [比较吸引];更丰富、更个性化的配色选择: [非常吸引],愿意多付21元及以上,肯定会购买,可能会购买,说不清,-,-,凭啥价格越来越贵，要么就一开始就这价格,我已认真阅读,购买意愿: [可能不会购买],光栅纹理背板的视觉效果: [不太吸引];微磨砂质感: [一般];相比普通光面背板更不易沾指纹: [不太吸引];整体看起来更特别/更有设计感: [完全不吸引],不愿意多付钱,肯定不会购买,-,-,肯定不会购买,肯定不会购买,我喜欢光面那个,5.35s,升级光面款,你不觉得那个光栅款好丑咩,有时会,女,36-40岁,专业人士,六线,低,未知,广东省,云浮市
111,是,88900665,726476,1024659,"运动鞋,智能手表/手环,T恤/裙子,薯片/膨化食品,奶茶/咖啡,洗面奶/洁面乳,抽纸/卷纸,平板电脑,洗衣液/洗衣凝珠,充电宝/移动电源,无线蓝牙耳机,平板电脑保护套/壳,手机充电线/数据线",近12个月内,80–99元,完全由我自己决定购买哪个品牌和产品,Apple（苹果）,以上均无,均未参加过,本科,"键盘保护套,带笔槽保护套","材质手感好,支架稳定/角度好用,触控笔收纳和拿取方便,防摔防磕/保护性强","防摔防磕/保护性强,支架稳定/角度好用,触控笔收纳和拿取方便,材质手感好",120-149元,肯定会,我已认真阅读,购买意愿: [可能会购买],吸引力: [比较吸引],"可旋转使用,保护性较好,磁吸拆分方便",我已认真阅读,购买意愿: [可能会购买],四角气囊防护外显: [非常吸引];侧面直取笔槽: [非常吸引];更丰富、更个性化的配色选择: [比较吸引],愿意多付16-20元,可能会购买,肯定会购买,肯定会购买,-,-,防护更加科技化，感觉更好用，配色也科技感十足，比较吸引眼球。,我已认真阅读,购买意愿: [可能不会购买],光栅纹理背板的视觉效果: [不太吸引];微磨砂质感: [不太吸引];相比普通光面背板更不易沾指纹: [不太吸引];整体看起来更特别/更有设计感: [一般],不愿意多付钱,可能不会购买,-,-,可能不会购买,可能不会购买,光栅背板没有什么实际的功能，防指纹的需求并不高，不想多花钱在这方面的提升,41.52s,升级光面款,喜欢简洁的设计,有时会,女,36-40岁,专业人士,三线,偏高,"已婚,育婴期,已育,装修期,已有房,已有车",江西省,南昌市
112,是,88900666,726476,1024659,"洗衣液/洗衣凝珠,抽纸/卷纸,洗面奶/洁面乳,无线蓝牙耳机,手机贴膜,薯片/膨化食品,奶茶/咖啡,平板电脑保护套/壳,充电宝/移动电源,平板电脑,鼠标/机械键盘,手机充电线/数据线,运动鞋",近12个月内,50–79元,主要由我自己决定，偶尔参考他人意见,Apple（苹果）,以上均无,"食品/饮料/餐饮类,美妆/个人护理类",本科,"磁吸不可拆分保护套,透明/半透明保护壳","防摔防磕/保护性强,支架稳定/角度好用,外观好看/有设计感,轻薄便携,价格合适/性价比高","防摔防磕/保护性强,支架稳定/角度好用,轻薄便携,价格合适/性价比高,外观好看/有设计感",50-79元,肯定会,我已认真阅读,购买意愿: [可能会购买],吸引力: [一般],"磁吸拆分方便,外观看起来简洁,保护性较好",我已认真阅读,购买意愿: [可能会购买],四角气囊防护外显: [非常吸引];侧面直取笔槽: [不太吸引];更丰富、更个性化的配色选择: [比较吸引],愿意多付6-10元,可能不会购买,-,-,可能不会购买,说不清,首先感觉材料是那种像手机的软胶 使用久了会变色发黄  至于说笔 这个我没有需求 平板就是拿来刷刷剧看抖音 给娃玩的 这就是四个气囊我比较倾向的原因 平板已经因为娃的不小心 把内屏摔破了  外观给我一种很厚的感觉 对平板的散热会不会有影响  我现在还有一台iPhone6SP 套了一个有气囊的透明保护套  看抖音右上角会很热 ,我已认真阅读,购买意愿: [肯定不会购买],光栅纹理背板的视觉效果: [不太吸引];微磨砂质感: [比较吸引];相比普通光面背板更不易沾指纹: [比较吸引];整体看起来更特别/更有设计感: [完全不吸引],不愿意多付钱,肯定不会购买,-,-,肯定不会购买,肯定不会购买,首先 这种蓝色带这种光栅的 给人感觉更像廉价塑料 特别像电动车同车棚上面的那种透光塑料顶棚 还有原来老式酒柜的那种玻璃滑门材质 防指纹比光面的高不少 但是我会选择光面磨砂 不会选择这种光栅的,162.56s,升级光面款,如果二选一的话 我会选光面的 但是如果有光面磨砂款 我会选后者  ,有时会,男,36-40岁,自由职业/个体经营,二线,低,"已婚,育婴期,装修期,已有房,已有车",湖北省,武汉市
113,是,88900668,726476,1024659,"平板电脑保护套/壳,手机充电线/数据线,充电宝/移动电源,薯片/膨化食品,洗面奶/洁面乳,奶茶/咖啡,平板电脑,T恤/裙子,桌面收纳,抽纸/卷纸,智能手表/手环,贴片面膜,运动鞋,洗衣液/洗衣凝珠",近12个月内,120–149元,完全由我自己决定购买哪个品牌和产品,Apple（苹果）,以上均无,均未参加过,本科,"普通翻盖保护套,磁吸不可拆分保护套,带笔槽保护套","防摔防磕/保护性强,材质手感好,外观好看/有设计感,品牌可信/品质稳定,与平板搭配协调,不易沾指纹/不易显脏,支架稳定/角度好用","防摔防磕/保护性强,外观好看/有设计感,不易沾指纹/不易显脏,支架稳定/角度好用,材质手感好,品牌可信/品质稳定,与平板搭配协调",150-199元,肯定会,我已认真阅读,购买意愿: [可能会购买],吸引力: [比较吸引],"可旋转使用,磁吸拆分方便,支撑看剧/学习/办公,保护性较好,外观看起来简洁",我已认真阅读,购买意愿: [肯定会购买],四角气囊防护外显: [非常吸引];侧面直取笔槽: [非常吸引];更丰富、更个性化的配色选择: [非常吸引],愿意多付21元及以上,肯定会购买,肯定会购买,肯定会购买,-,-,防护能力强，外观简单大方，配色清新，是我喜欢的简洁款式。,我已认真阅读,购买意愿: [肯定会购买],光栅纹理背板的视觉效果: [非常吸引];微磨砂质感: [非常吸引];相比普通光面背板更不易沾指纹: [非常吸引];整体看起来更特别/更有设计感: [非常吸引],即使同价也更倾向升级光面款,肯定会购买,肯定会购买,可能会购买,-,-,背板特别有设计感，我喜欢好看，新鲜的东西，而且防摔，防指纹也做的相当好。,37.41s,光栅款,相比较来说光栅款设计感更强，防指纹效果也更好。,经常会,女,25-30岁,企业职员,四线,偏低,"准备结婚期,育婴期,已育",湖南省,衡阳市
114,是,88900676,726476,1024659,"智能手表/手环,抽纸/卷纸,无线蓝牙耳机,室内绿植/花卉,平板电脑,洗衣液/洗衣凝珠,奶茶/咖啡,贴片面膜,手机充电线/数据线,手机贴膜,洗面奶/洁面乳,运动鞋,鼠标/机械键盘,桌面收纳,手机壳,T恤/裙子,充电宝/移动电源",近12个月内,100–119元,完全由我自己决定购买哪个品牌和产品,Apple（苹果）,以上均无,均未参加过,本科,键盘保护套,"防摔防磕/保护性强,支架稳定/角度好用,轻薄便携,耐用不易坏,与平板搭配协调","支架稳定/角度好用,防摔防磕/保护性强,轻薄便携,与平板搭配协调,耐用不易坏",120-149元,可能会,我已认真阅读,购买意愿: [说不清],吸引力: [一般],支撑看剧/学习/办公,我已认真阅读,购买意愿: [可能会购买],四角气囊防护外显: [非常吸引];侧面直取笔槽: [一般];更丰富、更个性化的配色选择: [比较吸引],愿意多付11-15元,可能会购买,可能会购买,说不清,-,-,不需要多功能，能日常保护机子就行,我已认真阅读,购买意愿: [可能不会购买],光栅纹理背板的视觉效果: [不太吸引];微磨砂质感: [不太吸引];相比普通光面背板更不易沾指纹: [一般];整体看起来更特别/更有设计感: [不太吸引],不愿意多付钱,可能不会购买,-,-,肯定不会购买,肯定不会购买,不喜欢,4.55s,升级光面款,比较好看,经常会,女,36-40岁,企业职员,二线,偏低,"已婚,装修期,已有房,已有车",广东省,东莞市
115,是,88900692,726476,1024659,"手机贴膜,洗面奶/洁面乳,运动鞋,平板电脑,手机壳,无线蓝牙耳机,智能手表/手环,手机充电线/数据线,贴片面膜,平板电脑保护套/壳,鼠标/机械键盘",近12个月内,200元及以上,完全由我自己决定购买哪个品牌和产品,Apple（苹果）,以上均无,均未参加过,硕士及以上,旋转可拆分磁吸保护套,"防摔防磕/保护性强,支架稳定/角度好用,轻薄便携,品牌可信/品质稳定,价格合适/性价比高,与平板搭配协调,不易沾指纹/不易显脏","品牌可信/品质稳定,防摔防磕/保护性强,支架稳定/角度好用,价格合适/性价比高,轻薄便携,与平板搭配协调,不易沾指纹/不易显脏",200元及以上,肯定会,我已认真阅读,购买意愿: [肯定会购买],吸引力: [非常吸引],"可旋转使用,磁吸拆分方便",我已认真阅读,购买意愿: [肯定会购买],四角气囊防护外显: [非常吸引];侧面直取笔槽: [非常吸引];更丰富、更个性化的配色选择: [非常吸引],愿意多付11-15元,肯定会购买,肯定会购买,肯定会购买,-,-,性能更好使用更方便,我已认真阅读,购买意愿: [肯定会购买],光栅纹理背板的视觉效果: [非常吸引];微磨砂质感: [非常吸引];相比普通光面背板更不易沾指纹: [非常吸引];整体看起来更特别/更有设计感: [非常吸引],愿意多付11-15元,肯定会购买,肯定会购买,肯定会购买,-,-,看起来更高级,6.18s,光栅款,微磨砂看起来更高级哦，手感也更好,经常会,女,36-40岁,其他,三线,偏低,"已婚,育婴期,已育,已有房,已有车",浙江省,温州市
116,是,88900729,726476,1024659,"手机壳,平板电脑保护套/壳",近12个月内,120–149元,完全由我自己决定购买哪个品牌和产品,Apple（苹果）,以上均无,均未参加过,本科,"旋转可拆分磁吸保护套,带笔槽保护套,磁吸不可拆分保护套","不易沾指纹/不易显脏,触控笔收纳和拿取方便,材质手感好,外观好看/有设计感","外观好看/有设计感,材质手感好,不易沾指纹/不易显脏,触控笔收纳和拿取方便",120-149元,可能会,我已认真阅读,购买意愿: [肯定会购买],吸引力: [比较吸引],"可旋转使用,磁吸拆分方便,支撑看剧/学习/办公",我已认真阅读,购买意愿: [肯定会购买],四角气囊防护外显: [非常吸引];侧面直取笔槽: [非常吸引];更丰富、更个性化的配色选择: [比较吸引],愿意多付11-15元,肯定会购买,肯定会购买,肯定会购买,-,-,更方便，在日常使用时也会更喜欢，更有性价比，配色也挺日常的，,我已认真阅读,购买意愿: [肯定会购买],光栅纹理背板的视觉效果: [比较吸引];微磨砂质感: [非常吸引];相比普通光面背板更不易沾指纹: [比较吸引];整体看起来更特别/更有设计感: [非常吸引],愿意多付21元及以上,肯定会购买,肯定会购买,可能会购买,-,-,外观上更有质感，更实用，适合平时使用,22.23s,升级光面款,过而不改你更有质感 适合使用 更好保护平板,有时会,女,25-30岁,自由职业/个体经营,二线,中等,"恋爱期,育婴期,已有车",重庆,重庆市
117,是,88900779,726476,1024659,"鼠标/机械键盘,室内绿植/花卉,手机充电线/数据线,洗衣液/洗衣凝珠,T恤/裙子,平板电脑保护套/壳,手机贴膜,平板电脑,运动鞋,无线蓝牙耳机,充电宝/移动电源,抽纸/卷纸,手机壳",近12个月内,50–79元,完全由我自己决定购买哪个品牌和产品,Apple（苹果）,教育/培训/科研,均未参加过,本科,磁吸不可拆分保护套,"不易沾指纹/不易显脏,防摔防磕/保护性强,材质手感好,支架稳定/角度好用","防摔防磕/保护性强,支架稳定/角度好用,不易沾指纹/不易显脏,材质手感好",80-99元,可能会,我已认真阅读,购买意愿: [可能会购买],吸引力: [比较吸引],"磁吸拆分方便,价格合适,外观看起来简洁,保护性较好",我已认真阅读,购买意愿: [肯定会购买],四角气囊防护外显: [非常吸引];侧面直取笔槽: [比较吸引];更丰富、更个性化的配色选择: [非常吸引],愿意多付16-20元,可能会购买,肯定会购买,肯定会购买,-,-,愿意多付感觉设计很好安全可靠,我已认真阅读,购买意愿: [肯定会购买],光栅纹理背板的视觉效果: [比较吸引];微磨砂质感: [比较吸引];相比普通光面背板更不易沾指纹: [非常吸引];整体看起来更特别/更有设计感: [非常吸引],愿意多付16-20元,肯定会购买,肯定会购买,可能会购买,-,-,很有设计感,14.68s,两款都可以，没有明显偏好,希望多功能发展,经常会,女,25-30岁,自由职业/个体经营,二线,偏低,"已婚,育婴期,已育,已有房,已有车",广东省,东莞市
118,是,88900786,726476,1024659,"手机壳,平板电脑保护套/壳,奶茶/咖啡,平板电脑,智能手表/手环,手机贴膜",近13-24个月内,120–149元,完全由我自己决定购买哪个品牌和产品,Apple（苹果）,以上均无,均未参加过,硕士及以上,磁吸不可拆分保护套,"防摔防磕/保护性强,轻薄便携,不易沾指纹/不易显脏","防摔防磕/保护性强,不易沾指纹/不易显脏,轻薄便携",120-149元,肯定会,我已认真阅读,购买意愿: [肯定会购买],吸引力: [非常吸引],"可旋转使用,保护性较好",我已认真阅读,购买意愿: [肯定会购买],四角气囊防护外显: [非常吸引];侧面直取笔槽: [比较吸引];更丰富、更个性化的配色选择: [非常吸引],愿意多付6-10元,肯定会购买,肯定会购买,肯定会购买,-,-,防护好,我已认真阅读,购买意愿: [肯定会购买],光栅纹理背板的视觉效果: [非常吸引];微磨砂质感: [非常吸引];相比普通光面背板更不易沾指纹: [非常吸引];整体看起来更特别/更有设计感: [非常吸引],愿意多付6-10元,肯定会购买,肯定会购买,肯定会购买,-,-,防指纹,4.67s,光栅款,新颖,经常会,男,25-30岁,企业职员,一线,偏低,"已婚,已育,已有车",北京,北京市
119,是,88900818,726476,1024659,"平板电脑保护套/壳,T恤/裙子,运动鞋,手机贴膜,手机壳,鼠标/机械键盘,平板电脑,洗面奶/洁面乳,桌面收纳,奶茶/咖啡,薯片/膨化食品,充电宝/移动电源,智能手表/手环,贴片面膜,洗衣液/洗衣凝珠,室内绿植/花卉,抽纸/卷纸,无线蓝牙耳机,手机充电线/数据线",近12个月内,100–119元,完全由我自己决定购买哪个品牌和产品,Apple（苹果）,以上均无,均未参加过,本科,"键盘保护套,带笔槽保护套,磁吸不可拆分保护套,普通翻盖保护套","轻薄便携,材质手感好,防摔防磕/保护性强,支架稳定/角度好用,触控笔收纳和拿取方便,不易沾指纹/不易显脏,颜色选择丰富,耐用不易坏,品牌可信/品质稳定,价格合适/性价比高,与平板搭配协调","防摔防磕/保护性强,耐用不易坏,材质手感好,不易沾指纹/不易显脏,轻薄便携,品牌可信/品质稳定,价格合适/性价比高,触控笔收纳和拿取方便,支架稳定/角度好用,颜色选择丰富,与平板搭配协调",120-149元,肯定会,我已认真阅读,购买意愿: [肯定会购买],吸引力: [非常吸引],"可旋转使用,磁吸拆分方便,支撑看剧/学习/办公,保护性较好,外观看起来简洁",我已认真阅读,购买意愿: [肯定会购买],四角气囊防护外显: [非常吸引];更丰富、更个性化的配色选择: [非常吸引];侧面直取笔槽: [比较吸引],愿意多付16-20元,肯定会购买,可能会购买,可能会购买,-,-,性价比，价格，形状,我已认真阅读,购买意愿: [可能会购买],光栅纹理背板的视觉效果: [比较吸引];微磨砂质感: [比较吸引];相比普通光面背板更不易沾指纹: [非常吸引];整体看起来更特别/更有设计感: [比较吸引],愿意多付11-15元,可能会购买,可能会购买,可能会购买,-,-,新颖,7.74s,两款都可以，没有明显偏好,轻便，耐用，结实,经常会,女,31-35岁,其他,三线,低,"已婚,育婴期,已育,已有房,已有车",河北省,唐山市
120,是,88900879,726476,1024659,"洗面奶/洁面乳,无线蓝牙耳机,T恤/裙子,平板电脑保护套/壳,手机壳,平板电脑,运动鞋,手机贴膜,手机充电线/数据线",近12个月内,100–119元,完全由我自己决定购买哪个品牌和产品,Apple（苹果）,以上均无,均未参加过,硕士及以上,"磁吸不可拆分保护套,带笔槽保护套","不易沾指纹/不易显脏,品牌可信/品质稳定,支架稳定/角度好用,防摔防磕/保护性强","防摔防磕/保护性强,支架稳定/角度好用,品牌可信/品质稳定,不易沾指纹/不易显脏",120-149元,肯定会,我已认真阅读,购买意愿: [肯定会购买],吸引力: [非常吸引],"可旋转使用,磁吸拆分方便,品牌/品质感较好",我已认真阅读,购买意愿: [可能会购买],四角气囊防护外显: [比较吸引];侧面直取笔槽: [非常吸引];更丰富、更个性化的配色选择: [比较吸引],愿意多付6-10元,可能会购买,肯定会购买,肯定会购买,-,-,配色亮眼 质量质感好,我已认真阅读,购买意愿: [肯定会购买],光栅纹理背板的视觉效果: [非常吸引];微磨砂质感: [非常吸引];相比普通光面背板更不易沾指纹: [非常吸引];整体看起来更特别/更有设计感: [非常吸引],愿意多付16-20元,肯定会购买,肯定会购买,可能会购买,-,-,质感更好,7.85s,光栅款,物有所值,经常会,女,31-35岁,专业人士,二线,低,未知,山东省,烟台市
121,是,88900950,726476,1024659,"手机贴膜,贴片面膜,运动鞋,平板电脑保护套/壳,充电宝/移动电源,手机壳,平板电脑",近12个月内,120–149元,完全由我自己决定购买哪个品牌和产品,Apple（苹果）,以上均无,均未参加过,本科,磁吸不可拆分保护套,"触控笔收纳和拿取方便,支架稳定/角度好用,外观好看/有设计感","支架稳定/角度好用,触控笔收纳和拿取方便,外观好看/有设计感",100-119元,肯定会,我已认真阅读,购买意愿: [肯定会购买],吸引力: [非常吸引],"可旋转使用,支撑看剧/学习/办公,价格合适",我已认真阅读,购买意愿: [肯定会购买],四角气囊防护外显: [非常吸引];侧面直取笔槽: [非常吸引];更丰富、更个性化的配色选择: [非常吸引],愿意多付11-15元,肯定会购买,肯定会购买,肯定会购买,-,-,防护好,我已认真阅读,购买意愿: [肯定会购买],光栅纹理背板的视觉效果: [非常吸引];微磨砂质感: [非常吸引];相比普通光面背板更不易沾指纹: [非常吸引];整体看起来更特别/更有设计感: [比较吸引],愿意多付11-15元,肯定会购买,肯定会购买,肯定会购买,-,-,防护性好,11.55s,光栅款,防护性好,经常会,女,31-35岁,企业职员,二线,低,未知,山东省,烟台市
122,是,88900962,726476,1024659,"平板电脑,无线蓝牙耳机,抽纸/卷纸,洗面奶/洁面乳,手机充电线/数据线,奶茶/咖啡,手机贴膜,运动鞋,薯片/膨化食品,T恤/裙子,手机壳,贴片面膜,洗衣液/洗衣凝珠",近12个月内,50–79元,完全由我自己决定购买哪个品牌和产品,Apple（苹果）,以上均无,均未参加过,大专,"磁吸不可拆分保护套,键盘保护套","防摔防磕/保护性强,不易沾指纹/不易显脏,轻薄便携,耐用不易坏,支架稳定/角度好用,价格合适/性价比高","防摔防磕/保护性强,耐用不易坏,不易沾指纹/不易显脏,支架稳定/角度好用,轻薄便携,价格合适/性价比高",80-99元,肯定会,我已认真阅读,购买意愿: [肯定会购买],吸引力: [非常吸引],"磁吸拆分方便,保护性较好,可旋转使用",我已认真阅读,购买意愿: [肯定会购买],四角气囊防护外显: [非常吸引];侧面直取笔槽: [非常吸引];更丰富、更个性化的配色选择: [比较吸引],愿意多付11-15元,可能会购买,可能会购买,可能会购买,-,-,是不是真像广告说的防护那么好！真的抗摔吗？,我已认真阅读,购买意愿: [肯定会购买],光栅纹理背板的视觉效果: [非常吸引];微磨砂质感: [非常吸引];相比普通光面背板更不易沾指纹: [非常吸引];整体看起来更特别/更有设计感: [非常吸引],愿意多付11-15元,肯定会购买,可能会购买,可能会购买,-,-,值不值这个价,13.46s,光栅款,不易沾指纹！设计有纹理！摸起来很舒服,有时会,女,31-35岁,企业职员,三线,偏低,未知,江苏省,徐州市
123,是,88900969,726476,1024659,"平板电脑,薯片/膨化食品,运动鞋,T恤/裙子,抽纸/卷纸,洗面奶/洁面乳,奶茶/咖啡,室内绿植/花卉,手机充电线/数据线,无线蓝牙耳机",近13-24个月内,50–79元,完全由我自己决定购买哪个品牌和产品,Apple（苹果）,以上均无,均未参加过,本科,磁吸不可拆分保护套,"防摔防磕/保护性强,支架稳定/角度好用,与平板搭配协调,材质手感好","防摔防磕/保护性强,支架稳定/角度好用,与平板搭配协调,材质手感好",80-99元,可能会,我已认真阅读,购买意愿: [可能会购买],吸引力: [比较吸引],"支撑看剧/学习/办公,保护性较好,外观看起来简洁,磁吸拆分方便",我已认真阅读,购买意愿: [可能会购买],四角气囊防护外显: [比较吸引];侧面直取笔槽: [一般];更丰富、更个性化的配色选择: [比较吸引],愿意多付6-10元,可能不会购买,-,-,可能会购买,-,笔槽用得不多,我已认真阅读,购买意愿: [可能会购买],光栅纹理背板的视觉效果: [一般];相比普通光面背板更不易沾指纹: [比较吸引];微磨砂质感: [一般];整体看起来更特别/更有设计感: [一般],愿意多付5元以内,可能不会购买,-,-,说不清,说不清,不太喜欢这种款式,11.06s,升级光面款,喜欢简洁点的,有时会,女,31-35岁,企业职员,一线,低,"已婚,育婴期,已育,已有房,已有车",北京,北京市
124,是,88900978,726476,1024659,"手机充电线/数据线,抽纸/卷纸,桌面收纳,贴片面膜,运动鞋,薯片/膨化食品,手机壳,智能手表/手环,平板电脑,奶茶/咖啡,手机贴膜,无线蓝牙耳机,充电宝/移动电源,洗衣液/洗衣凝珠,室内绿植/花卉,洗面奶/洁面乳,鼠标/机械键盘,T恤/裙子,平板电脑保护套/壳",近12个月内,100–119元,完全由我自己决定购买哪个品牌和产品,Apple（苹果）,以上均无,均未参加过,硕士及以上,磁吸不可拆分保护套,"防摔防磕/保护性强,支架稳定/角度好用,材质手感好,外观好看/有设计感,不易沾指纹/不易显脏,轻薄便携","防摔防磕/保护性强,轻薄便携,外观好看/有设计感,材质手感好,支架稳定/角度好用,不易沾指纹/不易显脏",100-119元,肯定会,我已认真阅读,购买意愿: [肯定会购买],吸引力: [非常吸引],"外观看起来简洁,保护性较好,可旋转使用,磁吸拆分方便",我已认真阅读,购买意愿: [肯定会购买],四角气囊防护外显: [非常吸引];侧面直取笔槽: [比较吸引];更丰富、更个性化的配色选择: [比较吸引],愿意多付16-20元,肯定会购买,可能会购买,说不清,-,-,外观好看保护性好,我已认真阅读,购买意愿: [肯定会购买],光栅纹理背板的视觉效果: [非常吸引];微磨砂质感: [比较吸引];相比普通光面背板更不易沾指纹: [非常吸引];整体看起来更特别/更有设计感: [非常吸引],愿意多付21元及以上,肯定会购买,可能会购买,说不清,-,-,外观好看质感好,10.57s,光栅款,感觉更适合自己,有时会,女,25-30岁,企业职员,五线,低,"已婚,育婴期,已有房,已有车",辽宁省,丹东市
125,是,88901271,726476,1024659,"T恤/裙子,无线蓝牙耳机,充电宝/移动电源,贴片面膜,运动鞋,洗衣液/洗衣凝珠,鼠标/机械键盘,手机充电线/数据线,智能手表/手环,抽纸/卷纸,奶茶/咖啡,桌面收纳,薯片/膨化食品,平板电脑,洗面奶/洁面乳,手机贴膜,手机壳,平板电脑保护套/壳",近12个月内,100–119元,完全由我自己决定购买哪个品牌和产品,Apple（苹果）,以上均无,均未参加过,硕士及以上,"普通翻盖保护套,磁吸不可拆分保护套,带笔槽保护套","防摔防磕/保护性强,材质手感好,外观好看/有设计感","防摔防磕/保护性强,外观好看/有设计感,材质手感好",120-149元,肯定会,我已认真阅读,购买意愿: [肯定会购买],吸引力: [比较吸引],"保护性较好,品牌/品质感较好",我已认真阅读,购买意愿: [肯定会购买],四角气囊防护外显: [比较吸引];侧面直取笔槽: [比较吸引];更丰富、更个性化的配色选择: [非常吸引],愿意多付11-15元,肯定会购买,肯定会购买,可能会购买,-,-,比较常见 其他品牌已经有推出,我已认真阅读,购买意愿: [肯定会购买],光栅纹理背板的视觉效果: [比较吸引];微磨砂质感: [比较吸引];相比普通光面背板更不易沾指纹: [非常吸引];整体看起来更特别/更有设计感: [比较吸引],愿意多付6-10元,可能会购买,可能会购买,可能会购买,-,-,感觉没什么特别的点让我能出这些钱,15.03s,升级光面款,看上去更加高档有品味,经常会,女,25-30岁,专业人士,三线,偏低,准备结婚期,湖南省,株洲市
126,是,88901327,726476,1024659,"手机充电线/数据线,充电宝/移动电源,洗面奶/洁面乳,无线蓝牙耳机,平板电脑保护套/壳,智能手表/手环,洗衣液/洗衣凝珠",近12个月内,120–149元,完全由我自己决定购买哪个品牌和产品,Apple（苹果）,以上均无,均未参加过,硕士及以上,"普通翻盖保护套,磁吸不可拆分保护套","防摔防磕/保护性强,触控笔收纳和拿取方便,支架稳定/角度好用,价格合适/性价比高","防摔防磕/保护性强,支架稳定/角度好用,触控笔收纳和拿取方便,价格合适/性价比高",80-99元,肯定会,我已认真阅读,购买意愿: [可能会购买],吸引力: [比较吸引],"可旋转使用,磁吸拆分方便,保护性较好,外观看起来简洁",我已认真阅读,购买意愿: [可能会购买],四角气囊防护外显: [非常吸引];侧面直取笔槽: [比较吸引];更丰富、更个性化的配色选择: [一般],愿意多付6-10元,说不清,-,-,可能会购买,-,颜色有点单调，笔槽便利性很好，防护性看着挺高的,我已认真阅读,购买意愿: [可能会购买],相比普通光面背板更不易沾指纹: [非常吸引];微磨砂质感: [比较吸引];光栅纹理背板的视觉效果: [一般];整体看起来更特别/更有设计感: [比较吸引],愿意多付6-10元,可能不会购买,-,-,可能会购买,-,不易沾指纹很有吸引力，其余磨砂看着一般,14.14s,光栅款,不易沾指纹这点不错，其余都很相似,经常会,女,25-30岁,自由职业/个体经营,二线,偏低,恋爱期,江苏省,苏州市
127,是,88901373,726476,1024659,"洗面奶/洁面乳,奶茶/咖啡,手机充电线/数据线,智能手表/手环,鼠标/机械键盘,手机贴膜,桌面收纳,充电宝/移动电源,洗衣液/洗衣凝珠,无线蓝牙耳机,运动鞋,平板电脑,平板电脑保护套/壳,手机壳,抽纸/卷纸,薯片/膨化食品",近12个月内,120–149元,完全由我自己决定购买哪个品牌和产品,Apple（苹果）,以上均无,均未参加过,硕士及以上,"单壳（不带盖板）保护套,磁吸不可拆分保护套,键盘保护套","防摔防磕/保护性强,品牌可信/品质稳定,轻薄便携,与平板搭配协调,耐用不易坏","品牌可信/品质稳定,轻薄便携,防摔防磕/保护性强,耐用不易坏,与平板搭配协调",120-149元,可能会,我已认真阅读,购买意愿: [可能会购买],吸引力: [非常吸引],"品牌/品质感较好,没有特别吸引我的地方,保护性较好,外观看起来简洁,支撑看剧/学习/办公,磁吸拆分方便",我已认真阅读,购买意愿: [可能会购买],四角气囊防护外显: [非常吸引];侧面直取笔槽: [比较吸引];更丰富、更个性化的配色选择: [比较吸引],愿意多付11-15元,可能会购买,可能会购买,说不清,-,-,防护和轻便很适合我，多点钱可以,我已认真阅读,购买意愿: [说不清],光栅纹理背板的视觉效果: [比较吸引];微磨砂质感: [非常吸引];相比普通光面背板更不易沾指纹: [非常吸引];整体看起来更特别/更有设计感: [比较吸引],愿意多付11-15元,说不清,-,-,可能会购买,-,防指纹和质感不错，可以多付一下钱,21.41s,光栅款,不容易沾指纹和磨砂外观值得多付一点,有时会,男,25-30岁,自由职业/个体经营,二线,偏低,"已婚,育婴期,已有房",湖北省,武汉市
128,是,88901434,726476,1024659,"平板电脑保护套/壳,平板电脑,无线蓝牙耳机,鼠标/机械键盘,智能手表/手环",近12个月内,120–149元,完全由我自己决定购买哪个品牌和产品,Apple（苹果）,以上均无,均未参加过,本科,旋转可拆分磁吸保护套,"支架稳定/角度好用,防摔防磕/保护性强,材质手感好,品牌可信/品质稳定,与平板搭配协调,颜色选择丰富,不易沾指纹/不易显脏,外观好看/有设计感,触控笔收纳和拿取方便","材质手感好,支架稳定/角度好用,防摔防磕/保护性强,颜色选择丰富,品牌可信/品质稳定,不易沾指纹/不易显脏,外观好看/有设计感,与平板搭配协调,触控笔收纳和拿取方便",120-149元,可能会,我已认真阅读,购买意愿: [肯定会购买],吸引力: [非常吸引],"可旋转使用,磁吸拆分方便,外观看起来简洁,保护性较好,支撑看剧/学习/办公",我已认真阅读,购买意愿: [肯定会购买],四角气囊防护外显: [非常吸引];侧面直取笔槽: [非常吸引];更丰富、更个性化的配色选择: [非常吸引],愿意多付21元及以上,肯定会购买,可能会购买,可能会购买,-,-,升级版保护性能更上，笔槽更便利，外观更美观，使用感更好。,我已认真阅读,购买意愿: [肯定会购买],光栅纹理背板的视觉效果: [非常吸引];微磨砂质感: [非常吸引];相比普通光面背板更不易沾指纹: [非常吸引];整体看起来更特别/更有设计感: [非常吸引],愿意多付21元及以上,肯定会购买,肯定会购买,可能会购买,-,-,磨砂背面更防指纹，整体美观度提升。,28.12s,光栅款,更喜欢磨砂质感的，防指纹，更美观。,经常会,女,25-30岁,专业人士,四线,低,未知,宁夏回族自治区,银川市
129,是,88901444,726476,1024659,"平板电脑保护套/壳,T恤/裙子,奶茶/咖啡,洗衣液/洗衣凝珠,贴片面膜,洗面奶/洁面乳,抽纸/卷纸,平板电脑,薯片/膨化食品,运动鞋",近12个月内,120–149元,完全由我自己决定购买哪个品牌和产品,Apple（苹果）,以上均无,均未参加过,本科,"普通翻盖保护套,单壳（不带盖板）保护套,磁吸不可拆分保护套","支架稳定/角度好用,防摔防磕/保护性强,耐用不易坏,与平板搭配协调,不易沾指纹/不易显脏","防摔防磕/保护性强,支架稳定/角度好用,耐用不易坏,不易沾指纹/不易显脏,与平板搭配协调",150-199元,可能会,我已认真阅读,购买意愿: [可能会购买],吸引力: [比较吸引],"保护性较好,磁吸拆分方便",我已认真阅读,购买意愿: [可能会购买],四角气囊防护外显: [比较吸引];侧面直取笔槽: [比较吸引];更丰富、更个性化的配色选择: [比较吸引],愿意多付21元及以上,可能会购买,可能会购买,可能会购买,-,-,防护升级，更加安全，更加便利，配色也更加好看,我已认真阅读,购买意愿: [可能会购买],光栅纹理背板的视觉效果: [比较吸引];微磨砂质感: [比较吸引];相比普通光面背板更不易沾指纹: [比较吸引];整体看起来更特别/更有设计感: [比较吸引],愿意多付21元及以上,可能会购买,可能会购买,可能会购买,-,-,比较特别，可以防指纹，更加的耐看,36.26s,光栅款,触感更加好，不易沾指纹，有质感一些,有时会,女,25-30岁,企业职员,五线,低,未知,四川省,达州市
130,是,88901449,726476,1024659,"手机充电线/数据线,手机壳,抽纸/卷纸,薯片/膨化食品,运动鞋,奶茶/咖啡,贴片面膜,洗衣液/洗衣凝珠,桌面收纳,充电宝/移动电源,室内绿植/花卉,手机贴膜,智能手表/手环,鼠标/机械键盘,平板电脑,洗面奶/洁面乳,平板电脑保护套/壳,T恤/裙子,无线蓝牙耳机",近12个月内,120–149元,完全由我自己决定购买哪个品牌和产品,Apple（苹果）,以上均无,均未参加过,本科,"旋转可拆分磁吸保护套,带笔槽保护套,键盘保护套","防摔防磕/保护性强,支架稳定/角度好用,轻薄便携,不易沾指纹/不易显脏,品牌可信/品质稳定,触控笔收纳和拿取方便,材质手感好,耐用不易坏,颜色选择丰富,与平板搭配协调","轻薄便携,防摔防磕/保护性强,支架稳定/角度好用,品牌可信/品质稳定,不易沾指纹/不易显脏,触控笔收纳和拿取方便,与平板搭配协调,材质手感好,耐用不易坏,颜色选择丰富",120-149元,肯定会,我已认真阅读,购买意愿: [肯定会购买],吸引力: [非常吸引],"可旋转使用,价格合适,保护性较好",我已认真阅读,购买意愿: [肯定会购买],四角气囊防护外显: [非常吸引];侧面直取笔槽: [非常吸引];更丰富、更个性化的配色选择: [非常吸引],愿意多付11-15元,肯定会购买,肯定会购买,肯定会购买,-,-,手感好，材质放心。颜色好看,我已认真阅读,购买意愿: [肯定会购买],光栅纹理背板的视觉效果: [非常吸引];微磨砂质感: [非常吸引];相比普通光面背板更不易沾指纹: [非常吸引];整体看起来更特别/更有设计感: [非常吸引],愿意多付16-20元,肯定会购买,肯定会购买,肯定会购买,-,-,这个材质手感好，质量也好,13.46s,光栅款,颜色好看，外观颜值高,经常会,女,31-35岁,自由职业/个体经营,六线,中等,未知,广东省,梅州市
131,是,88901464,726476,1024659,"平板电脑保护套/壳,手机充电线/数据线,洗衣液/洗衣凝珠,无线蓝牙耳机,薯片/膨化食品,桌面收纳,抽纸/卷纸,手机壳,运动鞋,贴片面膜,奶茶/咖啡,平板电脑,鼠标/机械键盘,智能手表/手环,洗面奶/洁面乳,充电宝/移动电源",近12个月内,100–119元,完全由我自己决定购买哪个品牌和产品,Apple（苹果）,以上均无,均未参加过,本科,"普通翻盖保护套,磁吸不可拆分保护套,带笔槽保护套,旋转可拆分磁吸保护套","防摔防磕/保护性强,材质手感好,支架稳定/角度好用,不易沾指纹/不易显脏,轻薄便携,耐用不易坏,外观好看/有设计感","耐用不易坏,防摔防磕/保护性强,轻薄便携,不易沾指纹/不易显脏,材质手感好,支架稳定/角度好用,外观好看/有设计感",100-119元,可能会,我已认真阅读,购买意愿: [肯定会购买],吸引力: [比较吸引],"可旋转使用,保护性较好",我已认真阅读,购买意愿: [可能会购买],四角气囊防护外显: [非常吸引];侧面直取笔槽: [比较吸引];更丰富、更个性化的配色选择: [一般],愿意多付6-10元,肯定会购买,肯定会购买,肯定会购买,-,-,苏笔便利,我已认真阅读,购买意愿: [说不清],光栅纹理背板的视觉效果: [不太吸引];微磨砂质感: [比较吸引];相比普通光面背板更不易沾指纹: [非常吸引];整体看起来更特别/更有设计感: [比较吸引],愿意多付6-10元,可能会购买,可能会购买,可能会购买,-,-,不太喜欢这个光栅质感,26.05s,升级光面款,光面更加符合我审美，,有时会,女,31-35岁,企业职员,二线,偏低,"已婚,已育",广东省,东莞市
132,是,88901475,726476,1024659,"手机壳,运动鞋,平板电脑保护套/壳,洗面奶/洁面乳,洗衣液/洗衣凝珠,薯片/膨化食品,T恤/裙子,抽纸/卷纸,奶茶/咖啡",近12个月内,120–149元,完全由我自己决定购买哪个品牌和产品,Apple（苹果）,以上均无,均未参加过,本科,"带笔槽保护套,磁吸不可拆分保护套,单壳（不带盖板）保护套","触控笔收纳和拿取方便,防摔防磕/保护性强,支架稳定/角度好用,材质手感好,外观好看/有设计感,轻薄便携,价格合适/性价比高,耐用不易坏,不易沾指纹/不易显脏","轻薄便携,耐用不易坏,防摔防磕/保护性强,材质手感好,支架稳定/角度好用,触控笔收纳和拿取方便,不易沾指纹/不易显脏,价格合适/性价比高,外观好看/有设计感",120-149元,肯定会,我已认真阅读,购买意愿: [可能会购买],吸引力: [比较吸引],"磁吸拆分方便,外观看起来简洁,保护性较好,价格合适,可旋转使用",我已认真阅读,购买意愿: [肯定会购买],四角气囊防护外显: [非常吸引];侧面直取笔槽: [非常吸引];更丰富、更个性化的配色选择: [非常吸引],愿意多付21元及以上,肯定会购买,肯定会购买,肯定会购买,-,-,对平板的保护性更好，同时使用场景多样日常很方便,我已认真阅读,购买意愿: [可能会购买],光栅纹理背板的视觉效果: [一般];微磨砂质感: [比较吸引];相比普通光面背板更不易沾指纹: [比较吸引];整体看起来更特别/更有设计感: [一般],愿意多付21元及以上,肯定会购买,可能会购买,可能会购买,-,-,外观不是我喜欢的感觉，虽然质感更好防指纹但是不喜欢,27.98s,升级光面款,升级款更加简约大方，价格也很合适，材质创新设计新颖，对平板保护也更加全面,经常会,女,25-30岁,自由职业/个体经营,四线,偏低,准备结婚期,河南省,焦作市
133,是,88901507,726476,1024659,"充电宝/移动电源,平板电脑保护套/壳,智能手表/手环,洗面奶/洁面乳,平板电脑,室内绿植/花卉,手机充电线/数据线,洗衣液/洗衣凝珠,手机贴膜,薯片/膨化食品,无线蓝牙耳机,奶茶/咖啡,手机壳,桌面收纳,贴片面膜,抽纸/卷纸,运动鞋,T恤/裙子,鼠标/机械键盘",近12个月内,120–149元,完全由我自己决定购买哪个品牌和产品,Apple（苹果）,以上均无,均未参加过,本科,"单壳（不带盖板）保护套,普通翻盖保护套,磁吸不可拆分保护套,旋转可拆分磁吸保护套,带笔槽保护套,键盘保护套,透明/半透明保护壳","防摔防磕/保护性强,触控笔收纳和拿取方便,不易沾指纹/不易显脏,颜色选择丰富,品牌可信/品质稳定,耐用不易坏,支架稳定/角度好用,材质手感好,外观好看/有设计感,轻薄便携,价格合适/性价比高,与平板搭配协调","支架稳定/角度好用,轻薄便携,品牌可信/品质稳定,耐用不易坏,触控笔收纳和拿取方便,颜色选择丰富,不易沾指纹/不易显脏,材质手感好,价格合适/性价比高,与平板搭配协调,防摔防磕/保护性强,外观好看/有设计感",120-149元,肯定会,我已认真阅读,购买意愿: [肯定会购买],吸引力: [比较吸引],"可旋转使用,磁吸拆分方便,支撑看剧/学习/办公,价格合适,外观看起来简洁,保护性较好,品牌/品质感较好",我已认真阅读,购买意愿: [肯定会购买],四角气囊防护外显: [比较吸引];侧面直取笔槽: [非常吸引];更丰富、更个性化的配色选择: [比较吸引],愿意多付11-15元,肯定会购买,可能会购买,肯定会购买,-,-,非常喜欢非常适合,我已认真阅读,购买意愿: [肯定会购买],光栅纹理背板的视觉效果: [比较吸引];微磨砂质感: [非常吸引];相比普通光面背板更不易沾指纹: [比较吸引];整体看起来更特别/更有设计感: [非常吸引],愿意多付11-15元,肯定会购买,可能会购买,肯定会购买,-,-,非常喜欢非常适合,13.91s,两款都可以，没有明显偏好,非常喜欢非常适合,经常会,女,31-35岁,企业职员,一线,偏低,未知,上海,上海市
134,是,88901509,726476,1024659,"抽纸/卷纸,洗面奶/洁面乳,奶茶/咖啡,贴片面膜,T恤/裙子,洗衣液/洗衣凝珠,运动鞋,无线蓝牙耳机,平板电脑,智能手表/手环,桌面收纳,鼠标/机械键盘,充电宝/移动电源,薯片/膨化食品,平板电脑保护套/壳",近12个月内,120–149元,完全由我自己决定购买哪个品牌和产品,Apple（苹果）,以上均无,均未参加过,本科,"带笔槽保护套,键盘保护套,旋转可拆分磁吸保护套,普通翻盖保护套","防摔防磕/保护性强,触控笔收纳和拿取方便,不易沾指纹/不易显脏,与平板搭配协调,材质手感好,支架稳定/角度好用","防摔防磕/保护性强,不易沾指纹/不易显脏,材质手感好,与平板搭配协调,支架稳定/角度好用,触控笔收纳和拿取方便",120-149元,可能会,我已认真阅读,购买意愿: [可能会购买],吸引力: [比较吸引],"可旋转使用,磁吸拆分方便,外观看起来简洁,保护性较好",我已认真阅读,购买意愿: [可能会购买],四角气囊防护外显: [非常吸引];侧面直取笔槽: [比较吸引];更丰富、更个性化的配色选择: [一般],愿意多付16-20元,可能会购买,可能会购买,说不清,-,-,增强防护，拿取笔更便利，更多配色，个性化外观愿意多付钱。,我已认真阅读,购买意愿: [可能会购买],相比普通光面背板更不易沾指纹: [非常吸引];微磨砂质感: [比较吸引];光栅纹理背板的视觉效果: [一般];整体看起来更特别/更有设计感: [一般],愿意多付11-15元,肯定会购买,可能会购买,说不清,-,-,外观更好看，质感更精美，有效防指纹，造型更特别，比较耐看，值得加钱。,50.02s,光栅款,价格合适，外观上和质感上更好，材质比较好，功能齐全，防护优秀，符合自己使用习惯，进一步有效防指纹，值得加钱购买。,经常会,女,25-30岁,专业人士,四线,低,准备结婚期,湖北省,荆州市
135,是,88901524,726476,1024659,"手机贴膜,平板电脑保护套/壳,手机壳,无线蓝牙耳机",近12个月内,120–149元,完全由我自己决定购买哪个品牌和产品,Apple（苹果）,以上均无,均未参加过,本科,"带笔槽保护套,磁吸不可拆分保护套,普通翻盖保护套","防摔防磕/保护性强,支架稳定/角度好用,品牌可信/品质稳定,价格合适/性价比高,与平板搭配协调,外观好看/有设计感,不易沾指纹/不易显脏,材质手感好,触控笔收纳和拿取方便","不易沾指纹/不易显脏,防摔防磕/保护性强,触控笔收纳和拿取方便,品牌可信/品质稳定,价格合适/性价比高,支架稳定/角度好用,与平板搭配协调,材质手感好,外观好看/有设计感",120-149元,肯定会,我已认真阅读,购买意愿: [可能会购买],吸引力: [比较吸引],"磁吸拆分方便,价格合适,外观看起来简洁,品牌/品质感较好,可旋转使用",我已认真阅读,购买意愿: [可能会购买],四角气囊防护外显: [比较吸引];侧面直取笔槽: [比较吸引];更丰富、更个性化的配色选择: [比较吸引],愿意多付6-10元,可能会购买,可能会购买,说不清,-,-,可能觉得价格不值,我已认真阅读,购买意愿: [可能会购买],光栅纹理背板的视觉效果: [非常吸引];微磨砂质感: [比较吸引];相比普通光面背板更不易沾指纹: [比较吸引];整体看起来更特别/更有设计感: [非常吸引],愿意多付11-15元,可能会购买,可能会购买,肯定会购买,-,-,合适自己的产品,9.18s,升级光面款,更适合自己的平板,有时会,女,25-30岁,自由职业/个体经营,三线,偏低,恋爱期,浙江省,湖州市
136,是,88901556,726476,1024659,"手机充电线/数据线,充电宝/移动电源,平板电脑保护套/壳,手机壳,抽纸/卷纸,洗面奶/洁面乳,洗衣液/洗衣凝珠,T恤/裙子,奶茶/咖啡,无线蓝牙耳机,运动鞋,贴片面膜",近12个月内,120–149元,完全由我自己决定购买哪个品牌和产品,Apple（苹果）,以上均无,均未参加过,本科,"单壳（不带盖板）保护套,普通翻盖保护套,透明/半透明保护壳","防摔防磕/保护性强,不易沾指纹/不易显脏,价格合适/性价比高,与平板搭配协调,轻薄便携,耐用不易坏","防摔防磕/保护性强,价格合适/性价比高,耐用不易坏,不易沾指纹/不易显脏,轻薄便携,与平板搭配协调",120-149元,肯定会,我已认真阅读,购买意愿: [可能会购买],吸引力: [非常吸引],"磁吸拆分方便,可旋转使用,价格合适",我已认真阅读,购买意愿: [肯定会购买],四角气囊防护外显: [非常吸引];侧面直取笔槽: [比较吸引];更丰富、更个性化的配色选择: [比较吸引],愿意多付21元及以上,肯定会购买,肯定会购买,可能会购买,-,-,"防护：四个边都有保护，不容易磕碰，可以在一定程度上保护平板的外观。
配色：这个颜色很小清新，夏天到了，比较适合。
外观：很好看，比一般的平板保护套有设计感一些。",我已认真阅读,购买意愿: [可能会购买],微磨砂质感: [非常吸引];相比普通光面背板更不易沾指纹: [比较吸引];整体看起来更特别/更有设计感: [比较吸引];光栅纹理背板的视觉效果: [非常吸引],愿意多付21元及以上,可能会购买,可能会购买,说不清,-,-,比起光栅的背板，我还是比较喜欢磨砂的质感，光栅背板感觉不是特别的耐脏，而且没有尝试过，不知道手感如何。,65.06s,升级光面款,"外观：简单大气
材质：摸起来手感舒适
防护：各方面都有保护，不用担心磕碰问题",有时会,女,25-30岁,企业职员,二线,偏低,未知,湖北省,武汉市
137,是,88901558,726476,1024659,"运动鞋,奶茶/咖啡,贴片面膜,桌面收纳,手机贴膜,薯片/膨化食品,平板电脑保护套/壳,洗衣液/洗衣凝珠,T恤/裙子,手机充电线/数据线,室内绿植/花卉,手机壳,抽纸/卷纸,洗面奶/洁面乳",近12个月内,120–149元,完全由我自己决定购买哪个品牌和产品,Apple（苹果）,以上均无,均未参加过,本科,"普通翻盖保护套,磁吸不可拆分保护套,键盘保护套","防摔防磕/保护性强,支架稳定/角度好用,触控笔收纳和拿取方便,材质手感好,不易沾指纹/不易显脏,外观好看/有设计感,颜色选择丰富,轻薄便携,品牌可信/品质稳定,价格合适/性价比高,耐用不易坏,与平板搭配协调","防摔防磕/保护性强,轻薄便携,支架稳定/角度好用,外观好看/有设计感,材质手感好,与平板搭配协调,不易沾指纹/不易显脏,价格合适/性价比高,耐用不易坏,颜色选择丰富,触控笔收纳和拿取方便,品牌可信/品质稳定",120-149元,可能会,我已认真阅读,购买意愿: [可能会购买],吸引力: [比较吸引],"可旋转使用,磁吸拆分方便,支撑看剧/学习/办公,价格合适,外观看起来简洁,保护性较好,品牌/品质感较好",我已认真阅读,购买意愿: [可能会购买],四角气囊防护外显: [比较吸引];侧面直取笔槽: [一般];更丰富、更个性化的配色选择: [比较吸引],愿意多付6-10元,可能会购买,可能会购买,说不清,-,-,防护性能上面愿意多花点钱，笔槽便利性要求没那么高，外观的话，一般也足够，没有花太多钱的想法,我已认真阅读,购买意愿: [可能会购买],光栅纹理背板的视觉效果: [比较吸引];微磨砂质感: [比较吸引];相比普通光面背板更不易沾指纹: [比较吸引];整体看起来更特别/更有设计感: [比较吸引],愿意多付11-15元,可能会购买,可能会购买,说不清,-,-,外观质感防指纹方面可以多付点钱，但是付太多就会觉得没那么值,27.83s,光栅款,更喜欢这一款的外观,有时会,女,31-35岁,其他,三线,偏低,未知,浙江省,绍兴市
138,是,88901564,726476,1024659,"平板电脑保护套/壳,洗衣液/洗衣凝珠,T恤/裙子,鼠标/机械键盘,桌面收纳,抽纸/卷纸,手机充电线/数据线,手机壳,薯片/膨化食品,奶茶/咖啡,手机贴膜,贴片面膜,平板电脑,无线蓝牙耳机,智能手表/手环,充电宝/移动电源,运动鞋,洗面奶/洁面乳",近12个月内,50–79元,完全由我自己决定购买哪个品牌和产品,Apple（苹果）,以上均无,食品/饮料/餐饮类,本科,带笔槽保护套,"轻薄便携,支架稳定/角度好用,防摔防磕/保护性强","防摔防磕/保护性强,支架稳定/角度好用,轻薄便携",50-79元,可能会,我已认真阅读,购买意愿: [可能会购买],吸引力: [比较吸引],"可旋转使用,外观看起来简洁",我已认真阅读,购买意愿: [可能会购买],四角气囊防护外显: [比较吸引];侧面直取笔槽: [比较吸引];更丰富、更个性化的配色选择: [一般],愿意多付6-10元,可能会购买,可能会购买,可能会购买,-,-,我总体感觉价格有点贵了,我已认真阅读,购买意愿: [可能会购买],光栅纹理背板的视觉效果: [比较吸引];微磨砂质感: [比较吸引];相比普通光面背板更不易沾指纹: [比较吸引];整体看起来更特别/更有设计感: [一般],愿意多付6-10元,可能会购买,可能会购买,可能会购买,-,-,个人感觉性价比不高,19.32s,升级光面款,比较喜欢光泽,有时会,女,36-40岁,企业职员,三线,偏高,"已婚,育婴期,已育,已有房,已有车",浙江省,金华市
139,是,88901567,726476,1024659,"洗面奶/洁面乳,薯片/膨化食品,手机充电线/数据线,平板电脑保护套/壳,抽纸/卷纸,充电宝/移动电源,手机贴膜,手机壳,洗衣液/洗衣凝珠,T恤/裙子",近12个月内,120–149元,完全由我自己决定购买哪个品牌和产品,Apple（苹果）,以上均无,均未参加过,本科,"普通翻盖保护套,旋转可拆分磁吸保护套","材质手感好,防摔防磕/保护性强,品牌可信/品质稳定,轻薄便携,触控笔收纳和拿取方便,支架稳定/角度好用,耐用不易坏,与平板搭配协调","防摔防磕/保护性强,品牌可信/品质稳定,耐用不易坏,支架稳定/角度好用,触控笔收纳和拿取方便,材质手感好,轻薄便携,与平板搭配协调",120-149元,肯定会,我已认真阅读,购买意愿: [肯定会购买],吸引力: [非常吸引],"磁吸拆分方便,价格合适,保护性较好,品牌/品质感较好,可旋转使用",我已认真阅读,购买意愿: [肯定会购买],四角气囊防护外显: [非常吸引];侧面直取笔槽: [非常吸引];更丰富、更个性化的配色选择: [非常吸引],愿意多付16-20元,肯定会购买,肯定会购买,可能会购买,-,-,防护性能更好，更便利，外观好看,我已认真阅读,购买意愿: [可能会购买],光栅纹理背板的视觉效果: [一般];微磨砂质感: [非常吸引];相比普通光面背板更不易沾指纹: [非常吸引];整体看起来更特别/更有设计感: [一般],愿意多付11-15元,肯定会购买,可能会购买,说不清,-,-,这个背板我不是很喜欢，外观不喜欢,14.99s,升级光面款,光面版外观更好看，更适合我，值得加钱,经常会,女,25-30岁,企业职员,三线,偏低,未知,福建省,漳州市
140,是,88901579,726476,1024659,"洗衣液/洗衣凝珠,室内绿植/花卉,抽纸/卷纸,智能手表/手环,平板电脑,手机壳,手机贴膜,无线蓝牙耳机,手机充电线/数据线,薯片/膨化食品,洗面奶/洁面乳,T恤/裙子,运动鞋,贴片面膜,充电宝/移动电源,平板电脑保护套/壳,奶茶/咖啡",近12个月内,120–149元,完全由我自己决定购买哪个品牌和产品,Apple（苹果）,以上均无,均未参加过,本科,"磁吸不可拆分保护套,键盘保护套,带笔槽保护套","防摔防磕/保护性强,支架稳定/角度好用,触控笔收纳和拿取方便,颜色选择丰富,品牌可信/品质稳定,外观好看/有设计感,轻薄便携,与平板搭配协调,耐用不易坏,不易沾指纹/不易显脏","触控笔收纳和拿取方便,不易沾指纹/不易显脏,颜色选择丰富,轻薄便携,与平板搭配协调,支架稳定/角度好用,外观好看/有设计感,品牌可信/品质稳定,防摔防磕/保护性强,耐用不易坏",120-149元,肯定会,我已认真阅读,购买意愿: [肯定会购买],吸引力: [非常吸引],"可旋转使用,磁吸拆分方便,支撑看剧/学习/办公,价格合适,外观看起来简洁,保护性较好,品牌/品质感较好",我已认真阅读,购买意愿: [肯定会购买],四角气囊防护外显: [非常吸引];侧面直取笔槽: [比较吸引];更丰富、更个性化的配色选择: [比较吸引],愿意多付11-15元,可能会购买,肯定会购买,可能会购买,-,-,全方位要防震到位，配色简洁高级，日常使用体验感好,我已认真阅读,购买意愿: [肯定会购买],光栅纹理背板的视觉效果: [非常吸引];微磨砂质感: [非常吸引];相比普通光面背板更不易沾指纹: [非常吸引];整体看起来更特别/更有设计感: [比较吸引],愿意多付11-15元,肯定会购买,可能会购买,可能会购买,-,-,质感更好，防指纹更厉害就愿意多付钱,106.02s,光栅款,防指纹效果好,经常会,女,25-30岁,企业职员,六线,偏低,未知,广东省,梅州市
141,是,88901582,726476,1024659,"鼠标/机械键盘,平板电脑保护套/壳,平板电脑,手机贴膜,手机充电线/数据线",近12个月内,120–149元,完全由我自己决定购买哪个品牌和产品,Apple（苹果）,以上均无,均未参加过,硕士及以上,带笔槽保护套,"防摔防磕/保护性强,支架稳定/角度好用,材质手感好,外观好看/有设计感,触控笔收纳和拿取方便","防摔防磕/保护性强,支架稳定/角度好用,触控笔收纳和拿取方便,材质手感好,外观好看/有设计感",120-149元,可能会,我已认真阅读,购买意愿: [可能会购买],吸引力: [比较吸引],"磁吸拆分方便,外观看起来简洁",我已认真阅读,购买意愿: [可能会购买],四角气囊防护外显: [比较吸引];侧面直取笔槽: [比较吸引];更丰富、更个性化的配色选择: [非常吸引],愿意多付5元以内,可能会购买,说不清,-,-,-,防护升级还是挺重要的，,我已认真阅读,购买意愿: [可能会购买],光栅纹理背板的视觉效果: [非常吸引];微磨砂质感: [比较吸引];相比普通光面背板更不易沾指纹: [比较吸引];整体看起来更特别/更有设计感: [比较吸引],愿意多付5元以内,可能会购买,说不清,-,-,-,材质比较喜欢，还可以,25.95s,两款都可以，没有明显偏好,升级款颜色好看，防护差不多，区别于材质,有时会,女,25-30岁,专业人士,二线,低,"已婚,育婴期,已育,装修期,已有车",辽宁省,沈阳市
142,是,88901619,726476,1024659,"手机充电线/数据线,充电宝/移动电源,平板电脑保护套/壳,手机贴膜,桌面收纳",近12个月内,120–149元,完全由我自己决定购买哪个品牌和产品,Apple（苹果）,以上均无,均未参加过,硕士及以上,"普通翻盖保护套,旋转可拆分磁吸保护套,带笔槽保护套,透明/半透明保护壳","轻薄便携,与平板搭配协调,材质手感好,防摔防磕/保护性强,不易沾指纹/不易显脏,触控笔收纳和拿取方便","防摔防磕/保护性强,材质手感好,触控笔收纳和拿取方便,不易沾指纹/不易显脏,轻薄便携,与平板搭配协调",120-149元,肯定会,我已认真阅读,购买意愿: [肯定会购买],吸引力: [非常吸引],"价格合适,支撑看剧/学习/办公,磁吸拆分方便,可旋转使用,保护性较好,外观看起来简洁,品牌/品质感较好",我已认真阅读,购买意愿: [肯定会购买],四角气囊防护外显: [非常吸引];侧面直取笔槽: [非常吸引];更丰富、更个性化的配色选择: [非常吸引],愿意多付21元及以上,肯定会购买,肯定会购买,肯定会购买,-,-,因为他这个保护套能够足够的保护平板，不被磕碰无去挂上，而且还有防滑减震的功效，这样在日常辉就特别的需要很方便，而且颜值也很高,我已认真阅读,购买意愿: [肯定会购买],光栅纹理背板的视觉效果: [非常吸引];微磨砂质感: [非常吸引];相比普通光面背板更不易沾指纹: [非常吸引];整体看起来更特别/更有设计感: [非常吸引],愿意多付21元及以上,肯定会购买,肯定会购买,肯定会购买,-,-,我感觉光和背板他有很强的摩擦力，他不会一下子手滑掉到地上对平板有一定的保护作用，我觉得这一点就很好，日常用起来一定是很方便的,24.56s,升级光面款,首先他有一定的防滑功效，然后呢，他再是光面的用起来，手感就一定是很好的，然后他的颜值上也是很高的，所以我愿意去选他,经常会,女,25-30岁,其他,二线,低,未知,吉林省,长春市
143,是,88901701,726476,1024659,"奶茶/咖啡,智能手表/手环,洗面奶/洁面乳,运动鞋,平板电脑,无线蓝牙耳机,T恤/裙子,薯片/膨化食品,抽纸/卷纸,手机贴膜,手机充电线/数据线",近12个月内,80–99元,完全由我自己决定购买哪个品牌和产品,Apple（苹果）,以上均无,均未参加过,硕士及以上,键盘保护套,"防摔防磕/保护性强,外观好看/有设计感,价格合适/性价比高,品牌可信/品质稳定,不易沾指纹/不易显脏","防摔防磕/保护性强,外观好看/有设计感,价格合适/性价比高,品牌可信/品质稳定,不易沾指纹/不易显脏",80-99元,肯定会,我已认真阅读,购买意愿: [可能会购买],吸引力: [非常吸引],"磁吸拆分方便,外观看起来简洁,保护性较好,可旋转使用",我已认真阅读,购买意愿: [可能会购买],四角气囊防护外显: [比较吸引];侧面直取笔槽: [非常吸引];更丰富、更个性化的配色选择: [不太吸引],愿意多付5元以内,可能会购买,说不清,-,-,-,因为首先自己没有这一方面的需求平板壳子主要功能是为了防摔不要太重轻便 质量好,我已认真阅读,购买意愿: [可能会购买],光栅纹理背板的视觉效果: [比较吸引];微磨砂质感: [非常吸引];相比普通光面背板更不易沾指纹: [一般];整体看起来更特别/更有设计感: [一般],愿意多付6-10元,可能会购买,说不清,-,-,-,因为外观上设计我认为这个功能一般，比较鸡肋。,29.92s,升级光面款,因为接受的；好的哈哈大家记得记得记得大家记得记得不对吧对看看大口大口大姐姐的家。,经常会,女,25-30岁,专业人士,二线,中等,单身,湖北省,武汉市
144,是,88901714,726476,1024659,"平板电脑,平板电脑保护套/壳,洗面奶/洁面乳,洗衣液/洗衣凝珠,运动鞋",近12个月内,120–149元,完全由我自己决定购买哪个品牌和产品,Apple（苹果）,以上均无,均未参加过,硕士及以上,"单壳（不带盖板）保护套,旋转可拆分磁吸保护套,透明/半透明保护壳","防摔防磕/保护性强,支架稳定/角度好用,外观好看/有设计感,与平板搭配协调,价格合适/性价比高","防摔防磕/保护性强,价格合适/性价比高,与平板搭配协调,支架稳定/角度好用,外观好看/有设计感",120-149元,肯定会,我已认真阅读,购买意愿: [肯定会购买],吸引力: [非常吸引],"可旋转使用,磁吸拆分方便,外观看起来简洁,保护性较好",我已认真阅读,购买意愿: [肯定会购买],四角气囊防护外显: [非常吸引];侧面直取笔槽: [非常吸引];更丰富、更个性化的配色选择: [非常吸引],愿意多付21元及以上,肯定会购买,肯定会购买,肯定会购买,-,-,首先他的配色我非常喜欢，其次我感觉他能够保护得很好,我已认真阅读,购买意愿: [肯定会购买],光栅纹理背板的视觉效果: [非常吸引];微磨砂质感: [非常吸引];相比普通光面背板更不易沾指纹: [比较吸引];整体看起来更特别/更有设计感: [比较吸引],愿意多付21元及以上,肯定会购买,肯定会购买,肯定会购买,-,-,因为他创新了这种材质，我很喜欢,8.34s,光栅款,因为感觉手感会很好,有时会,女,31-35岁,其他,三线,偏低,"准备结婚期,育婴期,已育",广东省,中山市
145,是,88901747,726476,1024659,"平板电脑保护套/壳,洗衣液/洗衣凝珠,鼠标/机械键盘,薯片/膨化食品,抽纸/卷纸,平板电脑,充电宝/移动电源,室内绿植/花卉",近12个月内,50–79元,完全由我自己决定购买哪个品牌和产品,Apple（苹果）,以上均无,均未参加过,硕士及以上,磁吸不可拆分保护套,"防摔防磕/保护性强,材质手感好,轻薄便携,价格合适/性价比高,外观好看/有设计感,耐用不易坏,与平板搭配协调,不易沾指纹/不易显脏","价格合适/性价比高,防摔防磕/保护性强,轻薄便携,外观好看/有设计感,不易沾指纹/不易显脏,材质手感好,与平板搭配协调,耐用不易坏",50-79元,说不清,我已认真阅读,购买意愿: [可能不会购买],吸引力: [不太吸引],"可旋转使用,磁吸拆分方便,支撑看剧/学习/办公",我已认真阅读,购买意愿: [说不清],四角气囊防护外显: [比较吸引];侧面直取笔槽: [一般];更丰富、更个性化的配色选择: [比较吸引],愿意多付5元以内,可能不会购买,-,-,说不清,可能不会购买,颜色单一，看着普通，价格也不划算,我已认真阅读,购买意愿: [可能会购买],光栅纹理背板的视觉效果: [比较吸引];微磨砂质感: [非常吸引];相比普通光面背板更不易沾指纹: [比较吸引];整体看起来更特别/更有设计感: [比较吸引],愿意多付6-10元,说不清,-,-,说不清,说不清,虽然设计多了也好了，但是价格还是高了,16.66s,光栅款,更有质感，光面太普通了,有时会,女,36-40岁,专业人士,三线,偏低,"已婚,已育",福建省,厦门市
146,是,88901760,726476,1024659,"运动鞋,充电宝/移动电源,平板电脑,贴片面膜,室内绿植/花卉,手机充电线/数据线,奶茶/咖啡,手机贴膜,桌面收纳,洗面奶/洁面乳,T恤/裙子",近12个月内,200元及以上,完全由我自己决定购买哪个品牌和产品,Apple（苹果）,以上均无,均未参加过,大专,"普通翻盖保护套,旋转可拆分磁吸保护套,键盘保护套,其他:","防摔防磕/保护性强,支架稳定/角度好用,品牌可信/品质稳定,轻薄便携,触控笔收纳和拿取方便","防摔防磕/保护性强,支架稳定/角度好用,轻薄便携,触控笔收纳和拿取方便,品牌可信/品质稳定",200元及以上,可能会,我已认真阅读,购买意愿: [可能会购买],吸引力: [比较吸引],"可旋转使用,价格合适,外观看起来简洁,保护性较好,磁吸拆分方便,支撑看剧/学习/办公",我已认真阅读,购买意愿: [可能会购买],四角气囊防护外显: [比较吸引];侧面直取笔槽: [比较吸引];更丰富、更个性化的配色选择: [比较吸引],愿意多付16-20元,可能会购买,可能会购买,可能会购买,-,-,取笔更便利，外观颜色也很吸引人,我已认真阅读,购买意愿: [可能会购买],光栅纹理背板的视觉效果: [比较吸引];微磨砂质感: [比较吸引];相比普通光面背板更不易沾指纹: [比较吸引];整体看起来更特别/更有设计感: [比较吸引],即使同价也更倾向升级光面款,可能会购买,可能会购买,可能会购买,-,-,用起来感觉会更安心呢,14.25s,两款都可以，没有明显偏好,防护感觉更好了，所以应该会去购买的,有时会,女,31-35岁,自由职业/个体经营,五线,低,"已婚,育婴期,已育,已有车",广东省,汕尾市
147,是,88901835,726476,1024659,"充电宝/移动电源,平板电脑,手机贴膜,手机壳,平板电脑保护套/壳,智能手表/手环,洗面奶/洁面乳,洗衣液/洗衣凝珠,贴片面膜,T恤/裙子",近12个月内,120–149元,完全由我自己决定购买哪个品牌和产品,Apple（苹果）,以上均无,均未参加过,本科,"键盘保护套,磁吸不可拆分保护套","防摔防磕/保护性强,不易沾指纹/不易显脏,外观好看/有设计感,支架稳定/角度好用,与平板搭配协调","与平板搭配协调,防摔防磕/保护性强,外观好看/有设计感,不易沾指纹/不易显脏,支架稳定/角度好用",120-149元,肯定会,我已认真阅读,购买意愿: [肯定会购买],吸引力: [非常吸引],"可旋转使用,支撑看剧/学习/办公,品牌/品质感较好",我已认真阅读,购买意愿: [可能会购买],四角气囊防护外显: [非常吸引];侧面直取笔槽: [比较吸引];更丰富、更个性化的配色选择: [一般],愿意多付6-10元,可能会购买,说不清,-,-,-,对平板保护力更好  使用方便,我已认真阅读,购买意愿: [可能会购买],微磨砂质感: [非常吸引];光栅纹理背板的视觉效果: [比较吸引];相比普通光面背板更不易沾指纹: [比较吸引];整体看起来更特别/更有设计感: [比较吸引],愿意多付11-15元,可能会购买,说不清,-,-,-,不爱沾指纹  质感好,20.9s,光栅款,喜欢磨砂质感  不爱留指纹,有时会,女,25-30岁,其他,五线,低,单身,河北省,衡水市
148,是,88901839,726476,1024659,"无线蓝牙耳机,运动鞋,平板电脑,平板电脑保护套/壳,手机贴膜,贴片面膜",近12个月内,120–149元,完全由我自己决定购买哪个品牌和产品,Apple（苹果）,以上均无,均未参加过,本科,磁吸不可拆分保护套,"颜色选择丰富,外观好看/有设计感,轻薄便携,品牌可信/品质稳定","轻薄便携,颜色选择丰富,外观好看/有设计感,品牌可信/品质稳定",120-149元,肯定会,我已认真阅读,购买意愿: [肯定会购买],吸引力: [非常吸引],"可旋转使用,价格合适,保护性较好",我已认真阅读,购买意愿: [可能会购买],四角气囊防护外显: [非常吸引];侧面直取笔槽: [非常吸引];更丰富、更个性化的配色选择: [非常吸引],愿意多付6-10元,肯定会购买,肯定会购买,肯定会购买,-,-,防护力更好质量好,我已认真阅读,购买意愿: [可能会购买],光栅纹理背板的视觉效果: [非常吸引];微磨砂质感: [非常吸引];相比普通光面背板更不易沾指纹: [非常吸引];整体看起来更特别/更有设计感: [非常吸引],愿意多付16-20元,肯定会购买,肯定会购买,肯定会购买,-,-,防滑手感磁吸,9.3s,光栅款,质量好保护性好,经常会,女,31-35岁,企业职员,二线,中等,未知,山东省,烟台市
149,是,88901845,726476,1024659,"无线蓝牙耳机,智能手表/手环,充电宝/移动电源,贴片面膜,平板电脑,手机壳,手机充电线/数据线,平板电脑保护套/壳,洗面奶/洁面乳,手机贴膜",近12个月内,100–119元,完全由我自己决定购买哪个品牌和产品,Apple（苹果）,以上均无,均未参加过,本科,"旋转可拆分磁吸保护套,透明/半透明保护壳","防摔防磕/保护性强,支架稳定/角度好用,触控笔收纳和拿取方便,不易沾指纹/不易显脏,轻薄便携,与平板搭配协调","防摔防磕/保护性强,支架稳定/角度好用,触控笔收纳和拿取方便,不易沾指纹/不易显脏,与平板搭配协调,轻薄便携",100-119元,肯定会,我已认真阅读,购买意愿: [可能会购买],吸引力: [非常吸引],"可旋转使用,磁吸拆分方便,价格合适,支撑看剧/学习/办公,保护性较好",我已认真阅读,购买意愿: [肯定会购买],侧面直取笔槽: [比较吸引];四角气囊防护外显: [非常吸引];更丰富、更个性化的配色选择: [非常吸引],愿意多付5元以内,肯定会购买,可能会购买,说不清,-,-,外观设计的很好，看起来高端大气我愿意付129之间的价格，高了相对来说性价比不高,我已认真阅读,购买意愿: [可能会购买],光栅纹理背板的视觉效果: [非常吸引];微磨砂质感: [比较吸引];相比普通光面背板更不易沾指纹: [非常吸引];整体看起来更特别/更有设计感: [非常吸引],愿意多付5元以内,可能会购买,可能不会购买,-,-,-,价格偏高，性价比一般推荐指数四星，防滑设计的很好防指纹设计的很好,45.18s,光栅款,防滑设计防指纹设计的很好,经常会,女,25-30岁,专业人士,三线,偏低,未知,广东省,惠州市
150,是,88901853,726476,1024659,"平板电脑保护套/壳,无线蓝牙耳机,智能手表/手环,手机贴膜,手机充电线/数据线,充电宝/移动电源",近12个月内,100–119元,完全由我自己决定购买哪个品牌和产品,Apple（苹果）,以上均无,均未参加过,硕士及以上,"普通翻盖保护套,磁吸不可拆分保护套,键盘保护套","防摔防磕/保护性强,支架稳定/角度好用,耐用不易坏","防摔防磕/保护性强,支架稳定/角度好用,耐用不易坏",100-119元,肯定会,我已认真阅读,购买意愿: [肯定会购买],吸引力: [非常吸引],"可旋转使用,磁吸拆分方便,外观看起来简洁",我已认真阅读,购买意愿: [肯定会购买],四角气囊防护外显: [非常吸引];侧面直取笔槽: [比较吸引];更丰富、更个性化的配色选择: [非常吸引],愿意多付11-15元,肯定会购买,可能会购买,可能会购买,-,-,价格成正比例，值得多付一些,我已认真阅读,购买意愿: [肯定会购买],光栅纹理背板的视觉效果: [比较吸引];微磨砂质感: [比较吸引];相比普通光面背板更不易沾指纹: [非常吸引];整体看起来更特别/更有设计感: [非常吸引],愿意多付11-15元,肯定会购买,肯定会购买,可能会购买,-,-,使用起来很方便,12.66s,两款都可以，没有明显偏好,各有各的特点,经常会,女,31-35岁,企业职员,三线,低,未知,河北省,石家庄市
151,是,88901855,726476,1024659,"室内绿植/花卉,洗衣液/洗衣凝珠,抽纸/卷纸,奶茶/咖啡,智能手表/手环,T恤/裙子,洗面奶/洁面乳,薯片/膨化食品,贴片面膜,充电宝/移动电源,手机贴膜,平板电脑",近13-24个月内,120–149元,主要由我自己决定，偶尔参考他人意见,Apple（苹果）,以上均无,美妆/个人护理类,本科,磁吸不可拆分保护套,"防摔防磕/保护性强,支架稳定/角度好用,触控笔收纳和拿取方便,轻薄便携,品牌可信/品质稳定","防摔防磕/保护性强,触控笔收纳和拿取方便,品牌可信/品质稳定,轻薄便携,支架稳定/角度好用",120-149元,可能会,我已认真阅读,购买意愿: [可能会购买],吸引力: [比较吸引],"可旋转使用,价格合适",我已认真阅读,购买意愿: [肯定会购买],四角气囊防护外显: [非常吸引];侧面直取笔槽: [比较吸引];更丰富、更个性化的配色选择: [比较吸引],愿意多付21元及以上,肯定会购买,可能会购买,可能会购买,-,-,实用，适合我,我已认真阅读,购买意愿: [可能会购买],光栅纹理背板的视觉效果: [比较吸引];微磨砂质感: [比较吸引];相比普通光面背板更不易沾指纹: [非常吸引];整体看起来更特别/更有设计感: [比较吸引],愿意多付21元及以上,可能会购买,可能会购买,可能会购买,-,-,觉得挺好的,7.13s,两款都可以，没有明显偏好,价格合适，实用,有时会,女,31-35岁,企业职员,五线,中等,未知,广西壮族自治区,南宁市
153,是,88901895,726476,1024659,"薯片/膨化食品,抽纸/卷纸,洗衣液/洗衣凝珠,T恤/裙子,洗面奶/洁面乳,平板电脑保护套/壳,手机充电线/数据线,运动鞋,贴片面膜,无线蓝牙耳机,手机壳,手机贴膜,智能手表/手环,奶茶/咖啡,桌面收纳,充电宝/移动电源",近13-24个月内,100–119元,主要由我自己决定，偶尔参考他人意见,Apple（苹果）,以上均无,均未参加过,大专,"磁吸不可拆分保护套,键盘保护套","触控笔收纳和拿取方便,支架稳定/角度好用,外观好看/有设计感,与平板搭配协调,价格合适/性价比高","外观好看/有设计感,触控笔收纳和拿取方便,价格合适/性价比高,支架稳定/角度好用,与平板搭配协调",80-99元,可能会,我已认真阅读,购买意愿: [可能会购买],吸引力: [比较吸引],"磁吸拆分方便,支撑看剧/学习/办公,外观看起来简洁,保护性较好",我已认真阅读,购买意愿: [可能会购买],四角气囊防护外显: [非常吸引];侧面直取笔槽: [非常吸引];更丰富、更个性化的配色选择: [非常吸引],愿意多付6-10元,可能会购买,可能会购买,可能会购买,-,-,使用更便捷舒适,我已认真阅读,购买意愿: [可能会购买],光栅纹理背板的视觉效果: [比较吸引];微磨砂质感: [非常吸引];相比普通光面背板更不易沾指纹: [比较吸引];整体看起来更特别/更有设计感: [比较吸引],愿意多付6-10元,可能会购买,可能会购买,可能会购买,-,-,美观大方,20.47s,两款都可以，没有明显偏好,都可以接受,有时会,女,31-35岁,企业职员,二线,低,"已婚,已育,已有车",浙江省,杭州市
154,是,88901912,726476,1024659,"T恤/裙子,手机充电线/数据线,薯片/膨化食品,室内绿植/花卉,充电宝/移动电源,鼠标/机械键盘,无线蓝牙耳机,奶茶/咖啡,抽纸/卷纸,贴片面膜,洗面奶/洁面乳,桌面收纳,手机贴膜,智能手表/手环,平板电脑保护套/壳,洗衣液/洗衣凝珠,手机壳,运动鞋,平板电脑",近12个月内,50–79元,完全由我自己决定购买哪个品牌和产品,Apple（苹果）,以上均无,均未参加过,本科,"旋转可拆分磁吸保护套,磁吸不可拆分保护套,带笔槽保护套,键盘保护套,透明/半透明保护壳","防摔防磕/保护性强,支架稳定/角度好用,材质手感好,触控笔收纳和拿取方便,不易沾指纹/不易显脏,外观好看/有设计感,轻薄便携,耐用不易坏,与平板搭配协调,价格合适/性价比高,品牌可信/品质稳定","防摔防磕/保护性强,与平板搭配协调,价格合适/性价比高,轻薄便携,品牌可信/品质稳定,耐用不易坏,材质手感好,支架稳定/角度好用,外观好看/有设计感,触控笔收纳和拿取方便,不易沾指纹/不易显脏",50-79元,肯定会,我已认真阅读,购买意愿: [可能会购买],吸引力: [比较吸引],"可旋转使用,磁吸拆分方便,外观看起来简洁,保护性较好",我已认真阅读,购买意愿: [可能会购买],四角气囊防护外显: [比较吸引];更丰富、更个性化的配色选择: [比较吸引];侧面直取笔槽: [比较吸引],愿意多付5元以内,可能会购买,说不清,-,-,-,性价比不高,我已认真阅读,购买意愿: [可能会购买],光栅纹理背板的视觉效果: [非常吸引];微磨砂质感: [非常吸引];相比普通光面背板更不易沾指纹: [非常吸引];整体看起来更特别/更有设计感: [非常吸引],愿意多付5元以内,可能会购买,说不清,-,-,-,外观不喜欢,8.96s,升级光面款,外观材质手感喜欢,经常会,女,25-30岁,自由职业/个体经营,二线,中等,"准备结婚期,已有车",浙江省,杭州市
155,是,88901946,726476,1024659,"智能手表/手环,抽纸/卷纸,鼠标/机械键盘,充电宝/移动电源,平板电脑保护套/壳,薯片/膨化食品,T恤/裙子,手机壳,奶茶/咖啡,无线蓝牙耳机,洗面奶/洁面乳,桌面收纳,手机充电线/数据线,运动鞋,手机贴膜,贴片面膜,平板电脑,室内绿植/花卉,洗衣液/洗衣凝珠",近12个月内,200元及以上,完全由我自己决定购买哪个品牌和产品,Apple（苹果）,互联网/IT/软件服务,"食品/饮料/餐饮类,美妆/个人护理类",硕士及以上,普通翻盖保护套,"防摔防磕/保护性强,外观好看/有设计感,材质手感好,不易沾指纹/不易显脏,轻薄便携,品牌可信/品质稳定,价格合适/性价比高,耐用不易坏,与平板搭配协调","防摔防磕/保护性强,轻薄便携,不易沾指纹/不易显脏,品牌可信/品质稳定,外观好看/有设计感,与平板搭配协调,耐用不易坏,材质手感好,价格合适/性价比高",200元及以上,肯定会,我已认真阅读,购买意愿: [肯定会购买],吸引力: [非常吸引],"保护性较好,外观看起来简洁,品牌/品质感较好",我已认真阅读,购买意愿: [可能会购买],四角气囊防护外显: [比较吸引];侧面直取笔槽: [比较吸引];更丰富、更个性化的配色选择: [比较吸引],愿意多付11-15元,可能会购买,可能会购买,可能会购买,-,-,颜色,我已认真阅读,购买意愿: [可能会购买],光栅纹理背板的视觉效果: [比较吸引];微磨砂质感: [比较吸引];相比普通光面背板更不易沾指纹: [比较吸引];整体看起来更特别/更有设计感: [比较吸引],愿意多付11-15元,可能会购买,可能会购买,可能会购买,-,-,颜色,11.8s,两款都可以，没有明显偏好,颜色,经常会,女,25-30岁,企业职员,三线,低,"已婚,装修期",浙江省,嘉兴市
156,是,88902221,726476,1024659,"室内绿植/花卉,鼠标/机械键盘,平板电脑保护套/壳,平板电脑,洗面奶/洁面乳,贴片面膜,智能手表/手环,洗衣液/洗衣凝珠,手机充电线/数据线,运动鞋,T恤/裙子,无线蓝牙耳机,抽纸/卷纸,手机壳,薯片/膨化食品,奶茶/咖啡,手机贴膜,充电宝/移动电源,桌面收纳",近12个月内,150–199元,完全由我自己决定购买哪个品牌和产品,Apple（苹果）,以上均无,均未参加过,本科,"旋转可拆分磁吸保护套,键盘保护套","防摔防磕/保护性强,颜色选择丰富,品牌可信/品质稳定,轻薄便携,材质手感好,支架稳定/角度好用,外观好看/有设计感","轻薄便携,颜色选择丰富,材质手感好,支架稳定/角度好用,品牌可信/品质稳定,防摔防磕/保护性强,外观好看/有设计感",150-199元,可能会,我已认真阅读,购买意愿: [可能会购买],吸引力: [比较吸引],"可旋转使用,磁吸拆分方便,外观看起来简洁,品牌/品质感较好",我已认真阅读,购买意愿: [肯定会购买],四角气囊防护外显: [非常吸引];侧面直取笔槽: [非常吸引];更丰富、更个性化的配色选择: [非常吸引],愿意多付16-20元,可能会购买,可能会购买,可能会购买,-,-,外观好,我已认真阅读,购买意愿: [可能会购买],光栅纹理背板的视觉效果: [比较吸引];微磨砂质感: [比较吸引];相比普通光面背板更不易沾指纹: [比较吸引];整体看起来更特别/更有设计感: [比较吸引],愿意多付11-15元,可能会购买,可能会购买,说不清,-,-,价贵了,24.37s,升级光面款,适合,经常会,女,31-35岁,企业职员,一线,低,未知,上海,上海市
157,是,88902224,726476,1024659,"手机贴膜,手机充电线/数据线,平板电脑,T恤/裙子,智能手表/手环,运动鞋,洗面奶/洁面乳,奶茶/咖啡,充电宝/移动电源,鼠标/机械键盘,手机壳,室内绿植/花卉,无线蓝牙耳机,洗衣液/洗衣凝珠,抽纸/卷纸,贴片面膜,桌面收纳,平板电脑保护套/壳,薯片/膨化食品",近12个月内,200元及以上,完全由我自己决定购买哪个品牌和产品,Apple（苹果）,以上均无,均未参加过,本科,"单壳（不带盖板）保护套,旋转可拆分磁吸保护套,键盘保护套,透明/半透明保护壳,普通翻盖保护套,磁吸不可拆分保护套,带笔槽保护套","防摔防磕/保护性强,支架稳定/角度好用,触控笔收纳和拿取方便,不易沾指纹/不易显脏,外观好看/有设计感,材质手感好,颜色选择丰富,品牌可信/品质稳定,轻薄便携,价格合适/性价比高,耐用不易坏,与平板搭配协调","防摔防磕/保护性强,不易沾指纹/不易显脏,触控笔收纳和拿取方便,材质手感好,外观好看/有设计感,与平板搭配协调,颜色选择丰富,品牌可信/品质稳定,耐用不易坏,支架稳定/角度好用,价格合适/性价比高,轻薄便携",200元及以上,肯定会,我已认真阅读,购买意愿: [肯定会购买],吸引力: [非常吸引],"可旋转使用,磁吸拆分方便,支撑看剧/学习/办公,外观看起来简洁,价格合适,保护性较好,品牌/品质感较好",我已认真阅读,购买意愿: [肯定会购买],四角气囊防护外显: [非常吸引];侧面直取笔槽: [非常吸引];更丰富、更个性化的配色选择: [非常吸引],愿意多付21元及以上,肯定会购买,肯定会购买,肯定会购买,-,-,防护更加安全配色更美观更加方便实用便携外观设计元素好日常使用很方便愿意多付钱,我已认真阅读,购买意愿: [肯定会购买],光栅纹理背板的视觉效果: [非常吸引];微磨砂质感: [非常吸引];相比普通光面背板更不易沾指纹: [非常吸引];整体看起来更特别/更有设计感: [非常吸引],愿意多付21元及以上,肯定会购买,肯定会购买,肯定会购买,-,-,外观设计很时尚而且防指纹颜色很耐看质感也很好所以我愿意加钱,37.87s,光栅款,价格实惠外观设计好看材质耐用防护更加安全使用更加便携所以我愿意选这个,经常会,女,25-30岁,企业职员,六线,低,单身,江西省,抚州市
158,是,88902229,726476,1024659,"桌面收纳,室内绿植/花卉,薯片/膨化食品,洗面奶/洁面乳,充电宝/移动电源,无线蓝牙耳机,平板电脑,运动鞋,智能手表/手环,T恤/裙子,奶茶/咖啡,鼠标/机械键盘,抽纸/卷纸,洗衣液/洗衣凝珠,手机壳,贴片面膜,平板电脑保护套/壳,手机贴膜,手机充电线/数据线",近12个月内,100–119元,完全由我自己决定购买哪个品牌和产品,Apple（苹果）,以上均无,均未参加过,本科,"单壳（不带盖板）保护套,普通翻盖保护套,磁吸不可拆分保护套,带笔槽保护套,键盘保护套","防摔防磕/保护性强,触控笔收纳和拿取方便,不易沾指纹/不易显脏,外观好看/有设计感,轻薄便携,品牌可信/品质稳定,耐用不易坏,与平板搭配协调","防摔防磕/保护性强,外观好看/有设计感,品牌可信/品质稳定,与平板搭配协调,触控笔收纳和拿取方便,耐用不易坏,不易沾指纹/不易显脏,轻薄便携",120-149元,肯定会,我已认真阅读,购买意愿: [可能会购买],吸引力: [比较吸引],"可旋转使用,磁吸拆分方便,外观看起来简洁,品牌/品质感较好",我已认真阅读,购买意愿: [肯定会购买],四角气囊防护外显: [非常吸引];侧面直取笔槽: [非常吸引];更丰富、更个性化的配色选择: [非常吸引],愿意多付11-15元,肯定会购买,肯定会购买,可能会购买,-,-,市面上同款式的价格太多啦，价格比较卷，有时候低价格就能选到一款不错的保护壳。,我已认真阅读,购买意愿: [肯定会购买],光栅纹理背板的视觉效果: [非常吸引];微磨砂质感: [非常吸引];相比普通光面背板更不易沾指纹: [非常吸引];整体看起来更特别/更有设计感: [非常吸引],愿意多付16-20元,肯定会购买,肯定会购买,肯定会购买,-,-,颜色蛮吸引我的，而且需要的功能都有，比较符合我的需求。,34.27s,光栅款,有光栅的这款明显质感好一些，价格也没有多出很多，所以相比较起来，更喜欢光栅这款。,经常会,女,25-30岁,专业人士,四线,偏低,未知,安徽省,马鞍山市
159,是,88902249,726476,1024659,"手机壳,平板电脑,T恤/裙子,无线蓝牙耳机,手机贴膜,洗衣液/洗衣凝珠,充电宝/移动电源,抽纸/卷纸,洗面奶/洁面乳,奶茶/咖啡,运动鞋,平板电脑保护套/壳,室内绿植/花卉,手机充电线/数据线,智能手表/手环,薯片/膨化食品",近12个月内,150–199元,完全由我自己决定购买哪个品牌和产品,Apple（苹果）,以上均无,均未参加过,本科,磁吸不可拆分保护套,"防摔防磕/保护性强,支架稳定/角度好用,材质手感好,不易沾指纹/不易显脏,价格合适/性价比高,耐用不易坏","防摔防磕/保护性强,不易沾指纹/不易显脏,耐用不易坏,材质手感好,支架稳定/角度好用,价格合适/性价比高",150-199元,肯定会,我已认真阅读,购买意愿: [肯定会购买],吸引力: [非常吸引],"可旋转使用,磁吸拆分方便,品牌/品质感较好,保护性较好",我已认真阅读,购买意愿: [可能会购买],四角气囊防护外显: [非常吸引];侧面直取笔槽: [比较吸引];更丰富、更个性化的配色选择: [比较吸引],愿意多付16-20元,肯定会购买,肯定会购买,可能会购买,-,-,保护性好配色多能有很多选择,我已认真阅读,购买意愿: [可能会购买],光栅纹理背板的视觉效果: [非常吸引];微磨砂质感: [比较吸引];相比普通光面背板更不易沾指纹: [非常吸引];整体看起来更特别/更有设计感: [一般],愿意多付16-20元,肯定会购买,肯定会购买,可能会购买,-,-,我愿意多付钱为光山背板因为呢他提升了一些抗指纹呢还有些手感方面的问题这是我需要的,22.15s,光栅款,材质更好防指纹不吸汗还有外观方面比较吸引,有时会,女,25-30岁,企业职员,五线,低,未知,广东省,清远市
160,是,88902261,726476,1024659,"贴片面膜,薯片/膨化食品,充电宝/移动电源,手机充电线/数据线,洗衣液/洗衣凝珠,无线蓝牙耳机,洗面奶/洁面乳,运动鞋,奶茶/咖啡,平板电脑保护套/壳,平板电脑,桌面收纳,抽纸/卷纸,智能手表/手环,T恤/裙子,手机壳,手机贴膜,鼠标/机械键盘",近12个月内,100–119元,完全由我自己决定购买哪个品牌和产品,Apple（苹果）,以上均无,均未参加过,本科,"单壳（不带盖板）保护套,磁吸不可拆分保护套,透明/半透明保护壳","颜色选择丰富,轻薄便携,触控笔收纳和拿取方便,材质手感好,外观好看/有设计感","外观好看/有设计感,材质手感好,颜色选择丰富,轻薄便携,触控笔收纳和拿取方便",120-149元,可能会,我已认真阅读,购买意愿: [可能会购买],吸引力: [比较吸引],"保护性较好,磁吸拆分方便,外观看起来简洁",我已认真阅读,购买意愿: [可能会购买],四角气囊防护外显: [比较吸引];侧面直取笔槽: [比较吸引];更丰富、更个性化的配色选择: [非常吸引],愿意多付16-20元,可能会购买,可能会购买,肯定会购买,-,-,非常适合我,我已认真阅读,购买意愿: [可能会购买],光栅纹理背板的视觉效果: [比较吸引];相比普通光面背板更不易沾指纹: [非常吸引];微磨砂质感: [比较吸引];整体看起来更特别/更有设计感: [比较吸引],愿意多付16-20元,可能会购买,可能会购买,肯定会购买,-,-,材质好,5.59s,光栅款,适合我 防摔,有时会,女,25-30岁,企业职员,二线,中等,恋爱期,浙江省,宁波市
161,是,88902323,726476,1024659,"奶茶/咖啡,抽纸/卷纸,无线蓝牙耳机,手机贴膜,桌面收纳,智能手表/手环,手机壳,洗面奶/洁面乳,T恤/裙子,薯片/膨化食品,平板电脑,贴片面膜,手机充电线/数据线,平板电脑保护套/壳,运动鞋,室内绿植/花卉,洗衣液/洗衣凝珠,充电宝/移动电源,鼠标/机械键盘",近12个月内,120–149元,完全由我自己决定购买哪个品牌和产品,Apple（苹果）,以上均无,均未参加过,本科,"旋转可拆分磁吸保护套,带笔槽保护套,键盘保护套","防摔防磕/保护性强,触控笔收纳和拿取方便,材质手感好,外观好看/有设计感,品牌可信/品质稳定,与平板搭配协调,价格合适/性价比高,轻薄便携,不易沾指纹/不易显脏,支架稳定/角度好用,颜色选择丰富,耐用不易坏","材质手感好,外观好看/有设计感,品牌可信/品质稳定,防摔防磕/保护性强,与平板搭配协调,触控笔收纳和拿取方便,价格合适/性价比高,轻薄便携,不易沾指纹/不易显脏,支架稳定/角度好用,颜色选择丰富,耐用不易坏",150-199元,肯定会,我已认真阅读,购买意愿: [肯定会购买],吸引力: [非常吸引],"可旋转使用,支撑看剧/学习/办公,保护性较好,品牌/品质感较好,外观看起来简洁",我已认真阅读,购买意愿: [肯定会购买],四角气囊防护外显: [非常吸引];侧面直取笔槽: [非常吸引];更丰富、更个性化的配色选择: [非常吸引],愿意多付21元及以上,肯定会购买,肯定会购买,肯定会购买,-,-,防护效果很好，颜值高，使用起来很方便,我已认真阅读,购买意愿: [肯定会购买],光栅纹理背板的视觉效果: [非常吸引];微磨砂质感: [非常吸引];相比普通光面背板更不易沾指纹: [非常吸引];整体看起来更特别/更有设计感: [非常吸引],愿意多付16-20元,肯定会购买,肯定会购买,肯定会购买,-,-,这个功能可有可无,27.87s,升级光面款,颜值更高，使用起来更便利，磨损没那么快,经常会,女,31-35岁,自由职业/个体经营,六线,偏低,未知,广东省,梅州市
162,是,88902333,726476,1024659,"平板电脑,无线蓝牙耳机,洗衣液/洗衣凝珠,抽纸/卷纸,奶茶/咖啡,桌面收纳,充电宝/移动电源,手机充电线/数据线,平板电脑保护套/壳",近12个月内,100–119元,完全由我自己决定购买哪个品牌和产品,Apple（苹果）,以上均无,均未参加过,本科,磁吸不可拆分保护套,"防摔防磕/保护性强,材质手感好,支架稳定/角度好用,轻薄便携,不易沾指纹/不易显脏,品牌可信/品质稳定,与平板搭配协调","防摔防磕/保护性强,与平板搭配协调,品牌可信/品质稳定,轻薄便携,材质手感好,不易沾指纹/不易显脏,支架稳定/角度好用",100-119元,可能会,我已认真阅读,购买意愿: [肯定会购买],吸引力: [非常吸引],"可旋转使用,磁吸拆分方便,保护性较好,品牌/品质感较好",我已认真阅读,购买意愿: [肯定会购买],四角气囊防护外显: [非常吸引];侧面直取笔槽: [非常吸引];更丰富、更个性化的配色选择: [非常吸引],愿意多付6-10元,肯定会购买,可能会购买,说不清,-,-,升级点没有太吸引我,我已认真阅读,购买意愿: [肯定会购买],光栅纹理背板的视觉效果: [非常吸引];微磨砂质感: [非常吸引];相比普通光面背板更不易沾指纹: [非常吸引];整体看起来更特别/更有设计感: [非常吸引],愿意多付6-10元,肯定会购买,可能会购买,说不清,-,-,并没有增加外壳的保护功能,10.38s,两款都可以，没有明显偏好,外观上的升级没有那么重要,有时会,女,31-35岁,专业人士,二线,低,未知,江苏省,无锡市
163,是,88902354,726476,1024659,"充电宝/移动电源,桌面收纳,平板电脑,手机壳,平板电脑保护套/壳,手机充电线/数据线,鼠标/机械键盘,奶茶/咖啡,运动鞋,贴片面膜,室内绿植/花卉,无线蓝牙耳机,抽纸/卷纸,T恤/裙子,洗面奶/洁面乳",近12个月内,150–199元,完全由我自己决定购买哪个品牌和产品,Apple（苹果）,以上均无,均未参加过,本科,"键盘保护套,普通翻盖保护套","防摔防磕/保护性强,外观好看/有设计感,轻薄便携,与平板搭配协调","轻薄便携,防摔防磕/保护性强,外观好看/有设计感,与平板搭配协调",150-199元,可能会,我已认真阅读,购买意愿: [可能会购买],吸引力: [比较吸引],"外观看起来简洁,品牌/品质感较好",我已认真阅读,购买意愿: [说不清],四角气囊防护外显: [一般];侧面直取笔槽: [比较吸引];更丰富、更个性化的配色选择: [一般],愿意多付5元以内,说不清,-,-,可能会购买,-,喜欢就买,我已认真阅读,购买意愿: [可能会购买],光栅纹理背板的视觉效果: [比较吸引];微磨砂质感: [比较吸引];相比普通光面背板更不易沾指纹: [一般];整体看起来更特别/更有设计感: [比较吸引],愿意多付6-10元,可能会购买,说不清,-,-,-,喜欢的就可以,10.94s,两款都可以，没有明显偏好,没什么特别的,有时会,女,36-40岁,专业人士,一线,偏高,"已婚,育婴期,已育",上海,上海市
164,是,88902360,726476,1024659,"手机贴膜,洗衣液/洗衣凝珠,贴片面膜,智能手表/手环,鼠标/机械键盘,T恤/裙子,抽纸/卷纸,薯片/膨化食品,手机壳,平板电脑,室内绿植/花卉,充电宝/移动电源,桌面收纳,手机充电线/数据线,无线蓝牙耳机,平板电脑保护套/壳,奶茶/咖啡,运动鞋,洗面奶/洁面乳",近12个月内,100–119元,完全由我自己决定购买哪个品牌和产品,Apple（苹果）,以上均无,均未参加过,本科,键盘保护套,"支架稳定/角度好用,防摔防磕/保护性强,材质手感好,外观好看/有设计感,颜色选择丰富,轻薄便携,品牌可信/品质稳定,价格合适/性价比高,耐用不易坏,不易沾指纹/不易显脏","支架稳定/角度好用,材质手感好,外观好看/有设计感,防摔防磕/保护性强,价格合适/性价比高,不易沾指纹/不易显脏,轻薄便携,品牌可信/品质稳定,耐用不易坏,颜色选择丰富",100-119元,可能会,我已认真阅读,购买意愿: [肯定会购买],吸引力: [非常吸引],"可旋转使用,磁吸拆分方便,支撑看剧/学习/办公,价格合适,外观看起来简洁,保护性较好,品牌/品质感较好",我已认真阅读,购买意愿: [可能会购买],四角气囊防护外显: [比较吸引];侧面直取笔槽: [比较吸引];更丰富、更个性化的配色选择: [比较吸引],愿意多付5元以内,可能会购买,可能会购买,可能不会购买,-,-,愿意为高防护性、便利性、外观多付钱，不愿意为多配色付钱,我已认真阅读,购买意愿: [肯定会购买],光栅纹理背板的视觉效果: [非常吸引];微磨砂质感: [非常吸引];相比普通光面背板更不易沾指纹: [非常吸引];整体看起来更特别/更有设计感: [非常吸引],愿意多付11-15元,肯定会购买,可能会购买,说不清,-,-,愿意为这款光栅背板的外观、质感、防指纹多付钱,33.84s,光栅款,更喜欢光栅款的外观设计,有时会,男,31-35岁,企业职员,三线,偏高,"单身,已有房,已有车",浙江省,舟山市
165,是,88902361,726476,1024659,"智能手表/手环,薯片/膨化食品,手机贴膜,平板电脑,平板电脑保护套/壳,桌面收纳,充电宝/移动电源,抽纸/卷纸,手机充电线/数据线,奶茶/咖啡,贴片面膜,T恤/裙子,无线蓝牙耳机,运动鞋,洗面奶/洁面乳,洗衣液/洗衣凝珠,鼠标/机械键盘,手机壳",近12个月内,200元及以上,完全由我自己决定购买哪个品牌和产品,Apple（苹果）,以上均无,均未参加过,本科,"旋转可拆分磁吸保护套,键盘保护套","防摔防磕/保护性强,价格合适/性价比高,品牌可信/品质稳定,支架稳定/角度好用,材质手感好","防摔防磕/保护性强,材质手感好,价格合适/性价比高,品牌可信/品质稳定,支架稳定/角度好用",200元及以上,可能会,我已认真阅读,购买意愿: [肯定会购买],吸引力: [比较吸引],"价格合适,外观看起来简洁,品牌/品质感较好,可旋转使用,支撑看剧/学习/办公,磁吸拆分方便",我已认真阅读,购买意愿: [可能会购买],四角气囊防护外显: [非常吸引];侧面直取笔槽: [比较吸引];更丰富、更个性化的配色选择: [非常吸引],愿意多付21元及以上,可能会购买,可能会购买,肯定会购买,-,-,防护效果好，磁吸，可拆分,我已认真阅读,购买意愿: [可能会购买],光栅纹理背板的视觉效果: [非常吸引];微磨砂质感: [比较吸引];相比普通光面背板更不易沾指纹: [比较吸引];整体看起来更特别/更有设计感: [非常吸引],愿意多付16-20元,肯定会购买,可能会购买,可能会购买,-,-,全方位防护，防震,15.03s,光栅款,外光更加好看,有时会,女,25-30岁,企业职员,三线,低,未知,福建省,厦门市
166,是,88902362,726476,1024659,"贴片面膜,桌面收纳,平板电脑,T恤/裙子,充电宝/移动电源,洗衣液/洗衣凝珠,运动鞋,手机充电线/数据线,奶茶/咖啡,无线蓝牙耳机,平板电脑保护套/壳,抽纸/卷纸,室内绿植/花卉,洗面奶/洁面乳,手机壳,手机贴膜,薯片/膨化食品",近12个月内,120–149元,完全由我自己决定购买哪个品牌和产品,Apple（苹果）,以上均无,均未参加过,本科,"普通翻盖保护套,磁吸不可拆分保护套,键盘保护套","防摔防磕/保护性强,支架稳定/角度好用,不易沾指纹/不易显脏,品牌可信/品质稳定,耐用不易坏,与平板搭配协调,价格合适/性价比高,材质手感好,外观好看/有设计感,轻薄便携","防摔防磕/保护性强,耐用不易坏,支架稳定/角度好用,轻薄便携,品牌可信/品质稳定,材质手感好,不易沾指纹/不易显脏,价格合适/性价比高,外观好看/有设计感,与平板搭配协调",120-149元,肯定会,我已认真阅读,购买意愿: [可能会购买],吸引力: [非常吸引],"保护性较好,可旋转使用,磁吸拆分方便,支撑看剧/学习/办公,价格合适,品牌/品质感较好",我已认真阅读,购买意愿: [可能会购买],四角气囊防护外显: [非常吸引];侧面直取笔槽: [比较吸引];更丰富、更个性化的配色选择: [比较吸引],愿意多付11-15元,可能会购买,可能会购买,说不清,-,-,防护的更好愿意多付，其他的只要够用就好,我已认真阅读,购买意愿: [可能会购买],光栅纹理背板的视觉效果: [比较吸引];微磨砂质感: [比较吸引];相比普通光面背板更不易沾指纹: [比较吸引];整体看起来更特别/更有设计感: [比较吸引],愿意多付6-10元,可能会购买,可能会购买,说不清,-,-,其实我觉得这些功能不是太吸引我,26.18s,升级光面款,价格合适，光栅款大概要贵一些,有时会,女,25-30岁,企业职员,二线,低,"单身,育婴期,已有房,已有车",山东省,青岛市
167,是,88902368,726476,1024659,"手机壳,智能手表/手环,奶茶/咖啡,洗面奶/洁面乳,T恤/裙子,鼠标/机械键盘,洗衣液/洗衣凝珠,贴片面膜,手机贴膜,平板电脑,薯片/膨化食品,平板电脑保护套/壳,手机充电线/数据线,充电宝/移动电源",近12个月内,120–149元,完全由我自己决定购买哪个品牌和产品,Apple（苹果）,以上均无,均未参加过,本科,"普通翻盖保护套,单壳（不带盖板）保护套,磁吸不可拆分保护套,旋转可拆分磁吸保护套,键盘保护套,透明/半透明保护壳","材质手感好,价格合适/性价比高,不易沾指纹/不易显脏,防摔防磕/保护性强,品牌可信/品质稳定,耐用不易坏","价格合适/性价比高,耐用不易坏,不易沾指纹/不易显脏,材质手感好,防摔防磕/保护性强,品牌可信/品质稳定",120-149元,肯定会,我已认真阅读,购买意愿: [肯定会购买],吸引力: [非常吸引],"可旋转使用,价格合适,品牌/品质感较好,支撑看剧/学习/办公",我已认真阅读,购买意愿: [肯定会购买],四角气囊防护外显: [非常吸引];侧面直取笔槽: [非常吸引];更丰富、更个性化的配色选择: [非常吸引],愿意多付21元及以上,肯定会购买,肯定会购买,肯定会购买,-,-,感觉产品比较好，比较新颖，非常符合我的需求,我已认真阅读,购买意愿: [肯定会购买],光栅纹理背板的视觉效果: [非常吸引];微磨砂质感: [非常吸引];相比普通光面背板更不易沾指纹: [非常吸引];整体看起来更特别/更有设计感: [非常吸引],愿意多付21元及以上,肯定会购买,肯定会购买,肯定会购买,-,-,感觉不太符合我的需求,2.17s,两款都可以，没有明显偏好,外观好看，材质好,有时会,女,25-30岁,专业人士,四线,偏低,"准备结婚期,育婴期,已育",山东省,淄博市
168,是,88902392,726476,1024659,"充电宝/移动电源,室内绿植/花卉,运动鞋,手机壳,平板电脑保护套/壳,洗面奶/洁面乳,抽纸/卷纸,薯片/膨化食品,奶茶/咖啡,手机贴膜,智能手表/手环,洗衣液/洗衣凝珠,贴片面膜,手机充电线/数据线,T恤/裙子,平板电脑,无线蓝牙耳机",近12个月内,100–119元,完全由我自己决定购买哪个品牌和产品,Apple（苹果）,以上均无,均未参加过,本科,"普通翻盖保护套,磁吸不可拆分保护套","防摔防磕/保护性强,耐用不易坏,支架稳定/角度好用,材质手感好","防摔防磕/保护性强,耐用不易坏,支架稳定/角度好用,材质手感好",100-119元,可能会,我已认真阅读,购买意愿: [可能会购买],吸引力: [比较吸引],"可旋转使用,支撑看剧/学习/办公,保护性较好",我已认真阅读,购买意愿: [可能会购买],四角气囊防护外显: [非常吸引];侧面直取笔槽: [一般];更丰富、更个性化的配色选择: [比较吸引],愿意多付6-10元,可能会购买,可能会购买,说不清,-,-,颜色特别。可以放笔,我已认真阅读,购买意愿: [说不清],光栅纹理背板的视觉效果: [一般];微磨砂质感: [比较吸引];相比普通光面背板更不易沾指纹: [非常吸引];整体看起来更特别/更有设计感: [比较吸引],愿意多付11-15元,说不清,-,-,可能会购买,-,防指纹,10.61s,两款都可以，没有明显偏好,价格合适,有时会,女,31-35岁,企业职员,二线,偏高,"已婚,已育,已有车",广东省,东莞市
169,是,88902394,726476,1024659,"室内绿植/花卉,智能手表/手环,贴片面膜,充电宝/移动电源,奶茶/咖啡,桌面收纳,无线蓝牙耳机,抽纸/卷纸,薯片/膨化食品,运动鞋,鼠标/机械键盘,洗面奶/洁面乳,T恤/裙子,手机贴膜,洗衣液/洗衣凝珠,平板电脑保护套/壳,手机充电线/数据线,平板电脑",近12个月内,120–149元,完全由我自己决定购买哪个品牌和产品,Apple（苹果）,以上均无,均未参加过,本科,磁吸不可拆分保护套,"防摔防磕/保护性强,支架稳定/角度好用,材质手感好","防摔防磕/保护性强,支架稳定/角度好用,材质手感好",120-149元,可能会,我已认真阅读,购买意愿: [可能会购买],吸引力: [比较吸引],"支撑看剧/学习/办公,磁吸拆分方便,可旋转使用,外观看起来简洁",我已认真阅读,购买意愿: [可能会购买],四角气囊防护外显: [比较吸引];侧面直取笔槽: [一般];更丰富、更个性化的配色选择: [比较吸引],愿意多付16-20元,可能会购买,说不清,-,-,-,功能的确有升级,我已认真阅读,购买意愿: [可能会购买],光栅纹理背板的视觉效果: [比较吸引];微磨砂质感: [比较吸引];相比普通光面背板更不易沾指纹: [比较吸引];整体看起来更特别/更有设计感: [比较吸引],愿意多付11-15元,可能会购买,说不清,-,-,-,手感更好,10.48s,光栅款,手感更好 更高级,有时会,女,31-35岁,企业职员,一线,低,"已婚,已育,已有房",广东省,广州市
170,是,88902408,726476,1024659,"手机贴膜,平板电脑保护套/壳,手机充电线/数据线,手机壳,充电宝/移动电源,无线蓝牙耳机",近12个月内,120–149元,完全由我自己决定购买哪个品牌和产品,Apple（苹果）,教育/培训/科研,均未参加过,本科,旋转可拆分磁吸保护套,"防摔防磕/保护性强,支架稳定/角度好用,外观好看/有设计感,品牌可信/品质稳定,价格合适/性价比高","防摔防磕/保护性强,支架稳定/角度好用,品牌可信/品质稳定,外观好看/有设计感,价格合适/性价比高",120-149元,可能会,我已认真阅读,购买意愿: [可能会购买],吸引力: [比较吸引],"磁吸拆分方便,支撑看剧/学习/办公,保护性较好,品牌/品质感较好",我已认真阅读,购买意愿: [可能会购买],四角气囊防护外显: [比较吸引];侧面直取笔槽: [非常吸引];更丰富、更个性化的配色选择: [非常吸引],愿意多付11-15元,可能会购买,可能会购买,可能会购买,-,-,愿意，价格高功能多喜欢,我已认真阅读,购买意愿: [可能会购买],光栅纹理背板的视觉效果: [非常吸引];微磨砂质感: [比较吸引];相比普通光面背板更不易沾指纹: [非常吸引];整体看起来更特别/更有设计感: [非常吸引],愿意多付16-20元,可能会购买,可能会购买,可能会购买,-,-,一直觉得价位决定质量，外观好看质感好就想买,42.7s,光栅款,不易打滑，不占手，更有质感，性价比高,经常会,女,31-35岁,专业人士,四线,低,未知,河南省,焦作市
171,是,88902421,726476,1024659,"无线蓝牙耳机,手机贴膜,运动鞋,手机壳,洗面奶/洁面乳,平板电脑,充电宝/移动电源,抽纸/卷纸,贴片面膜,奶茶/咖啡,智能手表/手环,薯片/膨化食品,平板电脑保护套/壳,手机充电线/数据线,洗衣液/洗衣凝珠,T恤/裙子",近12个月内,120–149元,完全由我自己决定购买哪个品牌和产品,Apple（苹果）,以上均无,均未参加过,本科,"普通翻盖保护套,磁吸不可拆分保护套,带笔槽保护套","防摔防磕/保护性强,耐用不易坏,外观好看/有设计感,支架稳定/角度好用,材质手感好,价格合适/性价比高","防摔防磕/保护性强,价格合适/性价比高,支架稳定/角度好用,耐用不易坏,材质手感好,外观好看/有设计感",120-149元,肯定会,我已认真阅读,购买意愿: [肯定会购买],吸引力: [非常吸引],"可旋转使用,磁吸拆分方便,支撑看剧/学习/办公,价格合适,保护性较好",我已认真阅读,购买意愿: [肯定会购买],四角气囊防护外显: [非常吸引];侧面直取笔槽: [比较吸引];更丰富、更个性化的配色选择: [一般],愿意多付11-15元,肯定会购买,可能会购买,说不清,-,-,感觉性价比不是特别高 注重性价比,我已认真阅读,购买意愿: [肯定会购买],光栅纹理背板的视觉效果: [非常吸引];微磨砂质感: [一般];相比普通光面背板更不易沾指纹: [一般];整体看起来更特别/更有设计感: [比较吸引],愿意多付6-10元,肯定会购买,可能会购买,说不清,-,-,我比较看重性价比,9.22s,两款都可以，没有明显偏好,我觉得在能保护平板的情况下 性价比高才是我的选择,很少会,女,25-30岁,学生,一线,中等,"已婚,已育",广东省,广州市
172,是,88902446,726476,1024659,"平板电脑保护套/壳,手机充电线/数据线,贴片面膜,手机壳,充电宝/移动电源,智能手表/手环",近12个月内,120–149元,完全由我自己决定购买哪个品牌和产品,Apple（苹果）,以上均无,均未参加过,本科,带笔槽保护套,"防摔防磕/保护性强,支架稳定/角度好用,触控笔收纳和拿取方便,外观好看/有设计感,耐用不易坏","防摔防磕/保护性强,耐用不易坏,支架稳定/角度好用,外观好看/有设计感,触控笔收纳和拿取方便",120-149元,肯定会,我已认真阅读,购买意愿: [肯定会购买],吸引力: [非常吸引],"磁吸拆分方便,支撑看剧/学习/办公,可旋转使用",我已认真阅读,购买意愿: [肯定会购买],四角气囊防护外显: [非常吸引];侧面直取笔槽: [非常吸引];更丰富、更个性化的配色选择: [非常吸引],愿意多付16-20元,肯定会购买,肯定会购买,可能会购买,-,-,更能防护平板 装笔取笔方便,我已认真阅读,购买意愿: [肯定会购买],光栅纹理背板的视觉效果: [非常吸引];微磨砂质感: [非常吸引];相比普通光面背板更不易沾指纹: [非常吸引];整体看起来更特别/更有设计感: [非常吸引],愿意多付6-10元,肯定会购买,可能会购买,说不清,-,-,与自己平时生活习惯不相关,21.46s,升级光面款,个人喜欢,有时会,女,25-30岁,企业职员,四线,偏低,未知,湖南省,衡阳市
173,是,88902451,726476,1024659,"手机壳,充电宝/移动电源,智能手表/手环,室内绿植/花卉,无线蓝牙耳机,洗衣液/洗衣凝珠,运动鞋,薯片/膨化食品,奶茶/咖啡,T恤/裙子,抽纸/卷纸,手机充电线/数据线,平板电脑,平板电脑保护套/壳,鼠标/机械键盘,洗面奶/洁面乳,贴片面膜,桌面收纳,手机贴膜",近12个月内,100–119元,完全由我自己决定购买哪个品牌和产品,Apple（苹果）,以上均无,均未参加过,本科,磁吸不可拆分保护套,"防摔防磕/保护性强,轻薄便携,价格合适/性价比高","价格合适/性价比高,轻薄便携,防摔防磕/保护性强",120-149元,可能会,我已认真阅读,购买意愿: [可能会购买],吸引力: [比较吸引],"磁吸拆分方便,价格合适",我已认真阅读,购买意愿: [可能会购买],四角气囊防护外显: [比较吸引];侧面直取笔槽: [比较吸引];更丰富、更个性化的配色选择: [一般],愿意多付11-15元,可能会购买,说不清,-,-,-,外观不适合我,我已认真阅读,购买意愿: [可能会购买],光栅纹理背板的视觉效果: [比较吸引];微磨砂质感: [比较吸引];相比普通光面背板更不易沾指纹: [一般];整体看起来更特别/更有设计感: [一般],愿意多付6-10元,可能会购买,可能不会购买,-,-,-,价格不合适,5.13s,光栅款,价格合适，材质不错,有时会,男,31-35岁,自由职业/个体经营,四线,低,"恋爱期,育婴期,已有车",湖南省,衡阳市
174,是,88902461,726476,1024659,"平板电脑保护套/壳,平板电脑,手机壳",近12个月内,120–149元,完全由我自己决定购买哪个品牌和产品,Apple（苹果）,以上均无,均未参加过,本科,"透明/半透明保护壳,普通翻盖保护套,磁吸不可拆分保护套","支架稳定/角度好用,不易沾指纹/不易显脏,品牌可信/品质稳定,防摔防磕/保护性强,外观好看/有设计感,价格合适/性价比高,材质手感好","支架稳定/角度好用,防摔防磕/保护性强,价格合适/性价比高,不易沾指纹/不易显脏,材质手感好,品牌可信/品质稳定,外观好看/有设计感",120-149元,肯定会,我已认真阅读,购买意愿: [肯定会购买],吸引力: [非常吸引],"可旋转使用,价格合适,保护性较好,磁吸拆分方便,支撑看剧/学习/办公,外观看起来简洁,品牌/品质感较好",我已认真阅读,购买意愿: [肯定会购买],四角气囊防护外显: [非常吸引];更丰富、更个性化的配色选择: [比较吸引];侧面直取笔槽: [非常吸引],愿意多付21元及以上,肯定会购买,肯定会购买,肯定会购买,-,-,"第一，感觉更加保护平板，防护力加强
第二，外观颜值更高级了，配色护眼
第三，笔槽侧着放，感觉更方便放好",我已认真阅读,购买意愿: [肯定会购买],光栅纹理背板的视觉效果: [比较吸引];微磨砂质感: [非常吸引];相比普通光面背板更不易沾指纹: [非常吸引];整体看起来更特别/更有设计感: [非常吸引],愿意多付16-20元,肯定会购买,肯定会购买,可能会购买,-,-,感觉外观差不多，防指纹之前的也有，不算很特别,29.37s,光栅款,我更倾向光栅款。微磨砂光栅背板不易沾指纹，日常拿取不容易留印子，打理起来更省心；而且带纹理的背板在触感和视觉上更有层次，质感比普通光面款好，也不容易滑手，对我来说更实用。,经常会,女,25-30岁,企业职员,五线,低,未知,广东省,清远市
175,是,88902463,726476,1024659,"平板电脑,手机贴膜,平板电脑保护套/壳,洗面奶/洁面乳",近12个月内,120–149元,完全由我自己决定购买哪个品牌和产品,Apple（苹果）,以上均无,均未参加过,硕士及以上,"透明/半透明保护壳,旋转可拆分磁吸保护套","防摔防磕/保护性强,不易沾指纹/不易显脏,支架稳定/角度好用,材质手感好","材质手感好,防摔防磕/保护性强,支架稳定/角度好用,不易沾指纹/不易显脏",120-149元,肯定会,我已认真阅读,购买意愿: [肯定会购买],吸引力: [非常吸引],"可旋转使用,磁吸拆分方便,支撑看剧/学习/办公,保护性较好",我已认真阅读,购买意愿: [肯定会购买],四角气囊防护外显: [非常吸引];侧面直取笔槽: [非常吸引];更丰富、更个性化的配色选择: [非常吸引],愿意多付16-20元,肯定会购买,肯定会购买,肯定会购买,-,-,支撑能力好，质量也好,我已认真阅读,购买意愿: [肯定会购买],光栅纹理背板的视觉效果: [非常吸引];微磨砂质感: [非常吸引];相比普通光面背板更不易沾指纹: [非常吸引];整体看起来更特别/更有设计感: [非常吸引],愿意多付16-20元,肯定会购买,肯定会购买,肯定会购买,-,-,质感好，有耐用,11.38s,升级光面款,是我喜欢用，习惯性的用,经常会,女,25-30岁,其他,一线,中等,"已婚,已有车",上海,上海市
176,是,88902466,726476,1024659,"手机贴膜,T恤/裙子,洗衣液/洗衣凝珠,贴片面膜,平板电脑保护套/壳,鼠标/机械键盘,洗面奶/洁面乳,奶茶/咖啡,抽纸/卷纸,桌面收纳,手机壳,运动鞋,充电宝/移动电源,平板电脑,手机充电线/数据线,智能手表/手环,薯片/膨化食品",近12个月内,150–199元,完全由我自己决定购买哪个品牌和产品,Apple（苹果）,以上均无,均未参加过,本科,"旋转可拆分磁吸保护套,磁吸不可拆分保护套","防摔防磕/保护性强,支架稳定/角度好用,材质手感好,不易沾指纹/不易显脏,品牌可信/品质稳定,耐用不易坏,轻薄便携,与平板搭配协调","不易沾指纹/不易显脏,防摔防磕/保护性强,耐用不易坏,材质手感好,支架稳定/角度好用,轻薄便携,品牌可信/品质稳定,与平板搭配协调",200元及以上,说不清,我已认真阅读,购买意愿: [可能会购买],吸引力: [比较吸引],"磁吸拆分方便,可旋转使用,外观看起来简洁,支撑看剧/学习/办公,价格合适",我已认真阅读,购买意愿: [可能会购买],四角气囊防护外显: [非常吸引];侧面直取笔槽: [一般];更丰富、更个性化的配色选择: [非常吸引],愿意多付21元及以上,肯定会购买,肯定会购买,可能会购买,-,-,符合我的使用习惯，而且质感看着也不错。,我已认真阅读,购买意愿: [可能会购买],光栅纹理背板的视觉效果: [非常吸引];微磨砂质感: [比较吸引];相比普通光面背板更不易沾指纹: [非常吸引];整体看起来更特别/更有设计感: [比较吸引],愿意多付21元及以上,肯定会购买,可能会购买,说不清,-,-,光栅背板的性质能满足粘指纹减少的需求。,117.61s,光栅款,光栅管从质地上能规避指纹沾染的问题，比较满意。,经常会,女,31-35岁,企业职员,一线,低,"已婚,育婴期,已育,已有车",北京,北京市
177,是,88902471,726476,1024659,"洗衣液/洗衣凝珠,贴片面膜,鼠标/机械键盘,抽纸/卷纸,室内绿植/花卉,手机壳,手机充电线/数据线,充电宝/移动电源,洗面奶/洁面乳,智能手表/手环,奶茶/咖啡,平板电脑保护套/壳,T恤/裙子,无线蓝牙耳机,手机贴膜,平板电脑,桌面收纳,运动鞋,薯片/膨化食品",近12个月内,120–149元,完全由我自己决定购买哪个品牌和产品,Apple（苹果）,以上均无,均未参加过,本科,"带笔槽保护套,透明/半透明保护壳,磁吸不可拆分保护套","触控笔收纳和拿取方便,不易沾指纹/不易显脏,品牌可信/品质稳定,支架稳定/角度好用,外观好看/有设计感,轻薄便携","触控笔收纳和拿取方便,支架稳定/角度好用,不易沾指纹/不易显脏,外观好看/有设计感,品牌可信/品质稳定,轻薄便携",120-149元,可能会,我已认真阅读,购买意愿: [可能会购买],吸引力: [比较吸引],"磁吸拆分方便,支撑看剧/学习/办公,外观看起来简洁,保护性较好",我已认真阅读,购买意愿: [可能会购买],四角气囊防护外显: [比较吸引];侧面直取笔槽: [一般];更丰富、更个性化的配色选择: [比较吸引],愿意多付11-15元,可能会购买,说不清,-,-,-,质量造型价格,我已认真阅读,购买意愿: [可能会购买],光栅纹理背板的视觉效果: [比较吸引];相比普通光面背板更不易沾指纹: [比较吸引];微磨砂质感: [比较吸引];整体看起来更特别/更有设计感: [比较吸引],愿意多付11-15元,可能会购买,说不清,-,-,-,不吸引我。,3.67s,升级光面款,还行,有时会,女,25-30岁,自由职业/个体经营,五线,中等,"已婚,育婴期,已育,已有房,已有车",广东省,揭阳市
178,是,88902472,726476,1024659,"智能手表/手环,手机贴膜,手机充电线/数据线,平板电脑保护套/壳,薯片/膨化食品,充电宝/移动电源,运动鞋,手机壳,抽纸/卷纸,室内绿植/花卉,鼠标/机械键盘,洗面奶/洁面乳,桌面收纳,无线蓝牙耳机,洗衣液/洗衣凝珠,贴片面膜,T恤/裙子,平板电脑,奶茶/咖啡",近12个月内,100–119元,完全由我自己决定购买哪个品牌和产品,Apple（苹果）,以上均无,均未参加过,本科,"普通翻盖保护套,磁吸不可拆分保护套","防摔防磕/保护性强,支架稳定/角度好用,颜色选择丰富,价格合适/性价比高,与平板搭配协调","防摔防磕/保护性强,支架稳定/角度好用,与平板搭配协调,价格合适/性价比高,颜色选择丰富",100-119元,可能会,我已认真阅读,购买意愿: [可能会购买],吸引力: [比较吸引],"可旋转使用,磁吸拆分方便,价格合适,外观看起来简洁,保护性较好",我已认真阅读,购买意愿: [肯定会购买],四角气囊防护外显: [非常吸引];侧面直取笔槽: [非常吸引];更丰富、更个性化的配色选择: [非常吸引],愿意多付21元及以上,肯定会购买,肯定会购买,肯定会购买,-,-,保护性能更好,我已认真阅读,购买意愿: [可能会购买],光栅纹理背板的视觉效果: [一般];微磨砂质感: [一般];相比普通光面背板更不易沾指纹: [比较吸引];整体看起来更特别/更有设计感: [比较吸引],愿意多付16-20元,可能会购买,说不清,-,-,-,得看到实物,10.65s,升级光面款,价格更加美丽，安全也可以,经常会,女,25-30岁,企业职员,二线,偏低,"准备结婚期,已有车",广东省,东莞市
179,是,88902482,726476,1024659,"手机壳,智能手表/手环,平板电脑,手机充电线/数据线,手机贴膜,T恤/裙子,洗衣液/洗衣凝珠,抽纸/卷纸,洗面奶/洁面乳,鼠标/机械键盘,充电宝/移动电源,运动鞋,室内绿植/花卉,奶茶/咖啡,薯片/膨化食品,贴片面膜",近12个月内,50–79元,完全由我自己决定购买哪个品牌和产品,Apple（苹果）,以上均无,均未参加过,大专,普通翻盖保护套,"防摔防磕/保护性强,材质手感好,轻薄便携,与平板搭配协调,耐用不易坏","耐用不易坏,防摔防磕/保护性强,轻薄便携,与平板搭配协调,材质手感好",50-79元,肯定会,我已认真阅读,购买意愿: [说不清],吸引力: [一般],"价格合适,保护性较好,磁吸拆分方便",我已认真阅读,购买意愿: [可能会购买],四角气囊防护外显: [比较吸引];侧面直取笔槽: [比较吸引];更丰富、更个性化的配色选择: [一般],愿意多付16-20元,可能会购买,可能会购买,说不清,-,-,我觉得一般，不至于这个价格,我已认真阅读,购买意愿: [肯定会购买],光栅纹理背板的视觉效果: [非常吸引];微磨砂质感: [比较吸引];相比普通光面背板更不易沾指纹: [非常吸引];整体看起来更特别/更有设计感: [非常吸引],愿意多付16-20元,可能会购买,可能会购买,可能不会购买,-,-,太贵了,3.24s,光栅款,防指纹，比较有设计感,有时会,女,31-35岁,企业职员,二线,偏低,"已婚,育婴期,已育",浙江省,宁波市
180,是,88902508,726476,1024659,"贴片面膜,运动鞋,平板电脑,洗面奶/洁面乳,奶茶/咖啡,洗衣液/洗衣凝珠,智能手表/手环,无线蓝牙耳机,抽纸/卷纸,室内绿植/花卉,手机贴膜,薯片/膨化食品",近13-24个月内,120–149元,完全由我自己决定购买哪个品牌和产品,Apple（苹果）,以上均无,均未参加过,本科,磁吸不可拆分保护套,"防摔防磕/保护性强,材质手感好,品牌可信/品质稳定,触控笔收纳和拿取方便,支架稳定/角度好用,轻薄便携","防摔防磕/保护性强,轻薄便携,触控笔收纳和拿取方便,品牌可信/品质稳定,支架稳定/角度好用,材质手感好",120-149元,肯定会,我已认真阅读,购买意愿: [可能会购买],吸引力: [比较吸引],"磁吸拆分方便,价格合适,保护性较好",我已认真阅读,购买意愿: [肯定会购买],四角气囊防护外显: [非常吸引];侧面直取笔槽: [比较吸引];更丰富、更个性化的配色选择: [比较吸引],愿意多付16-20元,肯定会购买,肯定会购买,可能会购买,-,-,防摔看起来很靠谱，平常作为保护很心动让人,我已认真阅读,购买意愿: [可能会购买],光栅纹理背板的视觉效果: [比较吸引];相比普通光面背板更不易沾指纹: [比较吸引];微磨砂质感: [一般];整体看起来更特别/更有设计感: [一般],愿意多付11-15元,可能会购买,可能会购买,说不清,-,-,感觉没有太多的提升比起上一个,13.56s,光栅款,性价比看起来更高，功能也足够用,有时会,女,25-30岁,企业职员,二线,偏低,"单身,育婴期,已有车",湖北省,武汉市
181,是,88902519,726476,1024659,"平板电脑,室内绿植/花卉,洗衣液/洗衣凝珠,平板电脑保护套/壳,智能手表/手环,鼠标/机械键盘,运动鞋,奶茶/咖啡,薯片/膨化食品,抽纸/卷纸,无线蓝牙耳机,T恤/裙子,充电宝/移动电源",近12个月内,150–199元,完全由我自己决定购买哪个品牌和产品,Apple（苹果）,以上均无,均未参加过,硕士及以上,"键盘保护套,透明/半透明保护壳","防摔防磕/保护性强,支架稳定/角度好用,触控笔收纳和拿取方便,不易沾指纹/不易显脏,轻薄便携,耐用不易坏,与平板搭配协调","防摔防磕/保护性强,支架稳定/角度好用,与平板搭配协调,耐用不易坏,触控笔收纳和拿取方便,轻薄便携,不易沾指纹/不易显脏",100-119元,肯定会,我已认真阅读,购买意愿: [肯定会购买],吸引力: [非常吸引],"可旋转使用,磁吸拆分方便,支撑看剧/学习/办公,价格合适,外观看起来简洁,保护性较好",我已认真阅读,购买意愿: [肯定会购买],侧面直取笔槽: [非常吸引];四角气囊防护外显: [比较吸引];更丰富、更个性化的配色选择: [非常吸引],愿意多付16-20元,肯定会购买,可能会购买,可能会购买,-,-,我愿意多付钱，颜色好看，保护更好,我已认真阅读,购买意愿: [肯定会购买],光栅纹理背板的视觉效果: [比较吸引];微磨砂质感: [非常吸引];相比普通光面背板更不易沾指纹: [非常吸引];整体看起来更特别/更有设计感: [非常吸引],愿意多付11-15元,肯定会购买,可能会购买,说不清,-,-,觉得没有质的提升，对平板的更多保护有限,43.11s,光栅款,带纹理的光栅版手感更好，能防止指纹。如果同等价格，肯定选光栅版,经常会,女,25-30岁,企业职员,二线,偏低,"已婚,已有房,已有车",安徽省,合肥市
182,是,88902529,726476,1024659,"抽纸/卷纸,洗衣液/洗衣凝珠,智能手表/手环,薯片/膨化食品,平板电脑保护套/壳,运动鞋,T恤/裙子,奶茶/咖啡,充电宝/移动电源,桌面收纳,无线蓝牙耳机,平板电脑,手机充电线/数据线,鼠标/机械键盘,手机壳,洗面奶/洁面乳,手机贴膜",近12个月内,50–79元,完全由我自己决定购买哪个品牌和产品,Apple（苹果）,医疗/健康/生物制药,均未参加过,本科,"带笔槽保护套,旋转可拆分磁吸保护套,普通翻盖保护套","防摔防磕/保护性强,支架稳定/角度好用,品牌可信/品质稳定,触控笔收纳和拿取方便,轻薄便携,外观好看/有设计感,材质手感好,价格合适/性价比高,耐用不易坏","防摔防磕/保护性强,支架稳定/角度好用,品牌可信/品质稳定,材质手感好,轻薄便携,触控笔收纳和拿取方便,价格合适/性价比高,外观好看/有设计感,耐用不易坏",50-79元,肯定会,我已认真阅读,购买意愿: [可能会购买],吸引力: [非常吸引],"磁吸拆分方便,支撑看剧/学习/办公,可旋转使用,保护性较好",我已认真阅读,购买意愿: [可能会购买],四角气囊防护外显: [非常吸引];侧面直取笔槽: [比较吸引];更丰富、更个性化的配色选择: [比较吸引],愿意多付6-10元,可能会购买,可能会购买,说不清,-,-,"当然愿意
防护性更高愿意增加预算，也会为颜值买单",我已认真阅读,购买意愿: [可能会购买],光栅纹理背板的视觉效果: [比较吸引];微磨砂质感: [比较吸引];相比普通光面背板更不易沾指纹: [非常吸引];整体看起来更特别/更有设计感: [非常吸引],愿意多付6-10元,可能会购买,可能会购买,说不清,-,-,不沾指纹这一点非常吸引人 在颜值合理设计的情况下 愿意增加预算,32.67s,光栅款,"为颜值买单
为超强防护性买单
功能性便捷即可 大差不差",有时会,女,31-35岁,企业职员,二线,中等,"已婚,育婴期,已育,装修期,已有车",四川省,成都市
183,是,88902538,726476,1024659,"薯片/膨化食品,运动鞋,充电宝/移动电源,手机充电线/数据线,洗面奶/洁面乳,鼠标/机械键盘,室内绿植/花卉,洗衣液/洗衣凝珠,平板电脑,手机壳,无线蓝牙耳机,桌面收纳,T恤/裙子,贴片面膜,奶茶/咖啡,平板电脑保护套/壳,抽纸/卷纸,手机贴膜,智能手表/手环",近12个月内,80–99元,完全由我自己决定购买哪个品牌和产品,Apple（苹果）,以上均无,均未参加过,本科,"旋转可拆分磁吸保护套,带笔槽保护套","防摔防磕/保护性强,触控笔收纳和拿取方便,不易沾指纹/不易显脏,耐用不易坏,价格合适/性价比高,轻薄便携,支架稳定/角度好用","防摔防磕/保护性强,支架稳定/角度好用,不易沾指纹/不易显脏,价格合适/性价比高,触控笔收纳和拿取方便,耐用不易坏,轻薄便携",80-99元,可能会,我已认真阅读,购买意愿: [可能会购买],吸引力: [比较吸引],"可旋转使用,磁吸拆分方便,支撑看剧/学习/办公,保护性较好,外观看起来简洁",我已认真阅读,购买意愿: [肯定会购买],四角气囊防护外显: [非常吸引];侧面直取笔槽: [比较吸引];更丰富、更个性化的配色选择: [比较吸引],愿意多付11-15元,可能会购买,说不清,-,-,-,功能可能升级但与常规款也没有特别大的差距,我已认真阅读,购买意愿: [可能会购买],光栅纹理背板的视觉效果: [一般];微磨砂质感: [一般];相比普通光面背板更不易沾指纹: [比较吸引];整体看起来更特别/更有设计感: [一般],愿意多付5元以内,说不清,-,-,可能会购买,-,不是特别需要此类需求,13.54s,两款都可以，没有明显偏好,愿意选择性价比合适的功能差不多,有时会,女,25-30岁,企业职员,六线,中等,单身,湖南省,怀化市
184,是,88902545,726476,1024659,"T恤/裙子,手机充电线/数据线,平板电脑保护套/壳,手机壳,洗面奶/洁面乳,平板电脑",近12个月内,120–149元,完全由我自己决定购买哪个品牌和产品,Apple（苹果）,以上均无,均未参加过,本科,"单壳（不带盖板）保护套,普通翻盖保护套,键盘保护套","防摔防磕/保护性强,轻薄便携,价格合适/性价比高,不易沾指纹/不易显脏","防摔防磕/保护性强,轻薄便携,不易沾指纹/不易显脏,价格合适/性价比高",120-149元,肯定会,我已认真阅读,购买意愿: [可能会购买],吸引力: [比较吸引],"可旋转使用,支撑看剧/学习/办公,价格合适",我已认真阅读,购买意愿: [肯定会购买],四角气囊防护外显: [非常吸引];侧面直取笔槽: [非常吸引];更丰富、更个性化的配色选择: [比较吸引],愿意多付16-20元,肯定会购买,可能会购买,说不清,-,-,防护性更好，更好用，配色选择多,我已认真阅读,购买意愿: [肯定会购买],光栅纹理背板的视觉效果: [比较吸引];微磨砂质感: [比较吸引];相比普通光面背板更不易沾指纹: [比较吸引];整体看起来更特别/更有设计感: [比较吸引],愿意多付11-15元,肯定会购买,可能会购买,说不清,-,-,更美观，更有手感,18.58s,光栅款,更防滑，手感更加好,经常会,女,25-30岁,企业职员,三线,低,"已婚,育婴期,已育,已有车",浙江省,绍兴市
185,是,88902548,726476,1024659,"桌面收纳,手机充电线/数据线,鼠标/机械键盘,平板电脑,薯片/膨化食品,室内绿植/花卉,无线蓝牙耳机,T恤/裙子,奶茶/咖啡,智能手表/手环,充电宝/移动电源,洗衣液/洗衣凝珠,洗面奶/洁面乳,平板电脑保护套/壳,手机贴膜,抽纸/卷纸,运动鞋,手机壳,贴片面膜",近13-24个月内,100–119元,完全由我自己决定购买哪个品牌和产品,Apple（苹果）,以上均无,均未参加过,本科,"普通翻盖保护套,磁吸不可拆分保护套,带笔槽保护套,透明/半透明保护壳","防摔防磕/保护性强,颜色选择丰富,不易沾指纹/不易显脏,外观好看/有设计感,材质手感好,支架稳定/角度好用,轻薄便携","支架稳定/角度好用,防摔防磕/保护性强,材质手感好,轻薄便携,不易沾指纹/不易显脏,颜色选择丰富,外观好看/有设计感",100-119元,肯定会,我已认真阅读,购买意愿: [肯定会购买],吸引力: [比较吸引],"磁吸拆分方便,价格合适,保护性较好,品牌/品质感较好,外观看起来简洁,支撑看剧/学习/办公",我已认真阅读,购买意愿: [可能会购买],四角气囊防护外显: [非常吸引];侧面直取笔槽: [不太吸引];更丰富、更个性化的配色选择: [非常吸引],愿意多付16-20元,可能会购买,肯定会购买,说不清,-,-,防护的非常好，磨砂手感也很好,我已认真阅读,购买意愿: [肯定会购买],光栅纹理背板的视觉效果: [比较吸引];微磨砂质感: [一般];相比普通光面背板更不易沾指纹: [非常吸引];整体看起来更特别/更有设计感: [一般],愿意多付16-20元,肯定会购买,可能会购买,肯定会购买,-,-,愿意支付光三倍版，因为感觉没用过，可以尝试一下,7.78s,两款都可以，没有明显偏好,他的这个磨砂手感感觉也很防滑很好，所以去使用,经常会,女,25-30岁,自由职业/个体经营,五线,偏高,未知,广西壮族自治区,南宁市
186,是,88902553,726476,1024659,"鼠标/机械键盘,手机贴膜,无线蓝牙耳机,平板电脑保护套/壳,T恤/裙子,贴片面膜,奶茶/咖啡,运动鞋,智能手表/手环,室内绿植/花卉,洗面奶/洁面乳,薯片/膨化食品,抽纸/卷纸,手机充电线/数据线,充电宝/移动电源,手机壳,洗衣液/洗衣凝珠,桌面收纳",近12个月内,100–119元,完全由我自己决定购买哪个品牌和产品,Apple（苹果）,教育/培训/科研,均未参加过,本科,"旋转可拆分磁吸保护套,带笔槽保护套","防摔防磕/保护性强,触控笔收纳和拿取方便,材质手感好,颜色选择丰富,与平板搭配协调,支架稳定/角度好用,外观好看/有设计感","与平板搭配协调,外观好看/有设计感,防摔防磕/保护性强,支架稳定/角度好用,颜色选择丰富,材质手感好,触控笔收纳和拿取方便",120-149元,肯定会,我已认真阅读,购买意愿: [可能会购买],吸引力: [比较吸引],"可旋转使用,外观看起来简洁,磁吸拆分方便",我已认真阅读,购买意愿: [肯定会购买],四角气囊防护外显: [非常吸引];侧面直取笔槽: [非常吸引];更丰富、更个性化的配色选择: [非常吸引],愿意多付11-15元,肯定会购买,肯定会购买,说不清,-,-,四角防护不怕摔，经常用笔笔槽拿取方便，而且这个蓝色做的很好看！,我已认真阅读,购买意愿: [可能不会购买],光栅纹理背板的视觉效果: [完全不吸引];微磨砂质感: [比较吸引];相比普通光面背板更不易沾指纹: [非常吸引];整体看起来更特别/更有设计感: [一般],不愿意多付钱,可能不会购买,-,-,可能不会购买,可能不会购买,光栅背板get不到，感觉不大好看而且我很喜欢DIY，光栅看起来不粘,55.91s,升级光面款,在预算内而且颜色很好看！,经常会,女,25-30岁,企业职员,三线,偏低,未知,山东省,临沂市
187,是,88902567,726476,1024659,"运动鞋,平板电脑,手机壳,桌面收纳,T恤/裙子,洗面奶/洁面乳,抽纸/卷纸,手机贴膜,平板电脑保护套/壳,无线蓝牙耳机,薯片/膨化食品,智能手表/手环,洗衣液/洗衣凝珠,手机充电线/数据线",近12个月内,100–119元,完全由我自己决定购买哪个品牌和产品,Apple（苹果）,以上均无,均未参加过,本科,普通翻盖保护套,"防摔防磕/保护性强,支架稳定/角度好用,材质手感好","支架稳定/角度好用,防摔防磕/保护性强,材质手感好",100-119元,可能会,我已认真阅读,购买意愿: [肯定会购买],吸引力: [非常吸引],"可旋转使用,磁吸拆分方便,支撑看剧/学习/办公,保护性较好",我已认真阅读,购买意愿: [肯定会购买],四角气囊防护外显: [非常吸引];侧面直取笔槽: [比较吸引];更丰富、更个性化的配色选择: [非常吸引],愿意多付11-15元,肯定会购买,可能会购买,说不清,-,-,感觉有实用性,我已认真阅读,购买意愿: [可能会购买],光栅纹理背板的视觉效果: [非常吸引];微磨砂质感: [比较吸引];相比普通光面背板更不易沾指纹: [比较吸引];整体看起来更特别/更有设计感: [非常吸引],愿意多付16-20元,肯定会购买,肯定会购买,可能会购买,-,-,好看美观使用,14.82s,升级光面款,感觉更好,有时会,女,31-35岁,企业职员,三线,偏低,已婚,浙江省,温州市
188,是,88902596,726476,1024659,"平板电脑,充电宝/移动电源,平板电脑保护套/壳",近12个月内,120–149元,完全由我自己决定购买哪个品牌和产品,Apple（苹果）,以上均无,均未参加过,本科,"普通翻盖保护套,磁吸不可拆分保护套,键盘保护套,透明/半透明保护壳","触控笔收纳和拿取方便,不易沾指纹/不易显脏,颜色选择丰富","触控笔收纳和拿取方便,不易沾指纹/不易显脏,颜色选择丰富",120-149元,肯定会,我已认真阅读,购买意愿: [可能会购买],吸引力: [比较吸引],"磁吸拆分方便,价格合适,保护性较好",我已认真阅读,购买意愿: [肯定会购买],四角气囊防护外显: [非常吸引];侧面直取笔槽: [非常吸引];更丰富、更个性化的配色选择: [非常吸引],愿意多付21元及以上,肯定会购买,可能会购买,说不清,-,-,16:/求助力！看直播最多可抽3个红包！⇀椋◁Dσσōng！ZDDWV661cN5！ CA8680 ,我已认真阅读,购买意愿: [肯定会购买],光栅纹理背板的视觉效果: [非常吸引];微磨砂质感: [一般];相比普通光面背板更不易沾指纹: [比较吸引];整体看起来更特别/更有设计感: [比较吸引],愿意多付16-20元,肯定会购买,可能会购买,说不清,-,-,淘宝】假一赔四 https://m.tb.cn/h.Rl365cY CZ009 「【预售下拉18.8元兑换】88VIPX瑞幸即享,3.44s,升级光面款,16:/求助力！看直播最多可抽3个红包！⇀椋◁Dσσōng！ZDDWV661cN5！ CA8680 ,经常会,男,18-24岁,学生,五线,低,未知,河南省,商丘市
189,是,88902646,726476,1024659,平板电脑保护套/壳,近12个月内,120–149元,完全由我自己决定购买哪个品牌和产品,Apple（苹果）,以上均无,均未参加过,本科,"单壳（不带盖板）保护套,磁吸不可拆分保护套,带笔槽保护套","防摔防磕/保护性强,触控笔收纳和拿取方便,支架稳定/角度好用","防摔防磕/保护性强,支架稳定/角度好用,触控笔收纳和拿取方便",120-149元,肯定会,我已认真阅读,购买意愿: [肯定会购买],吸引力: [非常吸引],"可旋转使用,磁吸拆分方便,支撑看剧/学习/办公,保护性较好",我已认真阅读,购买意愿: [肯定会购买],四角气囊防护外显: [非常吸引];侧面直取笔槽: [非常吸引];更丰富、更个性化的配色选择: [非常吸引],愿意多付21元及以上,肯定会购买,肯定会购买,肯定会购买,-,-,防护性比较好，拿取笔槽方便,我已认真阅读,购买意愿: [肯定会购买],光栅纹理背板的视觉效果: [非常吸引];微磨砂质感: [非常吸引];相比普通光面背板更不易沾指纹: [非常吸引];整体看起来更特别/更有设计感: [非常吸引],愿意多付21元及以上,肯定会购买,肯定会购买,肯定会购买,-,-,看上去比光面的要好点,11.11s,光栅款,磨砂感不容易有指纹，拿手里也不会滑,经常会,女,31-35岁,企业职员,一线,偏低,未知,广东省,深圳市
190,是,88902720,726476,1024659,"手机贴膜,洗衣液/洗衣凝珠,无线蓝牙耳机,平板电脑保护套/壳,奶茶/咖啡,抽纸/卷纸,手机充电线/数据线,手机壳,薯片/膨化食品,T恤/裙子,平板电脑,充电宝/移动电源,洗面奶/洁面乳",近12个月内,100–119元,完全由我自己决定购买哪个品牌和产品,Apple（苹果）,以上均无,均未参加过,本科,"旋转可拆分磁吸保护套,键盘保护套","防摔防磕/保护性强,支架稳定/角度好用,材质手感好,外观好看/有设计感,轻薄便携,价格合适/性价比高,耐用不易坏","支架稳定/角度好用,轻薄便携,材质手感好,外观好看/有设计感,防摔防磕/保护性强,耐用不易坏,价格合适/性价比高",80-99元,肯定会,我已认真阅读,购买意愿: [可能会购买],吸引力: [非常吸引],"磁吸拆分方便,保护性较好,可旋转使用,价格合适",我已认真阅读,购买意愿: [可能会购买],四角气囊防护外显: [比较吸引];侧面直取笔槽: [比较吸引];更丰富、更个性化的配色选择: [非常吸引],愿意多付11-15元,可能会购买,可能会购买,说不清,-,-,希望防护性好，便捷一点。别笨拙,我已认真阅读,购买意愿: [肯定会购买],光栅纹理背板的视觉效果: [非常吸引];微磨砂质感: [非常吸引];相比普通光面背板更不易沾指纹: [非常吸引];整体看起来更特别/更有设计感: [比较吸引],愿意多付6-10元,可能会购买,肯定会购买,可能会购买,-,-,看着挺有档次的,17.3s,两款都可以，没有明显偏好,看着比较高级，简洁大方,有时会,女,31-35岁,企业职员,二线,偏低,"准备结婚期,已有车",天津,天津市
191,是,88902857,726476,1024659,"平板电脑保护套/壳,洗衣液/洗衣凝珠,洗面奶/洁面乳,无线蓝牙耳机,奶茶/咖啡,平板电脑",近12个月内,120–149元,完全由我自己决定购买哪个品牌和产品,Apple（苹果）,以上均无,均未参加过,硕士及以上,"单壳（不带盖板）保护套,普通翻盖保护套,磁吸不可拆分保护套,旋转可拆分磁吸保护套,键盘保护套,带笔槽保护套,透明/半透明保护壳","支架稳定/角度好用,外观好看/有设计感,价格合适/性价比高,触控笔收纳和拿取方便","支架稳定/角度好用,价格合适/性价比高,外观好看/有设计感,触控笔收纳和拿取方便",120-149元,肯定会,我已认真阅读,购买意愿: [肯定会购买],吸引力: [比较吸引],"品牌/品质感较好,价格合适,磁吸拆分方便",我已认真阅读,购买意愿: [肯定会购买],四角气囊防护外显: [比较吸引];侧面直取笔槽: [非常吸引];更丰富、更个性化的配色选择: [非常吸引],愿意多付21元及以上,肯定会购买,肯定会购买,肯定会购买,-,-,颜色吸引，配色丰富，外观吸引人，质量好，满足我的各种需求,我已认真阅读,购买意愿: [肯定会购买],光栅纹理背板的视觉效果: [非常吸引];微磨砂质感: [比较吸引];相比普通光面背板更不易沾指纹: [非常吸引];整体看起来更特别/更有设计感: [比较吸引],愿意多付6-10元,肯定会购买,肯定会购买,肯定会购买,-,-,不太喜欢这种质感,15.31s,光栅款,价格更优惠，材质我也更喜欢，耐脏,经常会,女,25-30岁,企业职员,三线,偏高,"单身,已有车",广东省,江门市
192,是,88902872,726476,1024659,"桌面收纳,薯片/膨化食品,洗面奶/洁面乳,无线蓝牙耳机,手机贴膜,洗衣液/洗衣凝珠,奶茶/咖啡,鼠标/机械键盘,平板电脑保护套/壳,智能手表/手环,平板电脑,抽纸/卷纸,T恤/裙子,运动鞋,手机壳,贴片面膜,充电宝/移动电源,手机充电线/数据线",近12个月内,120–149元,完全由我自己决定购买哪个品牌和产品,Apple（苹果）,以上均无,均未参加过,硕士及以上,"单壳（不带盖板）保护套,普通翻盖保护套,旋转可拆分磁吸保护套,磁吸不可拆分保护套","防摔防磕/保护性强,支架稳定/角度好用,外观好看/有设计感,价格合适/性价比高,品牌可信/品质稳定,耐用不易坏","防摔防磕/保护性强,耐用不易坏,外观好看/有设计感,品牌可信/品质稳定,支架稳定/角度好用,价格合适/性价比高",120-149元,肯定会,我已认真阅读,购买意愿: [肯定会购买],吸引力: [非常吸引],"可旋转使用,支撑看剧/学习/办公,磁吸拆分方便,外观看起来简洁,保护性较好,品牌/品质感较好",我已认真阅读,购买意愿: [肯定会购买],四角气囊防护外显: [非常吸引];侧面直取笔槽: [比较吸引];更丰富、更个性化的配色选择: [非常吸引],愿意多付11-15元,肯定会购买,肯定会购买,可能会购买,-,-,配色好看 外观比较吸引人,我已认真阅读,购买意愿: [肯定会购买],光栅纹理背板的视觉效果: [非常吸引];微磨砂质感: [非常吸引];相比普通光面背板更不易沾指纹: [非常吸引];整体看起来更特别/更有设计感: [非常吸引],愿意多付16-20元,肯定会购买,肯定会购买,可能会购买,-,-,质感不错 感觉有高级感,10.65s,光栅款,更漂亮一些 有质感 上档次,有时会,女,31-35岁,企业职员,一线,低,"已婚,育婴期,已育",北京,北京市
193,是,88902885,726476,1024659,"T恤/裙子,手机壳,平板电脑保护套/壳,手机贴膜,洗衣液/洗衣凝珠,奶茶/咖啡,桌面收纳,鼠标/机械键盘,平板电脑,抽纸/卷纸,薯片/膨化食品,洗面奶/洁面乳,手机充电线/数据线,运动鞋,充电宝/移动电源,无线蓝牙耳机",近12个月内,记不清,完全由我自己决定购买哪个品牌和产品,Apple（苹果）,以上均无,均未参加过,硕士及以上,带笔槽保护套,"防摔防磕/保护性强,触控笔收纳和拿取方便,支架稳定/角度好用,价格合适/性价比高","防摔防磕/保护性强,支架稳定/角度好用,价格合适/性价比高,触控笔收纳和拿取方便",100-119元,可能会,我已认真阅读,购买意愿: [可能会购买],吸引力: [比较吸引],"外观看起来简洁,保护性较好",我已认真阅读,购买意愿: [可能会购买],四角气囊防护外显: [非常吸引];侧面直取笔槽: [比较吸引];更丰富、更个性化的配色选择: [一般],愿意多付16-20元,可能会购买,说不清,-,-,-,性价比不高了,我已认真阅读,购买意愿: [说不清],光栅纹理背板的视觉效果: [一般];微磨砂质感: [一般];相比普通光面背板更不易沾指纹: [一般];整体看起来更特别/更有设计感: [一般],不愿意多付钱,说不清,-,-,说不清,说不清,不值得,4.76s,升级光面款,习惯,说不清,女,36-40岁,企业职员,二线,偏低,未知,江苏省,苏州市
194,是,88902891,726476,1024659,"平板电脑,洗面奶/洁面乳,抽纸/卷纸,洗衣液/洗衣凝珠,贴片面膜,奶茶/咖啡,手机充电线/数据线,无线蓝牙耳机,桌面收纳,薯片/膨化食品,室内绿植/花卉,鼠标/机械键盘,手机贴膜,运动鞋,手机壳,T恤/裙子,智能手表/手环,平板电脑保护套/壳",近12个月内,200元及以上,完全由我自己决定购买哪个品牌和产品,Apple（苹果）,以上均无,均未参加过,本科,带笔槽保护套,"防摔防磕/保护性强,触控笔收纳和拿取方便,支架稳定/角度好用,外观好看/有设计感,耐用不易坏,与平板搭配协调","耐用不易坏,防摔防磕/保护性强,外观好看/有设计感,与平板搭配协调,触控笔收纳和拿取方便,支架稳定/角度好用",200元及以上,可能会,我已认真阅读,购买意愿: [可能会购买],吸引力: [比较吸引],"可旋转使用,磁吸拆分方便,保护性较好",我已认真阅读,购买意愿: [可能会购买],四角气囊防护外显: [比较吸引];侧面直取笔槽: [非常吸引];更丰富、更个性化的配色选择: [非常吸引],愿意多付21元及以上,可能会购买,可能会购买,可能会购买,-,-,侧面直取笔槽比较方便，四角防护也能很好的保护平板，防止摔坏，还是不错的,我已认真阅读,购买意愿: [可能会购买],光栅纹理背板的视觉效果: [比较吸引];相比普通光面背板更不易沾指纹: [非常吸引];微磨砂质感: [比较吸引];整体看起来更特别/更有设计感: [比较吸引],愿意多付21元及以上,可能会购买,可能会购买,可能会购买,-,-,背板防指纹这点很吸引我，感觉很好，磨砂质感也比较高级,45.82s,光栅款,光栅背板防指纹，磨砂触感高级，看起来很有质感,经常会,女,25-30岁,自由职业/个体经营,二线,低,未知,江苏省,南京市
195,是,88902916,726476,1024659,"平板电脑保护套/壳,手机贴膜,薯片/膨化食品,抽纸/卷纸,手机充电线/数据线,室内绿植/花卉,洗面奶/洁面乳,手机壳,奶茶/咖啡,贴片面膜,T恤/裙子,洗衣液/洗衣凝珠,桌面收纳,无线蓝牙耳机",近12个月内,120–149元,完全由我自己决定购买哪个品牌和产品,Apple（苹果）,以上均无,均未参加过,本科,"普通翻盖保护套,带笔槽保护套,磁吸不可拆分保护套","防摔防磕/保护性强,触控笔收纳和拿取方便,支架稳定/角度好用,耐用不易坏","防摔防磕/保护性强,支架稳定/角度好用,触控笔收纳和拿取方便,耐用不易坏",120-149元,可能会,我已认真阅读,购买意愿: [肯定会购买],吸引力: [非常吸引],"保护性较好,可旋转使用,磁吸拆分方便,支撑看剧/学习/办公,价格合适,品牌/品质感较好",我已认真阅读,购买意愿: [肯定会购买],四角气囊防护外显: [非常吸引];侧面直取笔槽: [比较吸引];更丰富、更个性化的配色选择: [比较吸引],愿意多付11-15元,肯定会购买,可能会购买,说不清,-,-,超出预算范围,我已认真阅读,购买意愿: [可能会购买],光栅纹理背板的视觉效果: [比较吸引];微磨砂质感: [一般];相比普通光面背板更不易沾指纹: [一般];整体看起来更特别/更有设计感: [一般],愿意多付5元以内,可能会购买,可能不会购买,-,-,-,超出预算,5.75s,升级光面款,价格实惠，外观设计好看,有时会,女,25-30岁,自由职业/个体经营,一线,低,未知,广东省,广州市
196,是,88902925,726476,1024659,"智能手表/手环,手机充电线/数据线,平板电脑",近13-24个月内,200元及以上,完全由我自己决定购买哪个品牌和产品,Apple（苹果）,"互联网/IT/软件服务,教育/培训/科研",均未参加过,本科,旋转可拆分磁吸保护套,"支架稳定/角度好用,防摔防磕/保护性强,材质手感好,品牌可信/品质稳定","支架稳定/角度好用,材质手感好,品牌可信/品质稳定,防摔防磕/保护性强",200元及以上,肯定会,我已认真阅读,购买意愿: [可能会购买],吸引力: [比较吸引],可旋转使用,我已认真阅读,购买意愿: [可能会购买],四角气囊防护外显: [非常吸引];侧面直取笔槽: [比较吸引];更丰富、更个性化的配色选择: [非常吸引],愿意多付21元及以上,可能会购买,肯定会购买,可能会购买,-,-,愿意，更好保护，更多使用场景,我已认真阅读,购买意愿: [可能会购买],光栅纹理背板的视觉效果: [比较吸引];微磨砂质感: [比较吸引];相比普通光面背板更不易沾指纹: [比较吸引];整体看起来更特别/更有设计感: [非常吸引],愿意多付16-20元,可能会购买,可能会购买,可能会购买,-,-,手感更好,11.24s,光栅款,手感好,经常会,男,36-40岁,专业人士,三线,偏低,"准备结婚期,已有车",广东省,汕头市
197,是,88903217,726476,1024659,"薯片/膨化食品,T恤/裙子,洗面奶/洁面乳,贴片面膜,运动鞋,智能手表/手环,鼠标/机械键盘,手机壳,平板电脑保护套/壳,洗衣液/洗衣凝珠,奶茶/咖啡,手机充电线/数据线,手机贴膜,桌面收纳,平板电脑,抽纸/卷纸,充电宝/移动电源",近12个月内,150–199元,完全由我自己决定购买哪个品牌和产品,Apple（苹果）,以上均无,均未参加过,本科,旋转可拆分磁吸保护套,"支架稳定/角度好用,防摔防磕/保护性强,外观好看/有设计感,材质手感好,轻薄便携,耐用不易坏,与平板搭配协调,品牌可信/品质稳定","支架稳定/角度好用,防摔防磕/保护性强,轻薄便携,耐用不易坏,外观好看/有设计感,材质手感好,品牌可信/品质稳定,与平板搭配协调",150-199元,可能会,我已认真阅读,购买意愿: [肯定会购买],吸引力: [比较吸引],"可旋转使用,磁吸拆分方便,外观看起来简洁,保护性较好",我已认真阅读,购买意愿: [可能会购买],四角气囊防护外显: [比较吸引];侧面直取笔槽: [不太吸引];更丰富、更个性化的配色选择: [非常吸引],愿意多付11-15元,肯定会购买,肯定会购买,可能会购买,-,-,这个升级是比较吸引我的，然后另外两个升级点，它的卖点没那么突出，或者说我用不到这项功能，所以就不是特别愿意考虑。,我已认真阅读,购买意愿: [可能会购买],光栅纹理背板的视觉效果: [一般];微磨砂质感: [非常吸引];相比普通光面背板更不易沾指纹: [非常吸引];整体看起来更特别/更有设计感: [一般],愿意多付11-15元,可能会购买,说不清,-,-,-,因为我觉得这个设计没有那么好看，颜色的会更简单大气一点，保留了背板本身的颜色光泽。,17.04s,升级光面款,因为我觉得他看起来更简洁大气一些，让人觉得更值得购买，更有卖点。,经常会,女,25-30岁,企业职员,一线,低,"育婴期,装修期,已有房,已有车",广东省,深圳市
198,是,88903265,726476,1024659,"平板电脑保护套/壳,薯片/膨化食品,T恤/裙子,洗衣液/洗衣凝珠,运动鞋,充电宝/移动电源,手机贴膜,抽纸/卷纸,无线蓝牙耳机,鼠标/机械键盘,手机充电线/数据线,桌面收纳,贴片面膜,洗面奶/洁面乳,手机壳,室内绿植/花卉,奶茶/咖啡",近12个月内,50–79元,完全由我自己决定购买哪个品牌和产品,Apple（苹果）,以上均无,均未参加过,本科,"普通翻盖保护套,带笔槽保护套","防摔防磕/保护性强,支架稳定/角度好用,材质手感好,触控笔收纳和拿取方便,不易沾指纹/不易显脏,外观好看/有设计感,轻薄便携,品牌可信/品质稳定,价格合适/性价比高,耐用不易坏,与平板搭配协调","触控笔收纳和拿取方便,防摔防磕/保护性强,轻薄便携,耐用不易坏,品牌可信/品质稳定,不易沾指纹/不易显脏,外观好看/有设计感,材质手感好,与平板搭配协调,支架稳定/角度好用,价格合适/性价比高",50-79元,可能会,我已认真阅读,购买意愿: [可能会购买],吸引力: [比较吸引],"可旋转使用,磁吸拆分方便,支撑看剧/学习/办公,保护性较好,品牌/品质感较好",我已认真阅读,购买意愿: [可能会购买],侧面直取笔槽: [比较吸引];更丰富、更个性化的配色选择: [比较吸引];四角气囊防护外显: [非常吸引],愿意多付6-10元,可能会购买,说不清,-,-,-,普通款已经满足正常使用需求，无需再增添更多的升级，本身属于易耗品，还需要更换,我已认真阅读,购买意愿: [可能会购买],光栅纹理背板的视觉效果: [比较吸引];微磨砂质感: [比较吸引];相比普通光面背板更不易沾指纹: [比较吸引];整体看起来更特别/更有设计感: [非常吸引],愿意多付6-10元,可能会购买,说不清,-,-,-,价格填的过多，并没有增加过多价值,42.73s,两款都可以，没有明显偏好,已经满足正常需求就可以,有时会,女,31-35岁,企业职员,三线,低,已婚,黑龙江省,哈尔滨市
199,是,88903267,726476,1024659,"运动鞋,洗面奶/洁面乳,手机壳,T恤/裙子,薯片/膨化食品,手机贴膜,奶茶/咖啡,无线蓝牙耳机,洗衣液/洗衣凝珠,智能手表/手环,抽纸/卷纸,平板电脑保护套/壳",近12个月内,80–99元,完全由我自己决定购买哪个品牌和产品,Apple（苹果）,以上均无,均未参加过,本科,旋转可拆分磁吸保护套,"防摔防磕/保护性强,触控笔收纳和拿取方便,轻薄便携,价格合适/性价比高,耐用不易坏,支架稳定/角度好用,外观好看/有设计感","防摔防磕/保护性强,支架稳定/角度好用,触控笔收纳和拿取方便,外观好看/有设计感,价格合适/性价比高,耐用不易坏,轻薄便携",100-119元,可能会,我已认真阅读,购买意愿: [可能会购买],吸引力: [比较吸引],磁吸拆分方便,我已认真阅读,购买意愿: [可能会购买],四角气囊防护外显: [比较吸引];侧面直取笔槽: [非常吸引];更丰富、更个性化的配色选择: [比较吸引],愿意多付11-15元,可能会购买,可能会购买,说不清,-,-,愿意多付一点，但是不能超过太多,我已认真阅读,购买意愿: [可能会购买],光栅纹理背板的视觉效果: [比较吸引];微磨砂质感: [比较吸引];相比普通光面背板更不易沾指纹: [比较吸引];整体看起来更特别/更有设计感: [一般],愿意多付6-10元,可能会购买,说不清,-,-,-,愿意多付一点，不能超过太多,11.35s,升级光面款,个人比较偏好光面板,有时会,女,36-40岁,家庭照护/暂未就业,一线,低,"已婚,育婴期,已育,装修期,已有房,已有车",上海,上海市
200,是,88903269,726476,1024659,"手机充电线/数据线,洗衣液/洗衣凝珠,平板电脑保护套/壳,鼠标/机械键盘,充电宝/移动电源,T恤/裙子,抽纸/卷纸,洗面奶/洁面乳,贴片面膜,运动鞋,奶茶/咖啡,平板电脑,手机壳,手机贴膜,智能手表/手环",近12个月内,100–119元,完全由我自己决定购买哪个品牌和产品,Apple（苹果）,以上均无,均未参加过,本科,"单壳（不带盖板）保护套,磁吸不可拆分保护套,带笔槽保护套,旋转可拆分磁吸保护套","触控笔收纳和拿取方便,外观好看/有设计感,颜色选择丰富,耐用不易坏","耐用不易坏,颜色选择丰富,触控笔收纳和拿取方便,外观好看/有设计感",100-119元,肯定会,我已认真阅读,购买意愿: [肯定会购买],吸引力: [比较吸引],"可旋转使用,支撑看剧/学习/办公,外观看起来简洁,品牌/品质感较好,没有特别吸引我的地方",我已认真阅读,购买意愿: [肯定会购买],四角气囊防护外显: [比较吸引];侧面直取笔槽: [比较吸引];更丰富、更个性化的配色选择: [比较吸引],愿意多付16-20元,肯定会购买,可能会购买,肯定会购买,-,-,都差不多，没有什么变化，就没那个必要,我已认真阅读,购买意愿: [肯定会购买],光栅纹理背板的视觉效果: [非常吸引];微磨砂质感: [比较吸引];整体看起来更特别/更有设计感: [一般];相比普通光面背板更不易沾指纹: [一般],愿意多付11-15元,可能会购买,可能会购买,可能会购买,-,-,没有什么必要，华而不实,10.61s,两款都可以，没有明显偏好,能保护好平板就好了，其他的没必要花里胡哨,有时会,女,25-30岁,专业人士,二线,偏低,"已婚,育婴期,已育",重庆,重庆市
201,是,88903284,726476,1024659,"手机壳,平板电脑保护套/壳,T恤/裙子,无线蓝牙耳机,贴片面膜,平板电脑,充电宝/移动电源",近12个月内,100–119元,完全由我自己决定购买哪个品牌和产品,Apple（苹果）,以上均无,均未参加过,本科,"磁吸不可拆分保护套,旋转可拆分磁吸保护套,带笔槽保护套,键盘保护套","防摔防磕/保护性强,触控笔收纳和拿取方便,材质手感好","材质手感好,触控笔收纳和拿取方便,防摔防磕/保护性强",120-149元,肯定会,我已认真阅读,购买意愿: [肯定会购买],吸引力: [比较吸引],"可旋转使用,磁吸拆分方便,支撑看剧/学习/办公,保护性较好",我已认真阅读,购买意愿: [肯定会购买],四角气囊防护外显: [比较吸引];侧面直取笔槽: [非常吸引];更丰富、更个性化的配色选择: [比较吸引],愿意多付21元及以上,肯定会购买,可能会购买,肯定会购买,-,-,产品功能能更好，加点钱接受的了,我已认真阅读,购买意愿: [肯定会购买],光栅纹理背板的视觉效果: [比较吸引];微磨砂质感: [非常吸引];相比普通光面背板更不易沾指纹: [比较吸引];整体看起来更特别/更有设计感: [非常吸引],愿意多付21元及以上,肯定会购买,可能会购买,肯定会购买,-,-,这个材质比较高级。性能会比较好，贵点可以接受,62.83s,两款都可以，没有明显偏好,喜欢对比。两个都买来使用才有评价权,经常会,女,31-35岁,企业职员,三线,低,"已婚,育婴期,已育,已有房,已有车",福建省,龙岩市
202,是,88903285,726476,1024659,"平板电脑保护套/壳,洗面奶/洁面乳,抽纸/卷纸,鼠标/机械键盘,洗衣液/洗衣凝珠,T恤/裙子,充电宝/移动电源,无线蓝牙耳机,薯片/膨化食品,运动鞋,贴片面膜,手机壳",近12个月内,150–199元,主要由我自己决定，偶尔参考他人意见,Apple（苹果）,以上均无,均未参加过,本科,磁吸不可拆分保护套,"防摔防磕/保护性强,支架稳定/角度好用,外观好看/有设计感,不易沾指纹/不易显脏,轻薄便携,与平板搭配协调","防摔防磕/保护性强,支架稳定/角度好用,不易沾指纹/不易显脏,外观好看/有设计感,与平板搭配协调,轻薄便携",150-199元,可能会,我已认真阅读,购买意愿: [可能会购买],吸引力: [比较吸引],"可旋转使用,磁吸拆分方便,支撑看剧/学习/办公,外观看起来简洁,保护性较好",我已认真阅读,购买意愿: [可能会购买],四角气囊防护外显: [比较吸引];侧面直取笔槽: [一般];更丰富、更个性化的配色选择: [比较吸引],愿意多付11-15元,可能会购买,可能会购买,可能会购买,-,-,四角气囊更加保护，亲肤手感，色彩更丰富,我已认真阅读,购买意愿: [可能会购买],微磨砂质感: [比较吸引];相比普通光面背板更不易沾指纹: [比较吸引];整体看起来更特别/更有设计感: [比较吸引];光栅纹理背板的视觉效果: [非常吸引],愿意多付16-20元,可能会购买,可能会购买,可能会购买,-,-,光栅设计很喜欢，微磨砂不容易沾指纹，气囊保护也很好,55.94s,光栅款,感觉光栅款会更加显质感，并且保护套不常更换，就买最新款,有时会,女,36-40岁,企业职员,五线,偏低,"已婚,已育,已有车",江西省,赣州市
203,是,88903295,726476,1024659,"T恤/裙子,手机充电线/数据线,抽纸/卷纸,薯片/膨化食品,运动鞋,室内绿植/花卉,智能手表/手环,贴片面膜,平板电脑保护套/壳,奶茶/咖啡",近12个月内,120–149元,完全由我自己决定购买哪个品牌和产品,Apple（苹果）,以上均无,均未参加过,本科,磁吸不可拆分保护套,"材质手感好,支架稳定/角度好用,防摔防磕/保护性强,外观好看/有设计感,轻薄便携","材质手感好,防摔防磕/保护性强,轻薄便携,外观好看/有设计感,支架稳定/角度好用",120-149元,可能会,我已认真阅读,购买意愿: [可能会购买],吸引力: [比较吸引],"可旋转使用,磁吸拆分方便,外观看起来简洁,保护性较好",我已认真阅读,购买意愿: [可能会购买],四角气囊防护外显: [比较吸引];侧面直取笔槽: [比较吸引];更丰富、更个性化的配色选择: [比较吸引],愿意多付16-20元,可能会购买,可能会购买,可能会购买,-,-,防护做的很好，外观也不错,我已认真阅读,购买意愿: [可能会购买],光栅纹理背板的视觉效果: [比较吸引];相比普通光面背板更不易沾指纹: [非常吸引];整体看起来更特别/更有设计感: [非常吸引];微磨砂质感: [比较吸引],愿意多付16-20元,肯定会购买,可能会购买,可能会购买,-,-,质感看起来很好,11.52s,升级光面款,看起来更好,有时会,女,25-30岁,自由职业/个体经营,五线,偏低,"准备结婚期,已育,已有车",四川省,达州市
204,是,88903296,726476,1024659,"洗衣液/洗衣凝珠,贴片面膜,手机充电线/数据线,桌面收纳,充电宝/移动电源,平板电脑,平板电脑保护套/壳,鼠标/机械键盘,无线蓝牙耳机,抽纸/卷纸,奶茶/咖啡,智能手表/手环,运动鞋,手机贴膜,洗面奶/洁面乳,薯片/膨化食品,T恤/裙子,手机壳",近12个月内,120–149元,完全由我自己决定购买哪个品牌和产品,Apple（苹果）,以上均无,均未参加过,本科,"普通翻盖保护套,带笔槽保护套,键盘保护套","防摔防磕/保护性强,触控笔收纳和拿取方便,外观好看/有设计感,颜色选择丰富,支架稳定/角度好用,耐用不易坏","支架稳定/角度好用,耐用不易坏,外观好看/有设计感,防摔防磕/保护性强,触控笔收纳和拿取方便,颜色选择丰富",120-149元,可能会,我已认真阅读,购买意愿: [肯定会购买],吸引力: [非常吸引],"可旋转使用,外观看起来简洁,品牌/品质感较好,保护性较好,支撑看剧/学习/办公",我已认真阅读,购买意愿: [肯定会购买],四角气囊防护外显: [非常吸引];侧面直取笔槽: [非常吸引];更丰富、更个性化的配色选择: [非常吸引],愿意多付5元以内,肯定会购买,肯定会购买,肯定会购买,-,-,外观功能都比较喜欢,我已认真阅读,购买意愿: [肯定会购买],光栅纹理背板的视觉效果: [非常吸引];微磨砂质感: [非常吸引];相比普通光面背板更不易沾指纹: [非常吸引];整体看起来更特别/更有设计感: [非常吸引],愿意多付5元以内,肯定会购买,肯定会购买,肯定会购买,-,-,质感好,6.26s,升级光面款,质感材质好，手感舒适,经常会,女,25-30岁,专业人士,二线,偏低,单身,重庆,重庆市
205,是,88903304,726476,1024659,"手机充电线/数据线,平板电脑保护套/壳,智能手表/手环,平板电脑,手机壳,贴片面膜",近12个月内,100–119元,完全由我自己决定购买哪个品牌和产品,Apple（苹果）,以上均无,均未参加过,本科,"磁吸不可拆分保护套,带笔槽保护套,键盘保护套","支架稳定/角度好用,外观好看/有设计感,触控笔收纳和拿取方便","触控笔收纳和拿取方便,支架稳定/角度好用,外观好看/有设计感",120-149元,肯定会,我已认真阅读,购买意愿: [肯定会购买],吸引力: [比较吸引],"可旋转使用,磁吸拆分方便,支撑看剧/学习/办公,价格合适,保护性较好",我已认真阅读,购买意愿: [肯定会购买],四角气囊防护外显: [比较吸引];更丰富、更个性化的配色选择: [非常吸引];侧面直取笔槽: [非常吸引],愿意多付21元及以上,肯定会购买,可能会购买,肯定会购买,-,-,产品功能多一点方便我适合用，价钱不是问题,我已认真阅读,购买意愿: [肯定会购买],光栅纹理背板的视觉效果: [非常吸引];微磨砂质感: [比较吸引];相比普通光面背板更不易沾指纹: [非常吸引];整体看起来更特别/更有设计感: [比较吸引],愿意多付21元及以上,肯定会购买,可能会购买,肯定会购买,-,-,感觉这个材质高级点的价格会高点，但是可以接受,71.24s,两款都可以，没有明显偏好,我比较喜欢对比看看，两个都可以买来，只有使用以后才有评价权,经常会,女,31-35岁,企业职员,三线,低,未知,福建省,龙岩市
206,是,88903310,726476,1024659,"洗衣液/洗衣凝珠,手机充电线/数据线,无线蓝牙耳机,T恤/裙子,智能手表/手环,平板电脑,鼠标/机械键盘,洗面奶/洁面乳,薯片/膨化食品,抽纸/卷纸,桌面收纳,充电宝/移动电源,手机贴膜,贴片面膜,平板电脑保护套/壳,奶茶/咖啡,运动鞋,手机壳",近12个月内,120–149元,完全由我自己决定购买哪个品牌和产品,Apple（苹果）,以上均无,均未参加过,本科,"普通翻盖保护套,旋转可拆分磁吸保护套,键盘保护套","防摔防磕/保护性强,支架稳定/角度好用,材质手感好,轻薄便携,与平板搭配协调,品牌可信/品质稳定,耐用不易坏,不易沾指纹/不易显脏","材质手感好,防摔防磕/保护性强,支架稳定/角度好用,耐用不易坏,与平板搭配协调,不易沾指纹/不易显脏,轻薄便携,品牌可信/品质稳定",120-149元,可能会,我已认真阅读,购买意愿: [可能会购买],吸引力: [比较吸引],"可旋转使用,磁吸拆分方便,支撑看剧/学习/办公,价格合适,保护性较好,品牌/品质感较好",我已认真阅读,购买意愿: [可能会购买],四角气囊防护外显: [非常吸引];侧面直取笔槽: [比较吸引];更丰富、更个性化的配色选择: [比较吸引],愿意多付11-15元,可能会购买,可能会购买,说不清,-,-,这款产品功能符合需求，感觉还不错,我已认真阅读,购买意愿: [可能会购买],光栅纹理背板的视觉效果: [非常吸引];微磨砂质感: [比较吸引];相比普通光面背板更不易沾指纹: [非常吸引];整体看起来更特别/更有设计感: [比较吸引],愿意多付16-20元,可能会购买,可能会购买,可能会购买,-,-,这款产品外观看着不错，功能也符合需求,22.3s,光栅款,这款产品外观，功能更喜欢，更符合需求,有时会,女,25-30岁,企业职员,一线,偏高,未知,上海,上海市
207,是,88903390,726476,1024659,"洗面奶/洁面乳,洗衣液/洗衣凝珠,抽纸/卷纸,手机壳,无线蓝牙耳机,智能手表/手环,平板电脑,T恤/裙子,桌面收纳,运动鞋,室内绿植/花卉,奶茶/咖啡,手机贴膜,平板电脑保护套/壳,手机充电线/数据线,贴片面膜,充电宝/移动电源,薯片/膨化食品,鼠标/机械键盘",近12个月内,120–149元,完全由我自己决定购买哪个品牌和产品,Apple（苹果）,以上均无,均未参加过,本科,"旋转可拆分磁吸保护套,带笔槽保护套,键盘保护套","支架稳定/角度好用,材质手感好,外观好看/有设计感,轻薄便携,价格合适/性价比高,与平板搭配协调,耐用不易坏,品牌可信/品质稳定,颜色选择丰富,不易沾指纹/不易显脏,触控笔收纳和拿取方便,防摔防磕/保护性强","材质手感好,防摔防磕/保护性强,颜色选择丰富,品牌可信/品质稳定,触控笔收纳和拿取方便,支架稳定/角度好用,外观好看/有设计感,不易沾指纹/不易显脏,与平板搭配协调,轻薄便携,价格合适/性价比高,耐用不易坏",120-149元,肯定会,我已认真阅读,购买意愿: [肯定会购买],吸引力: [非常吸引],"磁吸拆分方便,支撑看剧/学习/办公,保护性较好,品牌/品质感较好,外观看起来简洁,价格合适",我已认真阅读,购买意愿: [肯定会购买],四角气囊防护外显: [非常吸引];侧面直取笔槽: [非常吸引];更丰富、更个性化的配色选择: [非常吸引],愿意多付21元及以上,肯定会购买,肯定会购买,肯定会购买,-,-,好用就要多付钱,我已认真阅读,购买意愿: [肯定会购买],光栅纹理背板的视觉效果: [非常吸引];微磨砂质感: [非常吸引];相比普通光面背板更不易沾指纹: [非常吸引];整体看起来更特别/更有设计感: [非常吸引],愿意多付21元及以上,肯定会购买,肯定会购买,肯定会购买,-,-,好看又好用,11.11s,光栅款,好看又好用,经常会,女,25-30岁,自由职业/个体经营,一线,偏低,未知,广东省,深圳市
208,是,88903406,726476,1024659,"贴片面膜,洗衣液/洗衣凝珠,洗面奶/洁面乳,手机充电线/数据线,平板电脑保护套/壳,室内绿植/花卉,T恤/裙子,奶茶/咖啡,抽纸/卷纸",近12个月内,50–79元,完全由我自己决定购买哪个品牌和产品,Apple（苹果）,以上均无,均未参加过,本科,磁吸不可拆分保护套,"防摔防磕/保护性强,支架稳定/角度好用,外观好看/有设计感,耐用不易坏,价格合适/性价比高","防摔防磕/保护性强,支架稳定/角度好用,耐用不易坏,价格合适/性价比高,外观好看/有设计感",80-99元,可能会,我已认真阅读,购买意愿: [肯定会购买],吸引力: [非常吸引],"磁吸拆分方便,外观看起来简洁,保护性较好",我已认真阅读,购买意愿: [肯定会购买],四角气囊防护外显: [非常吸引];侧面直取笔槽: [比较吸引];更丰富、更个性化的配色选择: [非常吸引],愿意多付11-15元,肯定会购买,可能会购买,可能会购买,-,-,防护到位更好的保护好屏护配色简约大气,我已认真阅读,购买意愿: [肯定会购买],光栅纹理背板的视觉效果: [非常吸引];微磨砂质感: [非常吸引];相比普通光面背板更不易沾指纹: [非常吸引];整体看起来更特别/更有设计感: [非常吸引],愿意多付16-20元,肯定会购买,可能会购买,说不清,-,-,不留指纹这一点很好，不脏保护屏幕,20.3s,光栅款,光栅版不会留下指纹，会显得很干净,有时会,女,25-30岁,企业职员,二线,低,未知,山东省,济南市
209,是,88903411,726476,1024659,"平板电脑保护套/壳,洗面奶/洁面乳,贴片面膜,手机壳,薯片/膨化食品,手机贴膜,洗衣液/洗衣凝珠,奶茶/咖啡,充电宝/移动电源,手机充电线/数据线,抽纸/卷纸",近12个月内,120–149元,完全由我自己决定购买哪个品牌和产品,Apple（苹果）,以上均无,均未参加过,本科,"普通翻盖保护套,旋转可拆分磁吸保护套,带笔槽保护套","防摔防磕/保护性强,触控笔收纳和拿取方便,支架稳定/角度好用,不易沾指纹/不易显脏,外观好看/有设计感,材质手感好,与平板搭配协调,品牌可信/品质稳定,轻薄便携","防摔防磕/保护性强,触控笔收纳和拿取方便,外观好看/有设计感,支架稳定/角度好用,不易沾指纹/不易显脏,与平板搭配协调,轻薄便携,材质手感好,品牌可信/品质稳定",120-149元,肯定会,我已认真阅读,购买意愿: [肯定会购买],吸引力: [非常吸引],"磁吸拆分方便,可旋转使用,支撑看剧/学习/办公,外观看起来简洁,保护性较好",我已认真阅读,购买意愿: [肯定会购买],四角气囊防护外显: [非常吸引];侧面直取笔槽: [非常吸引];更丰富、更个性化的配色选择: [比较吸引],愿意多付21元及以上,肯定会购买,可能会购买,可能会购买,-,-,保护性强，而且有专属的取笔放笔的收纳,我已认真阅读,购买意愿: [肯定会购买],微磨砂质感: [非常吸引];光栅纹理背板的视觉效果: [非常吸引];相比普通光面背板更不易沾指纹: [非常吸引];整体看起来更特别/更有设计感: [非常吸引],愿意多付16-20元,肯定会购买,肯定会购买,可能会购买,-,-,防指纹，外观颜值很在线。,25.25s,光栅款,四周保护，而且也不易沾指纹这点很戳我,经常会,女,25-30岁,自由职业/个体经营,二线,偏低,"已婚,育婴期,已育,已有车",湖北省,武汉市
210,是,88903415,726476,1024659,"平板电脑保护套/壳,平板电脑,手机壳,充电宝/移动电源",近12个月内,记不清,完全由我自己决定购买哪个品牌和产品,Apple（苹果）,以上均无,均未参加过,硕士及以上,键盘保护套,"防摔防磕/保护性强,不易沾指纹/不易显脏,与平板搭配协调","防摔防磕/保护性强,不易沾指纹/不易显脏,与平板搭配协调",80-99元,可能会,我已认真阅读,购买意愿: [可能会购买],吸引力: [比较吸引],保护性较好,我已认真阅读,购买意愿: [可能会购买],四角气囊防护外显: [比较吸引];侧面直取笔槽: [非常吸引];更丰富、更个性化的配色选择: [非常吸引],愿意多付6-10元,可能会购买,说不清,-,-,-,愿意多付钱，因为这种设计更保护平板,我已认真阅读,购买意愿: [可能会购买],光栅纹理背板的视觉效果: [非常吸引];微磨砂质感: [比较吸引];相比普通光面背板更不易沾指纹: [非常吸引];整体看起来更特别/更有设计感: [非常吸引],愿意多付11-15元,可能会购买,说不清,-,-,-,不留指纹，这个卖点比较需要,28.11s,两款都可以，没有明显偏好,两款都不错，就看有没有自己喜欢的颜色了,经常会,女,25-30岁,专业人士,四线,低,未知,陕西省,宝鸡市
211,是,88903448,726476,1024659,"洗面奶/洁面乳,薯片/膨化食品,T恤/裙子,桌面收纳,手机壳,充电宝/移动电源,运动鞋,奶茶/咖啡,抽纸/卷纸,洗衣液/洗衣凝珠,平板电脑保护套/壳",近12个月内,100–119元,完全由我自己决定购买哪个品牌和产品,Apple（苹果）,以上均无,均未参加过,硕士及以上,磁吸不可拆分保护套,"防摔防磕/保护性强,不易沾指纹/不易显脏,触控笔收纳和拿取方便,价格合适/性价比高,品牌可信/品质稳定,耐用不易坏,与平板搭配协调","防摔防磕/保护性强,品牌可信/品质稳定,价格合适/性价比高,触控笔收纳和拿取方便,耐用不易坏,与平板搭配协调,不易沾指纹/不易显脏",50-79元,可能会,我已认真阅读,购买意愿: [可能会购买],吸引力: [比较吸引],"外观看起来简洁,磁吸拆分方便,保护性较好",我已认真阅读,购买意愿: [可能不会购买],四角气囊防护外显: [比较吸引];更丰富、更个性化的配色选择: [不太吸引];侧面直取笔槽: [一般],不愿意多付钱,可能不会购买,-,-,可能不会购买,说不清,配色给人感觉很不好看，同时实用性没有很明显提升,我已认真阅读,购买意愿: [说不清],光栅纹理背板的视觉效果: [不太吸引];微磨砂质感: [一般];相比普通光面背板更不易沾指纹: [比较吸引];整体看起来更特别/更有设计感: [不太吸引],愿意多付5元以内,肯定不会购买,-,-,可能不会购买,说不清,仅仅因为防指纹就要多花钱，我觉得不值，而且颜色我也不喜欢,24.46s,两款都可以，没有明显偏好,我对这两款没有明显偏好,很少会,男,25-30岁,学生,二线,低,单身,福建省,福州市
212,是,88903469,726476,1024659,"手机充电线/数据线,平板电脑保护套/壳,无线蓝牙耳机,手机贴膜,手机壳,平板电脑,洗面奶/洁面乳,奶茶/咖啡,智能手表/手环,充电宝/移动电源,薯片/膨化食品,T恤/裙子,贴片面膜",近12个月内,120–149元,完全由我自己决定购买哪个品牌和产品,Apple（苹果）,以上均无,均未参加过,本科,"磁吸不可拆分保护套,透明/半透明保护壳,普通翻盖保护套,单壳（不带盖板）保护套,旋转可拆分磁吸保护套","防摔防磕/保护性强,材质手感好,外观好看/有设计感,品牌可信/品质稳定,与平板搭配协调,颜色选择丰富","颜色选择丰富,品牌可信/品质稳定,外观好看/有设计感,防摔防磕/保护性强,与平板搭配协调,材质手感好",120-149元,肯定会,我已认真阅读,购买意愿: [可能会购买],吸引力: [比较吸引],"可旋转使用,磁吸拆分方便,支撑看剧/学习/办公,价格合适,外观看起来简洁,保护性较好",我已认真阅读,购买意愿: [肯定会购买],四角气囊防护外显: [非常吸引];侧面直取笔槽: [比较吸引];更丰富、更个性化的配色选择: [非常吸引],愿意多付21元及以上,肯定会购买,肯定会购买,可能会购买,-,-,看产品各方面的配置值不值得多付钱吧,我已认真阅读,购买意愿: [肯定会购买],光栅纹理背板的视觉效果: [非常吸引];微磨砂质感: [非常吸引];相比普通光面背板更不易沾指纹: [非常吸引];整体看起来更特别/更有设计感: [非常吸引],愿意多付21元及以上,肯定会购买,肯定会购买,可能会购买,-,-,看产品各方面情况决定的,21.2s,光栅款,更符合我的喜好一些吧,经常会,女,25-30岁,专业人士,四线,偏低,单身,福建省,宁德市
214,是,88903490,726476,1024659,"平板电脑,智能手表/手环,洗面奶/洁面乳,鼠标/机械键盘,平板电脑保护套/壳,无线蓝牙耳机,手机充电线/数据线,手机贴膜,充电宝/移动电源,洗衣液/洗衣凝珠,抽纸/卷纸,薯片/膨化食品,手机壳",近12个月内,120–149元,完全由我自己决定购买哪个品牌和产品,Apple（苹果）,以上均无,均未参加过,本科,"带笔槽保护套,普通翻盖保护套,单壳（不带盖板）保护套","防摔防磕/保护性强,支架稳定/角度好用,材质手感好,不易沾指纹/不易显脏,轻薄便携,价格合适/性价比高,耐用不易坏,与平板搭配协调","防摔防磕/保护性强,支架稳定/角度好用,与平板搭配协调,轻薄便携,材质手感好,价格合适/性价比高,耐用不易坏,不易沾指纹/不易显脏",120-149元,肯定会,我已认真阅读,购买意愿: [肯定会购买],吸引力: [非常吸引],"可旋转使用,磁吸拆分方便,支撑看剧/学习/办公,保护性较好,价格合适,品牌/品质感较好",我已认真阅读,购买意愿: [肯定会购买],四角气囊防护外显: [非常吸引];侧面直取笔槽: [比较吸引];更丰富、更个性化的配色选择: [比较吸引],愿意多付21元及以上,肯定会购买,可能会购买,可能会购买,-,-,四周气囊增强了平板的保护力，不容易摔坏，这一点很吸引我，愿意多支付更多价值,我已认真阅读,购买意愿: [肯定会购买],光栅纹理背板的视觉效果: [比较吸引];微磨砂质感: [比较吸引];相比普通光面背板更不易沾指纹: [非常吸引];整体看起来更特别/更有设计感: [比较吸引],愿意多付21元及以上,肯定会购买,可能会购买,说不清,-,-,不粘指纹这一点解决了我的痛点，很吸引我，愿意为其多支付,51.74s,升级光面款,四周气囊对平板的保护非常契合我的需求，我愿意为其支付更多,有时会,女,25-30岁,企业职员,三线,低,未知,山东省,泰安市
215,是,88903500,726476,1024659,"平板电脑保护套/壳,洗衣液/洗衣凝珠,抽纸/卷纸,T恤/裙子,运动鞋,洗面奶/洁面乳,室内绿植/花卉",近12个月内,120–149元,完全由我自己决定购买哪个品牌和产品,Apple（苹果）,以上均无,均未参加过,硕士及以上,旋转可拆分磁吸保护套,"防摔防磕/保护性强,支架稳定/角度好用,价格合适/性价比高,品牌可信/品质稳定","品牌可信/品质稳定,支架稳定/角度好用,防摔防磕/保护性强,价格合适/性价比高",120-149元,可能会,我已认真阅读,购买意愿: [肯定会购买],吸引力: [非常吸引],"支撑看剧/学习/办公,磁吸拆分方便,价格合适",我已认真阅读,购买意愿: [可能会购买],四角气囊防护外显: [一般];侧面直取笔槽: [一般];更丰富、更个性化的配色选择: [一般],愿意多付6-10元,可能会购买,可能会购买,可能会购买,-,-,看起来颜值一般,我已认真阅读,购买意愿: [肯定会购买],光栅纹理背板的视觉效果: [非常吸引];微磨砂质感: [非常吸引];相比普通光面背板更不易沾指纹: [非常吸引];整体看起来更特别/更有设计感: [比较吸引],愿意多付16-20元,肯定会购买,肯定会购买,可能会购买,-,-,防指纹挺喜欢的,16.11s,光栅款,指纹这一点很实用,经常会,女,31-35岁,自由职业/个体经营,四线,低,"准备结婚期,育婴期,已育,装修期,已有车",山东省,枣庄市
216,是,88903502,726476,1024659,"平板电脑,智能手表/手环,手机壳,平板电脑保护套/壳",近12个月内,120–149元,完全由我自己决定购买哪个品牌和产品,Apple（苹果）,以上均无,均未参加过,本科,"普通翻盖保护套,旋转可拆分磁吸保护套,磁吸不可拆分保护套","防摔防磕/保护性强,支架稳定/角度好用,不易沾指纹/不易显脏,外观好看/有设计感,轻薄便携,与平板搭配协调","支架稳定/角度好用,防摔防磕/保护性强,与平板搭配协调,轻薄便携,不易沾指纹/不易显脏,外观好看/有设计感",120-149元,肯定会,我已认真阅读,购买意愿: [可能会购买],吸引力: [比较吸引],"可旋转使用,磁吸拆分方便,保护性较好,外观看起来简洁,品牌/品质感较好",我已认真阅读,购买意愿: [说不清],四角气囊防护外显: [比较吸引];侧面直取笔槽: [比较吸引];更丰富、更个性化的配色选择: [比较吸引],愿意多付21元及以上,可能会购买,可能会购买,可能会购买,-,-,配色好看可以吗 手感好的 不影响散热的 ,我已认真阅读,购买意愿: [肯定会购买],光栅纹理背板的视觉效果: [非常吸引];微磨砂质感: [非常吸引];相比普通光面背板更不易沾指纹: [非常吸引];整体看起来更特别/更有设计感: [非常吸引],愿意多付21元及以上,可能会购买,可能会购买,说不清,-,-,手感好不停留手油的话更好,16.78s,光栅款,光面的手感不如光栅卡,经常会,女,25-30岁,企业职员,二线,低,"已婚,育婴期,已有房,已有车",浙江省,杭州市
217,是,88903507,726476,1024659,"鼠标/机械键盘,桌面收纳,智能手表/手环,洗衣液/洗衣凝珠,平板电脑,贴片面膜,手机贴膜,平板电脑保护套/壳,薯片/膨化食品,奶茶/咖啡,手机充电线/数据线,抽纸/卷纸,手机壳,洗面奶/洁面乳,运动鞋,T恤/裙子,充电宝/移动电源,无线蓝牙耳机,室内绿植/花卉",近12个月内,120–149元,完全由我自己决定购买哪个品牌和产品,Apple（苹果）,以上均无,均未参加过,本科,"普通翻盖保护套,磁吸不可拆分保护套,带笔槽保护套","支架稳定/角度好用,防摔防磕/保护性强,触控笔收纳和拿取方便,颜色选择丰富,轻薄便携,价格合适/性价比高,耐用不易坏,外观好看/有设计感,与平板搭配协调,不易沾指纹/不易显脏","外观好看/有设计感,防摔防磕/保护性强,不易沾指纹/不易显脏,颜色选择丰富,价格合适/性价比高,轻薄便携,支架稳定/角度好用,耐用不易坏,与平板搭配协调,触控笔收纳和拿取方便",120-149元,肯定会,我已认真阅读,购买意愿: [可能会购买],吸引力: [比较吸引],"可旋转使用,磁吸拆分方便,保护性较好,支撑看剧/学习/办公,价格合适",我已认真阅读,购买意愿: [可能会购买],四角气囊防护外显: [非常吸引];侧面直取笔槽: [比较吸引];更丰富、更个性化的配色选择: [非常吸引],愿意多付11-15元,可能会购买,可能会购买,说不清,-,-,配色不是特别好看，外观设计略土气,我已认真阅读,购买意愿: [肯定会购买],微磨砂质感: [比较吸引];光栅纹理背板的视觉效果: [比较吸引];相比普通光面背板更不易沾指纹: [非常吸引];整体看起来更特别/更有设计感: [非常吸引],愿意多付16-20元,肯定会购买,可能会购买,说不清,-,-,看起来质感更好，并且防指纹,17.38s,光栅款,外观更加独特，手感更好，同时更加防指纹,经常会,女,25-30岁,其他,三线,低,未知,浙江省,温州市
218,是,88903511,726476,1024659,"手机贴膜,平板电脑保护套/壳,充电宝/移动电源,手机壳,洗面奶/洁面乳,运动鞋,平板电脑,手机充电线/数据线,T恤/裙子,室内绿植/花卉,奶茶/咖啡,抽纸/卷纸,洗衣液/洗衣凝珠,智能手表/手环,无线蓝牙耳机,贴片面膜,薯片/膨化食品",近13-24个月内,50–79元,完全由我自己决定购买哪个品牌和产品,Apple（苹果）,以上均无,均未参加过,本科,"磁吸不可拆分保护套,带笔槽保护套","防摔防磕/保护性强,支架稳定/角度好用,外观好看/有设计感,轻薄便携,价格合适/性价比高","外观好看/有设计感,支架稳定/角度好用,防摔防磕/保护性强,轻薄便携,价格合适/性价比高",80-99元,肯定会,我已认真阅读,购买意愿: [可能会购买],吸引力: [非常吸引],"磁吸拆分方便,支撑看剧/学习/办公",我已认真阅读,购买意愿: [可能会购买],四角气囊防护外显: [非常吸引];侧面直取笔槽: [非常吸引];更丰富、更个性化的配色选择: [比较吸引],愿意多付6-10元,可能会购买,可能会购买,可能不会购买,-,-,外观单调，有点贵,我已认真阅读,购买意愿: [可能会购买],光栅纹理背板的视觉效果: [比较吸引];微磨砂质感: [比较吸引];相比普通光面背板更不易沾指纹: [比较吸引];整体看起来更特别/更有设计感: [比较吸引],愿意多付5元以内,可能会购买,可能会购买,可能不会购买,-,-,太贵了,6.9s,光栅款,好看一些,经常会,女,36-40岁,企业职员,二线,低,未知,天津,天津市
219,是,88903517,726476,1024659,"平板电脑,平板电脑保护套/壳,手机充电线/数据线,充电宝/移动电源",近12个月内,120–149元,完全由我自己决定购买哪个品牌和产品,Apple（苹果）,以上均无,均未参加过,硕士及以上,键盘保护套,"支架稳定/角度好用,防摔防磕/保护性强,触控笔收纳和拿取方便,与平板搭配协调,外观好看/有设计感","与平板搭配协调,支架稳定/角度好用,触控笔收纳和拿取方便,防摔防磕/保护性强,外观好看/有设计感",150-199元,可能会,我已认真阅读,购买意愿: [可能会购买],吸引力: [比较吸引],"可旋转使用,磁吸拆分方便,外观看起来简洁",我已认真阅读,购买意愿: [肯定会购买],四角气囊防护外显: [非常吸引];侧面直取笔槽: [比较吸引];更丰富、更个性化的配色选择: [比较吸引],愿意多付6-10元,可能会购买,可能会购买,说不清,-,-,愿意是因为，更能防磕碰，颜色很喜欢清新,我已认真阅读,购买意愿: [可能会购买],光栅纹理背板的视觉效果: [比较吸引];微磨砂质感: [一般];相比普通光面背板更不易沾指纹: [比较吸引];整体看起来更特别/更有设计感: [比较吸引],愿意多付6-10元,可能会购买,说不清,-,-,-,磨砂，拿着摩擦力强，不容易掉，加10以内可接受,45.27s,光栅款,摩擦力更强，拿着方便,有时会,女,25-30岁,专业人士,二线,低,未知,辽宁省,沈阳市
220,是,88903529,726476,1024659,"平板电脑,充电宝/移动电源,智能手表/手环,手机壳,手机充电线/数据线,平板电脑保护套/壳,手机贴膜,鼠标/机械键盘,贴片面膜",近12个月内,120–149元,完全由我自己决定购买哪个品牌和产品,Apple（苹果）,以上均无,均未参加过,硕士及以上,"普通翻盖保护套,带笔槽保护套,键盘保护套,磁吸不可拆分保护套","防摔防磕/保护性强,支架稳定/角度好用,外观好看/有设计感,不易沾指纹/不易显脏,价格合适/性价比高,耐用不易坏","防摔防磕/保护性强,耐用不易坏,不易沾指纹/不易显脏,支架稳定/角度好用,价格合适/性价比高,外观好看/有设计感",120-149元,肯定会,我已认真阅读,购买意愿: [可能会购买],吸引力: [比较吸引],"可旋转使用,磁吸拆分方便,外观看起来简洁,保护性较好,支撑看剧/学习/办公",我已认真阅读,购买意愿: [可能会购买],四角气囊防护外显: [非常吸引];侧面直取笔槽: [比较吸引];更丰富、更个性化的配色选择: [一般],愿意多付16-20元,可能会购买,可能会购买,可能会购买,-,-,设计的很符合普通人日常从娱乐到办公所需要的平板支撑姿势，并且着力于用户的痛点和买点，从多方面深入了解并解决用户需求和问题,我已认真阅读,购买意愿: [可能会购买],光栅纹理背板的视觉效果: [比较吸引];微磨砂质感: [一般];相比普通光面背板更不易沾指纹: [非常吸引];整体看起来更特别/更有设计感: [一般],愿意多付5元以内,说不清,-,-,可能会购买,-,主要的卖点就是不易沾指纹，其余方面并没有什么吸引人购买的,33.58s,两款都可以，没有明显偏好,两款的区别和优势并不太有区分，从个人角度来看会更愿意购买更有性价比的一款,有时会,女,25-30岁,学生,五线,中等,恋爱期,湖南省,永州市
221,是,88903531,726476,1024659,"平板电脑保护套/壳,手机壳,洗面奶/洁面乳,贴片面膜,薯片/膨化食品,智能手表/手环,运动鞋,充电宝/移动电源,室内绿植/花卉,奶茶/咖啡,无线蓝牙耳机,T恤/裙子,洗衣液/洗衣凝珠,手机贴膜",近12个月内,120–149元,完全由我自己决定购买哪个品牌和产品,Apple（苹果）,以上均无,均未参加过,本科,"普通翻盖保护套,带笔槽保护套","防摔防磕/保护性强,触控笔收纳和拿取方便,不易沾指纹/不易显脏,支架稳定/角度好用,材质手感好,外观好看/有设计感,轻薄便携,价格合适/性价比高,与平板搭配协调,耐用不易坏,品牌可信/品质稳定,颜色选择丰富","防摔防磕/保护性强,品牌可信/品质稳定,材质手感好,触控笔收纳和拿取方便,轻薄便携,颜色选择丰富,支架稳定/角度好用,耐用不易坏,外观好看/有设计感,不易沾指纹/不易显脏,与平板搭配协调,价格合适/性价比高",120-149元,肯定会,我已认真阅读,购买意愿: [肯定会购买],吸引力: [非常吸引],"可旋转使用,磁吸拆分方便,支撑看剧/学习/办公,价格合适,保护性较好,品牌/品质感较好,外观看起来简洁",我已认真阅读,购买意愿: [肯定会购买],四角气囊防护外显: [非常吸引];侧面直取笔槽: [非常吸引];更丰富、更个性化的配色选择: [非常吸引],愿意多付21元及以上,肯定会购买,肯定会购买,可能会购买,-,-,适合我的平板电脑，有科技感,我已认真阅读,购买意愿: [肯定会购买],光栅纹理背板的视觉效果: [非常吸引];微磨砂质感: [非常吸引];相比普通光面背板更不易沾指纹: [非常吸引];整体看起来更特别/更有设计感: [非常吸引],愿意多付21元及以上,肯定会购买,肯定会购买,肯定会购买,-,-,我喜欢磨砂感觉,11.26s,光栅款,性价比高，我更喜欢磨砂的质感，摸上去很舒服，防护效果好，复合我的使用习惯,有时会,女,25-30岁,自由职业/个体经营,二线,低,未知,安徽省,合肥市
222,是,88903553,726476,1024659,"充电宝/移动电源,奶茶/咖啡,T恤/裙子,手机壳,抽纸/卷纸,平板电脑保护套/壳,手机贴膜,桌面收纳,手机充电线/数据线",近12个月内,120–149元,完全由我自己决定购买哪个品牌和产品,Apple（苹果）,以上均无,均未参加过,本科,"旋转可拆分磁吸保护套,磁吸不可拆分保护套,普通翻盖保护套,透明/半透明保护壳","防摔防磕/保护性强,支架稳定/角度好用,材质手感好,外观好看/有设计感,与平板搭配协调","支架稳定/角度好用,材质手感好,外观好看/有设计感,防摔防磕/保护性强,与平板搭配协调",120-149元,可能会,我已认真阅读,购买意愿: [肯定会购买],吸引力: [比较吸引],"可旋转使用,磁吸拆分方便,价格合适,外观看起来简洁,保护性较好",我已认真阅读,购买意愿: [可能会购买],四角气囊防护外显: [一般];侧面直取笔槽: [比较吸引];更丰富、更个性化的配色选择: [非常吸引],愿意多付6-10元,可能会购买,可能会购买,可能会购买,-,-,愿意，我愿意，这样的功能更好，可以更好保护平板,我已认真阅读,购买意愿: [肯定会购买],光栅纹理背板的视觉效果: [比较吸引];微磨砂质感: [非常吸引];相比普通光面背板更不易沾指纹: [非常吸引];整体看起来更特别/更有设计感: [比较吸引],愿意多付16-20元,肯定会购买,可能会购买,可能会购买,-,-,我愿意，我喜欢磨砂的质感,9.87s,光栅款,光栅的质感更加高级,经常会,女,25-30岁,其他,三线,偏高,"已婚,已育,已有房,孝敬期",福建省,莆田市
223,是,88903574,726476,1024659,"洗面奶/洁面乳,平板电脑保护套/壳,智能手表/手环",近12个月内,100–119元,完全由我自己决定购买哪个品牌和产品,Apple（苹果）,以上均无,均未参加过,大专,磁吸不可拆分保护套,"防摔防磕/保护性强,支架稳定/角度好用,价格合适/性价比高","支架稳定/角度好用,防摔防磕/保护性强,价格合适/性价比高",100-119元,可能会,我已认真阅读,购买意愿: [可能会购买],吸引力: [比较吸引],"可旋转使用,外观看起来简洁,保护性较好",我已认真阅读,购买意愿: [可能会购买],四角气囊防护外显: [比较吸引];侧面直取笔槽: [比较吸引];更丰富、更个性化的配色选择: [非常吸引],愿意多付21元及以上,肯定会购买,可能会购买,可能会购买,-,-,对平板电脑保护好，要携带方便，配色多选择,我已认真阅读,购买意愿: [可能会购买],光栅纹理背板的视觉效果: [比较吸引];微磨砂质感: [比较吸引];相比普通光面背板更不易沾指纹: [比较吸引];整体看起来更特别/更有设计感: [非常吸引],愿意多付21元及以上,肯定会购买,可能会购买,可能会购买,-,-,外观够吸引，质感体验好，最重要是防指纹,75.39s,光栅款,对光栅款感兴趣，外观材质都喜欢，对平板电脑有很好的防护,有时会,女,25-30岁,企业职员,二线,低,"已婚,已育,已有房",广东省,佛山市
224,是,88903576,726476,1024659,"智能手表/手环,洗面奶/洁面乳,抽纸/卷纸,手机充电线/数据线,手机壳,充电宝/移动电源,鼠标/机械键盘,T恤/裙子,无线蓝牙耳机,运动鞋,平板电脑保护套/壳,手机贴膜",近12个月内,150–199元,完全由我自己决定购买哪个品牌和产品,Apple（苹果）,以上均无,均未参加过,本科,键盘保护套,"防摔防磕/保护性强,支架稳定/角度好用,触控笔收纳和拿取方便,材质手感好,不易沾指纹/不易显脏,外观好看/有设计感,颜色选择丰富,轻薄便携,品牌可信/品质稳定,价格合适/性价比高,耐用不易坏,与平板搭配协调","防摔防磕/保护性强,耐用不易坏,材质手感好,价格合适/性价比高,支架稳定/角度好用,与平板搭配协调,轻薄便携,不易沾指纹/不易显脏,品牌可信/品质稳定,触控笔收纳和拿取方便,外观好看/有设计感,颜色选择丰富",150-199元,肯定会,我已认真阅读,购买意愿: [可能会购买],吸引力: [比较吸引],"可旋转使用,磁吸拆分方便,支撑看剧/学习/办公,价格合适,外观看起来简洁,保护性较好",我已认真阅读,购买意愿: [可能会购买],侧面直取笔槽: [非常吸引];更丰富、更个性化的配色选择: [比较吸引];四角气囊防护外显: [非常吸引],愿意多付6-10元,可能会购买,可能会购买,说不清,-,-,四角防护，能更好的保护平板。笔槽拿取更方便,我已认真阅读,购买意愿: [肯定会购买],光栅纹理背板的视觉效果: [非常吸引];微磨砂质感: [非常吸引];相比普通光面背板更不易沾指纹: [非常吸引];整体看起来更特别/更有设计感: [非常吸引],愿意多付16-20元,肯定会购买,肯定会购买,可能会购买,-,-,磨砂手感更舒适，防滑，不留指纹，看着更高级,33.24s,光栅款,外观看着更高级，防滑，不留指纹，使用手感更舒适,经常会,女,25-30岁,企业职员,一线,低,"已婚,已育,装修期,已有房,已有车",北京,北京市
225,是,88903586,726476,1024659,"手机充电线/数据线,平板电脑保护套/壳,贴片面膜,洗面奶/洁面乳,洗衣液/洗衣凝珠,智能手表/手环,抽纸/卷纸,薯片/膨化食品,运动鞋,T恤/裙子,奶茶/咖啡,手机壳",近12个月内,120–149元,完全由我自己决定购买哪个品牌和产品,Apple（苹果）,以上均无,均未参加过,本科,磁吸不可拆分保护套,"防摔防磕/保护性强,支架稳定/角度好用,触控笔收纳和拿取方便,不易沾指纹/不易显脏,颜色选择丰富,品牌可信/品质稳定,耐用不易坏,价格合适/性价比高,轻薄便携,外观好看/有设计感,与平板搭配协调","品牌可信/品质稳定,防摔防磕/保护性强,支架稳定/角度好用,轻薄便携,价格合适/性价比高,外观好看/有设计感,与平板搭配协调,颜色选择丰富,触控笔收纳和拿取方便,耐用不易坏,不易沾指纹/不易显脏",120-149元,可能会,我已认真阅读,购买意愿: [可能会购买],吸引力: [一般],"可旋转使用,磁吸拆分方便,支撑看剧/学习/办公,价格合适,外观看起来简洁,保护性较好,品牌/品质感较好",我已认真阅读,购买意愿: [肯定会购买],四角气囊防护外显: [比较吸引];侧面直取笔槽: [一般];更丰富、更个性化的配色选择: [非常吸引],不愿意多付钱,可能会购买,可能会购买,可能不会购买,-,-,这是平板保护套的基础功能，如果这些基础功能要溢价，消费者难以接受,我已认真阅读,购买意愿: [可能会购买],光栅纹理背板的视觉效果: [一般];微磨砂质感: [非常吸引];相比普通光面背板更不易沾指纹: [非常吸引];整体看起来更特别/更有设计感: [比较吸引],愿意多付5元以内,肯定会购买,可能不会购买,-,-,-,材质的不同 ，不应该成为品牌溢价的理由，基础功能做到位才最重要,59.13s,光栅款,磨砂防滑，减少指纹留痕，更加好收拾好收纳，不显脏,完全不会,女,25-30岁,其他,二线,偏低,未知,福建省,泉州市
226,是,88903594,726476,1024659,"无线蓝牙耳机,智能手表/手环,洗面奶/洁面乳,洗衣液/洗衣凝珠,抽纸/卷纸,T恤/裙子,充电宝/移动电源,平板电脑保护套/壳,运动鞋,手机贴膜,手机壳,手机充电线/数据线,薯片/膨化食品,鼠标/机械键盘",近12个月内,150–199元,完全由我自己决定购买哪个品牌和产品,Apple（苹果）,以上均无,均未参加过,本科,键盘保护套,"防摔防磕/保护性强,支架稳定/角度好用,触控笔收纳和拿取方便,材质手感好,不易沾指纹/不易显脏,外观好看/有设计感,轻薄便携,品牌可信/品质稳定,价格合适/性价比高,耐用不易坏,与平板搭配协调","防摔防磕/保护性强,支架稳定/角度好用,耐用不易坏,材质手感好,与平板搭配协调,价格合适/性价比高,品牌可信/品质稳定,不易沾指纹/不易显脏,触控笔收纳和拿取方便,轻薄便携,外观好看/有设计感",150-199元,肯定会,我已认真阅读,购买意愿: [可能会购买],吸引力: [比较吸引],"可旋转使用,磁吸拆分方便,支撑看剧/学习/办公,价格合适,外观看起来简洁,保护性较好",我已认真阅读,购买意愿: [可能会购买],四角气囊防护外显: [非常吸引];侧面直取笔槽: [非常吸引];更丰富、更个性化的配色选择: [比较吸引],愿意多付6-10元,可能会购买,可能会购买,说不清,-,-,笔槽拿取更方便，日常使用更便利。四角防护能更好的保护平板,我已认真阅读,购买意愿: [肯定会购买],光栅纹理背板的视觉效果: [非常吸引];微磨砂质感: [非常吸引];相比普通光面背板更不易沾指纹: [非常吸引];整体看起来更特别/更有设计感: [非常吸引],愿意多付16-20元,肯定会购买,肯定会购买,可能会购买,-,-,外观更时尚，磨砂质感更舒适。不沾指纹，更高级,35.91s,光栅款,外观更时尚，磨砂质感更舒适。不沾指纹，看着更干净，好打理，使用更方便,经常会,女,25-30岁,企业职员,二线,低,未知,辽宁省,沈阳市
227,是,88903604,726476,1024659,"洗面奶/洁面乳,抽纸/卷纸,贴片面膜,无线蓝牙耳机,手机壳,手机充电线/数据线,薯片/膨化食品,充电宝/移动电源,手机贴膜,奶茶/咖啡,洗衣液/洗衣凝珠,T恤/裙子,平板电脑保护套/壳",近12个月内,50–79元,完全由我自己决定购买哪个品牌和产品,Apple（苹果）,以上均无,均未参加过,本科,"普通翻盖保护套,透明/半透明保护壳,键盘保护套,带笔槽保护套,旋转可拆分磁吸保护套","防摔防磕/保护性强,材质手感好,颜色选择丰富,触控笔收纳和拿取方便,支架稳定/角度好用","防摔防磕/保护性强,材质手感好,颜色选择丰富,触控笔收纳和拿取方便,支架稳定/角度好用",80-99元,肯定会,我已认真阅读,购买意愿: [可能会购买],吸引力: [非常吸引],"可旋转使用,磁吸拆分方便,支撑看剧/学习/办公,价格合适,外观看起来简洁,保护性较好",我已认真阅读,购买意愿: [肯定会购买],四角气囊防护外显: [比较吸引];侧面直取笔槽: [比较吸引];更丰富、更个性化的配色选择: [一般],不愿意多付钱,肯定会购买,可能会购买,可能会购买,-,-,看着更好看更耐用,我已认真阅读,购买意愿: [肯定会购买],光栅纹理背板的视觉效果: [比较吸引];微磨砂质感: [非常吸引];相比普通光面背板更不易沾指纹: [比较吸引];整体看起来更特别/更有设计感: [一般],不愿意多付钱,可能会购买,肯定会购买,肯定会购买,-,-,效果很不错,46.13s,两款都可以，没有明显偏好,材质看着更好。感觉保护效果更好,有时会,女,31-35岁,企业职员,一线,低,未知,广东省,深圳市
228,是,88903622,726476,1024659,"手机贴膜,手机充电线/数据线,充电宝/移动电源,奶茶/咖啡,鼠标/机械键盘,T恤/裙子,抽纸/卷纸,平板电脑保护套/壳,室内绿植/花卉,无线蓝牙耳机,洗面奶/洁面乳,贴片面膜,手机壳,薯片/膨化食品,洗衣液/洗衣凝珠,桌面收纳,智能手表/手环,平板电脑,运动鞋",近12个月内,80–99元,完全由我自己决定购买哪个品牌和产品,Apple（苹果）,以上均无,均未参加过,本科,"磁吸不可拆分保护套,键盘保护套","防摔防磕/保护性强,支架稳定/角度好用,触控笔收纳和拿取方便,不易沾指纹/不易显脏,轻薄便携","防摔防磕/保护性强,触控笔收纳和拿取方便,支架稳定/角度好用,轻薄便携,不易沾指纹/不易显脏",80-99元,肯定会,我已认真阅读,购买意愿: [可能会购买],吸引力: [比较吸引],磁吸拆分方便,我已认真阅读,购买意愿: [可能会购买],四角气囊防护外显: [比较吸引];侧面直取笔槽: [非常吸引];更丰富、更个性化的配色选择: [比较吸引],愿意多付16-20元,可能会购买,说不清,-,-,-,增加的升级点不是特别的在意,我已认真阅读,购买意愿: [说不清],光栅纹理背板的视觉效果: [一般];微磨砂质感: [比较吸引];相比普通光面背板更不易沾指纹: [比较吸引];整体看起来更特别/更有设计感: [一般],不愿意多付钱,可能不会购买,-,-,可能不会购买,说不清,升级点的功能比较理所当然,14.14s,两款都可以，没有明显偏好,日常使用足够的情况下不想为升级的功能多付费,有时会,女,31-35岁,企业职员,二线,中等,"已婚,育婴期,已育,装修期,已有房,已有车",湖北省,武汉市
229,是,88903626,726476,1024659,"鼠标/机械键盘,无线蓝牙耳机,手机壳,充电宝/移动电源,平板电脑,手机充电线/数据线,洗衣液/洗衣凝珠,洗面奶/洁面乳,智能手表/手环,平板电脑保护套/壳,手机贴膜,贴片面膜",近12个月内,120–149元,完全由我自己决定购买哪个品牌和产品,Apple（苹果）,以上均无,均未参加过,本科,"普通翻盖保护套,磁吸不可拆分保护套,键盘保护套,透明/半透明保护壳","支架稳定/角度好用,防摔防磕/保护性强,触控笔收纳和拿取方便,不易沾指纹/不易显脏,材质手感好,品牌可信/品质稳定,耐用不易坏,与平板搭配协调,外观好看/有设计感","防摔防磕/保护性强,支架稳定/角度好用,品牌可信/品质稳定,材质手感好,不易沾指纹/不易显脏,与平板搭配协调,外观好看/有设计感,触控笔收纳和拿取方便,耐用不易坏",120-149元,肯定会,我已认真阅读,购买意愿: [肯定会购买],吸引力: [比较吸引],"可旋转使用,磁吸拆分方便,保护性较好,外观看起来简洁,支撑看剧/学习/办公,价格合适",我已认真阅读,购买意愿: [可能会购买],四角气囊防护外显: [非常吸引];侧面直取笔槽: [比较吸引];更丰富、更个性化的配色选择: [非常吸引],愿意多付21元及以上,肯定会购买,可能会购买,可能会购买,-,-,我相信一分钱一分货，升级款肯定比普通款功能更加强大，防护力升级，日常使用体验更加好,我已认真阅读,购买意愿: [肯定会购买],光栅纹理背板的视觉效果: [非常吸引];微磨砂质感: [非常吸引];相比普通光面背板更不易沾指纹: [非常吸引];整体看起来更特别/更有设计感: [非常吸引],愿意多付21元及以上,肯定会购买,可能会购买,可能会购买,-,-,光栅背板比普通款更加不沾指纹，而且颜值更加高，感觉很适合我的使用需求，既美观又好用,41.39s,光栅款,价格来说我相信一分钱一分货，外观上面光栅款更加吸引我，让我有购物的欲望,经常会,女,25-30岁,企业职员,三线,中等,"准备结婚期,育婴期,已有车",广东省,汕头市
230,是,88903642,726476,1024659,"桌面收纳,洗衣液/洗衣凝珠,运动鞋,手机贴膜,平板电脑保护套/壳,室内绿植/花卉,T恤/裙子,薯片/膨化食品,充电宝/移动电源,手机壳,鼠标/机械键盘,奶茶/咖啡,洗面奶/洁面乳,抽纸/卷纸,智能手表/手环,贴片面膜,手机充电线/数据线",近12个月内,100–119元,完全由我自己决定购买哪个品牌和产品,Apple（苹果）,以上均无,均未参加过,大专,磁吸不可拆分保护套,"防摔防磕/保护性强,品牌可信/品质稳定,材质手感好,轻薄便携","品牌可信/品质稳定,防摔防磕/保护性强,材质手感好,轻薄便携",100-119元,肯定会,我已认真阅读,购买意愿: [可能会购买],吸引力: [比较吸引],"可旋转使用,磁吸拆分方便",我已认真阅读,购买意愿: [可能会购买],四角气囊防护外显: [比较吸引];侧面直取笔槽: [比较吸引];更丰富、更个性化的配色选择: [非常吸引],愿意多付16-20元,可能会购买,可能会购买,可能会购买,-,-,看着不错区别,我已认真阅读,购买意愿: [可能会购买],光栅纹理背板的视觉效果: [比较吸引];微磨砂质感: [比较吸引];相比普通光面背板更不易沾指纹: [比较吸引];整体看起来更特别/更有设计感: [非常吸引],愿意多付16-20元,可能会购买,可能会购买,说不清,-,-,看着不错啊,15.46s,两款都可以，没有明显偏好,看着不错啊,经常会,女,36-40岁,其他,二线,偏低,"已婚,已育,装修期,已有房,已有车",江苏省,南京市
231,是,88903643,726476,1024659,"室内绿植/花卉,奶茶/咖啡,贴片面膜,手机充电线/数据线,薯片/膨化食品,手机壳,运动鞋,平板电脑,充电宝/移动电源,T恤/裙子,洗面奶/洁面乳,平板电脑保护套/壳,智能手表/手环,桌面收纳,抽纸/卷纸,鼠标/机械键盘,无线蓝牙耳机,手机贴膜,洗衣液/洗衣凝珠",近12个月内,150–199元,完全由我自己决定购买哪个品牌和产品,Apple（苹果）,以上均无,均未参加过,本科,旋转可拆分磁吸保护套,"防摔防磕/保护性强,支架稳定/角度好用,触控笔收纳和拿取方便,不易沾指纹/不易显脏,价格合适/性价比高,外观好看/有设计感,品牌可信/品质稳定,耐用不易坏","触控笔收纳和拿取方便,不易沾指纹/不易显脏,品牌可信/品质稳定,防摔防磕/保护性强,支架稳定/角度好用,外观好看/有设计感,价格合适/性价比高,耐用不易坏",150-199元,肯定会,我已认真阅读,购买意愿: [肯定会购买],吸引力: [非常吸引],"可旋转使用,磁吸拆分方便,外观看起来简洁,品牌/品质感较好,保护性较好,价格合适,支撑看剧/学习/办公",我已认真阅读,购买意愿: [肯定会购买],四角气囊防护外显: [非常吸引];侧面直取笔槽: [非常吸引];更丰富、更个性化的配色选择: [比较吸引],愿意多付21元及以上,肯定会购买,肯定会购买,肯定会购买,-,-,使用方法简单，外观漂亮大气，,我已认真阅读,购买意愿: [肯定会购买],光栅纹理背板的视觉效果: [非常吸引];微磨砂质感: [非常吸引];相比普通光面背板更不易沾指纹: [非常吸引];整体看起来更特别/更有设计感: [非常吸引],愿意多付21元及以上,肯定会购买,肯定会购买,肯定会购买,-,-,外观好看，质感很好，设计更合理，,21.87s,光栅款,材质更好一些，外观漂亮，防护更好。,经常会,男,25-30岁,其他,五线,中等,"准备结婚期,已育",河北省,邢台市
232,是,88903672,726476,1024659,"T恤/裙子,奶茶/咖啡,手机壳,抽纸/卷纸,室内绿植/花卉,桌面收纳,手机贴膜,无线蓝牙耳机,运动鞋,智能手表/手环,洗衣液/洗衣凝珠,平板电脑保护套/壳,手机充电线/数据线,薯片/膨化食品,充电宝/移动电源,贴片面膜,洗面奶/洁面乳",近12个月内,50–79元,完全由我自己决定购买哪个品牌和产品,Apple（苹果）,教育/培训/科研,均未参加过,本科,普通翻盖保护套,"材质手感好,外观好看/有设计感,耐用不易坏","外观好看/有设计感,耐用不易坏,材质手感好",50-79元,可能会,我已认真阅读,购买意愿: [可能会购买],吸引力: [比较吸引],"可旋转使用,支撑看剧/学习/办公,保护性较好",我已认真阅读,购买意愿: [说不清],侧面直取笔槽: [一般];四角气囊防护外显: [比较吸引];更丰富、更个性化的配色选择: [一般],愿意多付5元以内,可能不会购买,-,-,可能不会购买,可能不会购买,与我实际需求有差，我还是喜欢翻盖的，更加简洁的,我已认真阅读,购买意愿: [说不清],微磨砂质感: [一般];光栅纹理背板的视觉效果: [比较吸引];相比普通光面背板更不易沾指纹: [一般];整体看起来更特别/更有设计感: [一般],愿意多付5元以内,可能不会购买,-,-,可能不会购买,可能不会购买,不喜欢透明的设计,5.45s,两款都不想购买,我不喜欢透明的设计，更喜欢深色系的,有时会,女,31-35岁,其他,五线,偏低,"已婚,育婴期,已育,已有房,已有车",江西省,九江市
233,是,88903682,726476,1024659,"室内绿植/花卉,无线蓝牙耳机,薯片/膨化食品,智能手表/手环,手机充电线/数据线,T恤/裙子,洗面奶/洁面乳,手机壳,平板电脑,奶茶/咖啡,运动鞋,洗衣液/洗衣凝珠,充电宝/移动电源,抽纸/卷纸,桌面收纳,平板电脑保护套/壳,鼠标/机械键盘,贴片面膜",近12个月内,150–199元,完全由我自己决定购买哪个品牌和产品,Apple（苹果）,"互联网/IT/软件服务,教育/培训/科研",美妆/个人护理类,硕士及以上,"旋转可拆分磁吸保护套,键盘保护套","防摔防磕/保护性强,支架稳定/角度好用,轻薄便携,价格合适/性价比高","防摔防磕/保护性强,轻薄便携,价格合适/性价比高,支架稳定/角度好用",150-199元,可能会,我已认真阅读,购买意愿: [可能会购买],吸引力: [比较吸引],"磁吸拆分方便,价格合适,保护性较好",我已认真阅读,购买意愿: [肯定会购买],四角气囊防护外显: [非常吸引];侧面直取笔槽: [比较吸引];更丰富、更个性化的配色选择: [非常吸引],愿意多付16-20元,肯定会购买,可能会购买,可能会购买,-,-,都差不多性能,我已认真阅读,购买意愿: [可能会购买],光栅纹理背板的视觉效果: [比较吸引];微磨砂质感: [非常吸引];相比普通光面背板更不易沾指纹: [非常吸引];整体看起来更特别/更有设计感: [比较吸引],愿意多付6-10元,可能会购买,可能会购买,可能会购买,-,-,不太值这个价格,21.97s,升级光面款,物美价廉,有时会,女,25-30岁,自由职业/个体经营,二线,偏低,"已婚,已育,已有车",江苏省,无锡市
234,是,88903683,726476,1024659,"贴片面膜,T恤/裙子,平板电脑,薯片/膨化食品,无线蓝牙耳机,智能手表/手环,手机壳,抽纸/卷纸,室内绿植/花卉,手机充电线/数据线,洗面奶/洁面乳,奶茶/咖啡",近13-24个月内,80–99元,完全由我自己决定购买哪个品牌和产品,Apple（苹果）,以上均无,均未参加过,硕士及以上,磁吸不可拆分保护套,"防摔防磕/保护性强,支架稳定/角度好用,品牌可信/品质稳定,耐用不易坏","防摔防磕/保护性强,支架稳定/角度好用,耐用不易坏,品牌可信/品质稳定",80-99元,可能会,我已认真阅读,购买意愿: [可能会购买],吸引力: [比较吸引],"可旋转使用,磁吸拆分方便,保护性较好,支撑看剧/学习/办公",我已认真阅读,购买意愿: [可能会购买],四角气囊防护外显: [非常吸引];侧面直取笔槽: [一般];更丰富、更个性化的配色选择: [比较吸引],愿意多付6-10元,可能会购买,可能会购买,说不清,-,-,四角防护，保护效果更好,我已认真阅读,购买意愿: [可能会购买],光栅纹理背板的视觉效果: [比较吸引];微磨砂质感: [比较吸引];相比普通光面背板更不易沾指纹: [比较吸引];整体看起来更特别/更有设计感: [比较吸引],愿意多付5元以内,可能会购买,可能会购买,说不清,-,-,更耐用,8.98s,升级光面款,四角防护效果更好,有时会,女,25-30岁,企业职员,一线,偏低,"已婚,育婴期,已育",上海,上海市
235,是,88903704,726476,1024659,"手机充电线/数据线,运动鞋,手机壳,平板电脑保护套/壳,洗面奶/洁面乳,充电宝/移动电源,无线蓝牙耳机,奶茶/咖啡,鼠标/机械键盘,贴片面膜,洗衣液/洗衣凝珠,抽纸/卷纸,手机贴膜,T恤/裙子",近12个月内,50–79元,完全由我自己决定购买哪个品牌和产品,Apple（苹果）,以上均无,美妆/个人护理类,本科,普通翻盖保护套,"防摔防磕/保护性强,支架稳定/角度好用,材质手感好,外观好看/有设计感,不易沾指纹/不易显脏,轻薄便携,品牌可信/品质稳定,颜色选择丰富,价格合适/性价比高","品牌可信/品质稳定,防摔防磕/保护性强,材质手感好,外观好看/有设计感,支架稳定/角度好用,颜色选择丰富,轻薄便携,价格合适/性价比高,不易沾指纹/不易显脏",80-99元,可能会,我已认真阅读,购买意愿: [可能会购买],吸引力: [比较吸引],"磁吸拆分方便,可旋转使用,价格合适,保护性较好",我已认真阅读,购买意愿: [可能会购买],四角气囊防护外显: [比较吸引];侧面直取笔槽: [一般];更丰富、更个性化的配色选择: [比较吸引],愿意多付6-10元,可能会购买,可能会购买,说不清,-,-,主要根据预算，预算够可能会购买,我已认真阅读,购买意愿: [可能会购买],光栅纹理背板的视觉效果: [一般];微磨砂质感: [比较吸引];相比普通光面背板更不易沾指纹: [比较吸引];整体看起来更特别/更有设计感: [比较吸引],愿意多付11-15元,可能会购买,可能会购买,可能不会购买,-,-,对我来说光栅背板不是吸引我的点，所以不愿意为这点付更多的钱,51.96s,升级光面款,"升级光面款已经满足了我的需求，价格上也符合我的预期，如果光栅款价格高于15，我就会购买升级光面款
",有时会,女,36-40岁,企业职员,二线,高,"已婚,已育,已有房,已有车",浙江省,杭州市
236,是,88903763,726476,1024659,"平板电脑,平板电脑保护套/壳,薯片/膨化食品,T恤/裙子,无线蓝牙耳机,桌面收纳,手机壳,抽纸/卷纸,奶茶/咖啡,贴片面膜,洗衣液/洗衣凝珠,智能手表/手环,充电宝/移动电源,运动鞋,手机贴膜,洗面奶/洁面乳,手机充电线/数据线",近12个月内,100–119元,完全由我自己决定购买哪个品牌和产品,Apple（苹果）,以上均无,均未参加过,硕士及以上,"带笔槽保护套,旋转可拆分磁吸保护套","防摔防磕/保护性强,外观好看/有设计感,颜色选择丰富,价格合适/性价比高,轻薄便携,耐用不易坏","防摔防磕/保护性强,价格合适/性价比高,耐用不易坏,轻薄便携,外观好看/有设计感,颜色选择丰富",100-119元,可能会,我已认真阅读,购买意愿: [可能会购买],吸引力: [比较吸引],"可旋转使用,磁吸拆分方便,外观看起来简洁,价格合适,品牌/品质感较好",我已认真阅读,购买意愿: [肯定会购买],四角气囊防护外显: [非常吸引];侧面直取笔槽: [比较吸引];更丰富、更个性化的配色选择: [比较吸引],愿意多付5元以内,说不清,-,-,可能会购买,-,防护可以多付一点钱，因为之前屏幕碎了花了很多钱。配色外观属于锦上添花的范畴，加一点点钱还是可以的。,我已认真阅读,购买意愿: [肯定会购买],光栅纹理背板的视觉效果: [一般];微磨砂质感: [比较吸引];相比普通光面背板更不易沾指纹: [非常吸引];整体看起来更特别/更有设计感: [比较吸引],愿意多付6-10元,说不清,-,-,可能会购买,-,质感这个我不觉得需要多花钱有无都可，防指纹还好，可以减少打理。其他没有值得需要加钱花钱的地方。外观一般吧。,105.42s,两款都可以，没有明显偏好,对外观没有特别的要求。所以觉得差不多，加一点点钱还好，多了就不会买。功能方面才是真正值得花钱的地方。,很少会,女,31-35岁,专业人士,二线,低,"已婚,育婴期,已育",江苏省,南京市
237,是,88903766,726476,1024659,"平板电脑保护套/壳,抽纸/卷纸,贴片面膜,洗面奶/洁面乳,薯片/膨化食品,洗衣液/洗衣凝珠,充电宝/移动电源,手机壳",近12个月内,120–149元,完全由我自己决定购买哪个品牌和产品,Apple（苹果）,以上均无,均未参加过,本科,"普通翻盖保护套,带笔槽保护套,键盘保护套","防摔防磕/保护性强,轻薄便携,支架稳定/角度好用","防摔防磕/保护性强,支架稳定/角度好用,轻薄便携",120-149元,可能会,我已认真阅读,购买意愿: [可能会购买],吸引力: [比较吸引],"磁吸拆分方便,保护性较好,价格合适",我已认真阅读,购买意愿: [肯定会购买],四角气囊防护外显: [非常吸引];更丰富、更个性化的配色选择: [比较吸引];侧面直取笔槽: [非常吸引],愿意多付11-15元,可能会购买,可能会购买,说不清,-,-,愿意从防护性升级方面购买，但是贵太多了就会重新思考,我已认真阅读,购买意愿: [肯定会购买],光栅纹理背板的视觉效果: [比较吸引];微磨砂质感: [比较吸引];相比普通光面背板更不易沾指纹: [非常吸引];整体看起来更特别/更有设计感: [比较吸引],愿意多付6-10元,肯定会购买,可能会购买,可能不会购买,-,-,不留指纹看起来很干净,11.51s,光栅款,不留指纹看起来更舒服,有时会,女,18-24岁,学生,三线,偏低,单身,江西省,南昌市
238,是,88903788,726476,1024659,"手机充电线/数据线,平板电脑,运动鞋,T恤/裙子,奶茶/咖啡,贴片面膜,平板电脑保护套/壳,手机贴膜,洗衣液/洗衣凝珠,智能手表/手环,手机壳",近12个月内,120–149元,完全由我自己决定购买哪个品牌和产品,Apple（苹果）,以上均无,均未参加过,硕士及以上,"普通翻盖保护套,磁吸不可拆分保护套,旋转可拆分磁吸保护套","防摔防磕/保护性强,触控笔收纳和拿取方便,材质手感好,外观好看/有设计感,耐用不易坏,支架稳定/角度好用","防摔防磕/保护性强,支架稳定/角度好用,外观好看/有设计感,耐用不易坏,触控笔收纳和拿取方便,材质手感好",120-149元,肯定会,我已认真阅读,购买意愿: [肯定会购买],吸引力: [非常吸引],"可旋转使用,外观看起来简洁,品牌/品质感较好,磁吸拆分方便",我已认真阅读,购买意愿: [可能会购买],四角气囊防护外显: [非常吸引];侧面直取笔槽: [比较吸引];更丰富、更个性化的配色选择: [非常吸引],愿意多付6-10元,肯定会购买,可能会购买,肯定会购买,-,-,配色简约耐看 磁吸设计非常方便日常使用,我已认真阅读,购买意愿: [可能会购买],光栅纹理背板的视觉效果: [比较吸引];微磨砂质感: [非常吸引];相比普通光面背板更不易沾指纹: [非常吸引];整体看起来更特别/更有设计感: [比较吸引],愿意多付11-15元,可能会购买,可能会购买,说不清,-,-,比较特别 防指纹很合我心意,16.89s,光栅款,磨砂的视觉看起来更高级,经常会,女,25-30岁,其他,二线,偏高,准备结婚期,重庆,重庆市
239,是,88903801,726476,1024659,"抽纸/卷纸,奶茶/咖啡,充电宝/移动电源,手机充电线/数据线,洗面奶/洁面乳,平板电脑,桌面收纳,智能手表/手环,手机贴膜,贴片面膜,运动鞋,手机壳,无线蓝牙耳机,薯片/膨化食品,洗衣液/洗衣凝珠",近13-24个月内,50–79元,完全由我自己决定购买哪个品牌和产品,Apple（苹果）,以上均无,美妆/个人护理类,大专,普通翻盖保护套,"不易沾指纹/不易显脏,材质手感好,价格合适/性价比高,与平板搭配协调","价格合适/性价比高,不易沾指纹/不易显脏,与平板搭配协调,材质手感好",80-99元,可能会,我已认真阅读,购买意愿: [可能会购买],吸引力: [比较吸引],"磁吸拆分方便,可旋转使用,外观看起来简洁",我已认真阅读,购买意愿: [可能会购买],四角气囊防护外显: [比较吸引];侧面直取笔槽: [比较吸引];更丰富、更个性化的配色选择: [一般],愿意多付6-10元,可能会购买,说不清,-,-,-,价格有点不实惠了,我已认真阅读,购买意愿: [可能会购买],光栅纹理背板的视觉效果: [一般];微磨砂质感: [比较吸引];相比普通光面背板更不易沾指纹: [比较吸引];整体看起来更特别/更有设计感: [一般],愿意多付6-10元,可能会购买,可能会购买,可能不会购买,-,-,太贵了,4.2s,升级光面款,价格合理,有时会,男,36-40岁,自由职业/个体经营,二线,偏低,"已婚,装修期,已有车",山东省,烟台市
240,是,88903810,726476,1024659,"贴片面膜,智能手表/手环,无线蓝牙耳机,运动鞋,室内绿植/花卉,桌面收纳,鼠标/机械键盘,洗衣液/洗衣凝珠,充电宝/移动电源,手机贴膜,手机充电线/数据线,平板电脑保护套/壳,薯片/膨化食品,奶茶/咖啡,洗面奶/洁面乳,手机壳,T恤/裙子,抽纸/卷纸",近12个月内,200元及以上,完全由我自己决定购买哪个品牌和产品,Apple（苹果）,以上均无,均未参加过,硕士及以上,"旋转可拆分磁吸保护套,键盘保护套","防摔防磕/保护性强,支架稳定/角度好用,触控笔收纳和拿取方便,材质手感好,外观好看/有设计感,与平板搭配协调,耐用不易坏","防摔防磕/保护性强,支架稳定/角度好用,材质手感好,耐用不易坏,与平板搭配协调,触控笔收纳和拿取方便,外观好看/有设计感",150-199元,肯定会,我已认真阅读,购买意愿: [可能会购买],吸引力: [比较吸引],"磁吸拆分方便,可旋转使用,保护性较好,支撑看剧/学习/办公,价格合适",我已认真阅读,购买意愿: [肯定会购买],四角气囊防护外显: [非常吸引];侧面直取笔槽: [比较吸引];更丰富、更个性化的配色选择: [非常吸引],愿意多付16-20元,肯定会购买,可能会购买,可能不会购买,-,-,我觉得升到一百三十九块九就已经超出了我的心理价位，我觉得这个升级点就就是差不多一百二十九块九这个价格我觉得最适合我设计技术都非常符合我的习惯,我已认真阅读,购买意愿: [可能会购买],光栅纹理背板的视觉效果: [一般];微磨砂质感: [比较吸引];相比普通光面背板更不易沾指纹: [比较吸引];整体看起来更特别/更有设计感: [比较吸引],即使同价也更倾向升级光面款,可能会购买,可能不会购买,-,-,-,我觉得光栅背板没有光面的那么好看，我个人是更倾向于光面的那种设计，当然我能理解光栅的那个嗯，设计可能制作成本更高，我喜欢光栅的人，可能可以接受的，而我个人只是更喜欢光面而已,57.98s,升级光面款,这两款从技术功能上都差不多，只是外观的差异，所以也就只是外观的偏好的问题而已,有时会,女,31-35岁,企业职员,三线,偏高,未知,广东省,汕头市
241,是,88903844,726476,1024659,"洗面奶/洁面乳,智能手表/手环,平板电脑,手机贴膜,奶茶/咖啡,手机充电线/数据线,手机壳,运动鞋,贴片面膜,T恤/裙子,薯片/膨化食品,抽纸/卷纸,洗衣液/洗衣凝珠,平板电脑保护套/壳,桌面收纳,充电宝/移动电源",近12个月内,100–119元,完全由我自己决定购买哪个品牌和产品,Apple（苹果）,以上均无,均未参加过,硕士及以上,"旋转可拆分磁吸保护套,带笔槽保护套","价格合适/性价比高,防摔防磕/保护性强,品牌可信/品质稳定,颜色选择丰富,不易沾指纹/不易显脏,与平板搭配协调,轻薄便携","品牌可信/品质稳定,价格合适/性价比高,颜色选择丰富,防摔防磕/保护性强,不易沾指纹/不易显脏,与平板搭配协调,轻薄便携",100-119元,肯定会,我已认真阅读,购买意愿: [可能会购买],吸引力: [比较吸引],"磁吸拆分方便,价格合适,保护性较好,品牌/品质感较好",我已认真阅读,购买意愿: [可能会购买],四角气囊防护外显: [非常吸引];侧面直取笔槽: [比较吸引];更丰富、更个性化的配色选择: [一般],愿意多付6-10元,说不清,-,-,可能会购买,-,防护行很重要，可以防止屏幕碎掉，之前就碎了花了好多钱。其他的就不要加钱了。,我已认真阅读,购买意愿: [可能会购买],光栅纹理背板的视觉效果: [一般];微磨砂质感: [比较吸引];相比普通光面背板更不易沾指纹: [比较吸引];整体看起来更特别/更有设计感: [一般],愿意多付11-15元,可能会购买,可能不会购买,-,-,-,就是个装饰没有实质性功能。还好额外话好几十没有必要，几块钱还行吧。,61.8s,两款都可以，没有明显偏好,都是外观类的，没有明显的感觉。,很少会,女,31-35岁,专业人士,二线,低,"已婚,已有房,已有车",江苏省,南京市
242,是,88903855,726476,1024659,"洗面奶/洁面乳,贴片面膜,手机充电线/数据线,平板电脑保护套/壳,奶茶/咖啡,运动鞋,洗衣液/洗衣凝珠,抽纸/卷纸,薯片/膨化食品,手机壳,桌面收纳",近13-24个月内,80–99元,完全由我自己决定购买哪个品牌和产品,Apple（苹果）,以上均无,"食品/饮料/餐饮类,美妆/个人护理类",大专,普通翻盖保护套,"防摔防磕/保护性强,支架稳定/角度好用","防摔防磕/保护性强,支架稳定/角度好用",100-119元,可能不会,我已认真阅读,购买意愿: [说不清],吸引力: [一般],支撑看剧/学习/办公,我已认真阅读,购买意愿: [可能会购买],四角气囊防护外显: [比较吸引];更丰富、更个性化的配色选择: [一般];侧面直取笔槽: [一般],愿意多付21元及以上,说不清,-,-,可能会购买,-,没必要,我已认真阅读,购买意愿: [说不清],光栅纹理背板的视觉效果: [一般];微磨砂质感: [一般];相比普通光面背板更不易沾指纹: [一般];整体看起来更特别/更有设计感: [一般],即使同价也更倾向升级光面款,说不清,-,-,说不清,说不清,没必要,5.06s,两款都可以，没有明显偏好,能用就好,有时会,女,36-40岁,自由职业/个体经营,二线,偏高,"已婚,育婴期,已育,已有车",福建省,泉州市
243,是,88903872,726476,1024659,"平板电脑保护套/壳,奶茶/咖啡,手机充电线/数据线,洗面奶/洁面乳,抽纸/卷纸,贴片面膜,薯片/膨化食品,手机贴膜,充电宝/移动电源,手机壳,桌面收纳,T恤/裙子,平板电脑,智能手表/手环,室内绿植/花卉,运动鞋,无线蓝牙耳机,洗衣液/洗衣凝珠",近12个月内,120–149元,完全由我自己决定购买哪个品牌和产品,Apple（苹果）,以上均无,均未参加过,硕士及以上,"带笔槽保护套,单壳（不带盖板）保护套,普通翻盖保护套,旋转可拆分磁吸保护套","防摔防磕/保护性强,外观好看/有设计感,轻薄便携,耐用不易坏,品牌可信/品质稳定","轻薄便携,耐用不易坏,品牌可信/品质稳定,防摔防磕/保护性强,外观好看/有设计感",120-149元,肯定会,我已认真阅读,购买意愿: [可能会购买],吸引力: [比较吸引],"磁吸拆分方便,外观看起来简洁,保护性较好",我已认真阅读,购买意愿: [可能会购买],四角气囊防护外显: [比较吸引];侧面直取笔槽: [比较吸引];更丰富、更个性化的配色选择: [比较吸引],愿意多付16-20元,可能会购买,可能会购买,说不清,-,-,不确定笔槽是否实用 配色一般吸引,我已认真阅读,购买意愿: [肯定会购买],光栅纹理背板的视觉效果: [非常吸引];微磨砂质感: [非常吸引];相比普通光面背板更不易沾指纹: [非常吸引];整体看起来更特别/更有设计感: [非常吸引],愿意多付16-20元,肯定会购买,可能会购买,说不清,-,-,太贵的话就觉得不值得了,13.95s,光栅款,看起来品质更好一些,有时会,女,31-35岁,企业职员,一线,偏低,未知,北京,北京市
244,是,88903879,726476,1024659,"平板电脑,手机壳,手机贴膜,无线蓝牙耳机,平板电脑保护套/壳,充电宝/移动电源,鼠标/机械键盘,手机充电线/数据线",近12个月内,120–149元,完全由我自己决定购买哪个品牌和产品,Apple（苹果）,"教育/培训/科研,医疗/健康/生物制药,互联网/IT/软件服务",均未参加过,本科,"旋转可拆分磁吸保护套,带笔槽保护套,键盘保护套,透明/半透明保护壳","防摔防磕/保护性强,支架稳定/角度好用,触控笔收纳和拿取方便,不易沾指纹/不易显脏,耐用不易坏,价格合适/性价比高,轻薄便携,与平板搭配协调,外观好看/有设计感,材质手感好","支架稳定/角度好用,轻薄便携,触控笔收纳和拿取方便,防摔防磕/保护性强,价格合适/性价比高,材质手感好,与平板搭配协调,耐用不易坏,外观好看/有设计感,不易沾指纹/不易显脏",120-149元,可能会,我已认真阅读,购买意愿: [可能会购买],吸引力: [比较吸引],"可旋转使用,磁吸拆分方便,价格合适",我已认真阅读,购买意愿: [可能会购买],四角气囊防护外显: [非常吸引];侧面直取笔槽: [非常吸引];更丰富、更个性化的配色选择: [比较吸引],愿意多付16-20元,可能会购买,肯定会购买,可能会购买,-,-,防护效果更好,我已认真阅读,购买意愿: [可能会购买],光栅纹理背板的视觉效果: [比较吸引];微磨砂质感: [比较吸引];相比普通光面背板更不易沾指纹: [比较吸引];整体看起来更特别/更有设计感: [比较吸引],愿意多付5元以内,可能会购买,说不清,-,-,-,价值不大可有可无,11.3s,两款都可以，没有明显偏好,价格差别不大的话客户可以自己按照喜好选择,有时会,女,25-30岁,企业职员,二线,偏低,"已婚,已有房,已有车",浙江省,杭州市
245,是,88903884,726476,1024659,"T恤/裙子,手机贴膜,奶茶/咖啡,运动鞋,贴片面膜,洗衣液/洗衣凝珠,鼠标/机械键盘,室内绿植/花卉,桌面收纳,手机壳,充电宝/移动电源,洗面奶/洁面乳,平板电脑,手机充电线/数据线,智能手表/手环,薯片/膨化食品,抽纸/卷纸,平板电脑保护套/壳,无线蓝牙耳机",近12个月内,100–119元,完全由我自己决定购买哪个品牌和产品,Apple（苹果）,以上均无,均未参加过,本科,普通翻盖保护套,"防摔防磕/保护性强,支架稳定/角度好用,材质手感好,颜色选择丰富,轻薄便携,价格合适/性价比高","防摔防磕/保护性强,支架稳定/角度好用,颜色选择丰富,价格合适/性价比高,轻薄便携,材质手感好",100-119元,肯定会,我已认真阅读,购买意愿: [可能会购买],吸引力: [比较吸引],"可旋转使用,磁吸拆分方便,支撑看剧/学习/办公,外观看起来简洁",我已认真阅读,购买意愿: [说不清],四角气囊防护外显: [一般];更丰富、更个性化的配色选择: [一般];侧面直取笔槽: [一般],愿意多付11-15元,可能会购买,可能会购买,可能会购买,-,-,本来功能够用了,我已认真阅读,购买意愿: [肯定会购买],光栅纹理背板的视觉效果: [非常吸引];微磨砂质感: [非常吸引];相比普通光面背板更不易沾指纹: [非常吸引];整体看起来更特别/更有设计感: [比较吸引],愿意多付16-20元,肯定会购买,肯定会购买,肯定会购买,-,-,看着很不错,6.03s,光栅款,喜欢,经常会,女,25-30岁,企业职员,一线,偏高,"已婚,已育,已有车",上海,上海市
246,是,88903914,726476,1024659,"平板电脑,智能手表/手环,手机壳,抽纸/卷纸,运动鞋,鼠标/机械键盘,手机充电线/数据线,手机贴膜",近12个月内,100–119元,完全由我自己决定购买哪个品牌和产品,Apple（苹果）,以上均无,均未参加过,大专,"普通翻盖保护套,旋转可拆分磁吸保护套,键盘保护套","防摔防磕/保护性强,不易沾指纹/不易显脏,价格合适/性价比高,外观好看/有设计感","外观好看/有设计感,防摔防磕/保护性强,价格合适/性价比高,不易沾指纹/不易显脏",120-149元,肯定会,我已认真阅读,购买意愿: [可能会购买],吸引力: [比较吸引],"支撑看剧/学习/办公,磁吸拆分方便,保护性较好",我已认真阅读,购买意愿: [可能会购买],四角气囊防护外显: [比较吸引];侧面直取笔槽: [一般];更丰富、更个性化的配色选择: [比较吸引],愿意多付11-15元,可能会购买,可能会购买,说不清,-,-,感觉日常追剧不需要那么多设计 如果是工作用 可能会更有用,我已认真阅读,购买意愿: [可能会购买],光栅纹理背板的视觉效果: [比较吸引];微磨砂质感: [比较吸引];相比普通光面背板更不易沾指纹: [非常吸引];整体看起来更特别/更有设计感: [一般],愿意多付6-10元,可能会购买,可能会购买,可能不会购买,-,-,有点太贵了 经常喜欢换不同的壳有点不划算,44.03s,光栅款,不喜欢指纹特别明显的 显脏,有时会,女,25-30岁,企业职员,三线,低,未知,新疆维吾尔自治区,乌鲁木齐市
247,是,88903915,726476,1024659,"抽纸/卷纸,手机充电线/数据线,无线蓝牙耳机,充电宝/移动电源,薯片/膨化食品,平板电脑保护套/壳,洗衣液/洗衣凝珠,洗面奶/洁面乳,智能手表/手环,手机壳,平板电脑,奶茶/咖啡,贴片面膜,T恤/裙子,手机贴膜",近12个月内,120–149元,完全由我自己决定购买哪个品牌和产品,Apple（苹果）,以上均无,均未参加过,本科,"键盘保护套,磁吸不可拆分保护套,带笔槽保护套","防摔防磕/保护性强,支架稳定/角度好用,材质手感好,外观好看/有设计感,轻薄便携,与平板搭配协调,品牌可信/品质稳定,不易沾指纹/不易显脏,触控笔收纳和拿取方便,价格合适/性价比高,颜色选择丰富,耐用不易坏","防摔防磕/保护性强,材质手感好,支架稳定/角度好用,轻薄便携,外观好看/有设计感,触控笔收纳和拿取方便,不易沾指纹/不易显脏,价格合适/性价比高,品牌可信/品质稳定,耐用不易坏,颜色选择丰富,与平板搭配协调",150-199元,肯定会,我已认真阅读,购买意愿: [可能会购买],吸引力: [比较吸引],"保护性较好,磁吸拆分方便,可旋转使用",我已认真阅读,购买意愿: [肯定会购买],四角气囊防护外显: [非常吸引];侧面直取笔槽: [比较吸引];更丰富、更个性化的配色选择: [非常吸引],愿意多付11-15元,肯定会购买,可能会购买,可能会购买,-,-,有多种配色可以选择，能够选择自己喜欢的配色。四角防护，更安全，能更好地保护平板，磁吸旋转设计，看起来更方便便捷，适合多种场景的使用。,我已认真阅读,购买意愿: [可能会购买],光栅纹理背板的视觉效果: [比较吸引];微磨砂质感: [非常吸引];相比普通光面背板更不易沾指纹: [非常吸引];整体看起来更特别/更有设计感: [比较吸引],愿意多付6-10元,肯定会购买,可能会购买,说不清,-,-,这个设计对我来说，没有特别大的吸引力，可有可无。当然如果价钱合适，还是会购买。但是如果超出预期，就不会购买。,63.7s,升级光面款,这款的卖点已经足够满足我的一些需求，价格也比较合适，综合各方面来看，更倾向于光面款。,经常会,女,25-30岁,自由职业/个体经营,五线,偏高,"准备结婚期,已育,已有车",广东省,揭阳市
248,是,88903934,726476,1024659,"手机贴膜,手机壳,洗衣液/洗衣凝珠,鼠标/机械键盘,平板电脑,无线蓝牙耳机,桌面收纳,洗面奶/洁面乳,平板电脑保护套/壳,室内绿植/花卉,贴片面膜,充电宝/移动电源,T恤/裙子,抽纸/卷纸,手机充电线/数据线,奶茶/咖啡,智能手表/手环,薯片/膨化食品,运动鞋",近13-24个月内,100–119元,完全由我自己决定购买哪个品牌和产品,Apple（苹果）,以上均无,均未参加过,硕士及以上,普通翻盖保护套,"防摔防磕/保护性强,材质手感好,不易沾指纹/不易显脏,颜色选择丰富,价格合适/性价比高,与平板搭配协调,外观好看/有设计感,耐用不易坏,品牌可信/品质稳定","品牌可信/品质稳定,防摔防磕/保护性强,材质手感好,不易沾指纹/不易显脏,与平板搭配协调,颜色选择丰富,外观好看/有设计感,价格合适/性价比高,耐用不易坏",100-119元,肯定会,我已认真阅读,购买意愿: [肯定会购买],吸引力: [非常吸引],"可旋转使用,磁吸拆分方便,外观看起来简洁,保护性较好,品牌/品质感较好",我已认真阅读,购买意愿: [肯定会购买],四角气囊防护外显: [非常吸引];侧面直取笔槽: [非常吸引];更丰富、更个性化的配色选择: [非常吸引],愿意多付6-10元,肯定会购买,可能会购买,说不清,-,-,材质更加环保，保护性强,我已认真阅读,购买意愿: [肯定会购买],光栅纹理背板的视觉效果: [非常吸引];微磨砂质感: [非常吸引];相比普通光面背板更不易沾指纹: [非常吸引];整体看起来更特别/更有设计感: [非常吸引],愿意多付11-15元,肯定会购买,可能会购买,说不清,-,-,材质样式好,6.03s,光栅款,样式喜欢材质好,有时会,女,31-35岁,专业人士,二线,中等,"已婚,育婴期,已育,已有车",辽宁省,大连市
249,是,88903948,726476,1024659,"洗衣液/洗衣凝珠,T恤/裙子,室内绿植/花卉,奶茶/咖啡,手机贴膜,运动鞋,鼠标/机械键盘,洗面奶/洁面乳,贴片面膜,薯片/膨化食品,手机壳,桌面收纳,平板电脑保护套/壳,抽纸/卷纸,平板电脑",近12个月内,50–79元,完全由我自己决定购买哪个品牌和产品,Apple（苹果）,互联网/IT/软件服务,食品/饮料/餐饮类,本科,磁吸不可拆分保护套,"防摔防磕/保护性强,支架稳定/角度好用,外观好看/有设计感","外观好看/有设计感,防摔防磕/保护性强,支架稳定/角度好用",50-79元,可能会,我已认真阅读,购买意愿: [可能会购买],吸引力: [比较吸引],"可旋转使用,磁吸拆分方便",我已认真阅读,购买意愿: [可能会购买],四角气囊防护外显: [比较吸引];侧面直取笔槽: [比较吸引];更丰富、更个性化的配色选择: [比较吸引],愿意多付5元以内,可能会购买,可能不会购买,-,-,-,贵了,我已认真阅读,购买意愿: [可能会购买],光栅纹理背板的视觉效果: [比较吸引];微磨砂质感: [比较吸引];相比普通光面背板更不易沾指纹: [比较吸引];整体看起来更特别/更有设计感: [比较吸引],愿意多付5元以内,可能会购买,可能不会购买,-,-,-,贵了,3.36s,升级光面款,性价比更高,经常会,女,31-35岁,企业职员,一线,偏低,准备结婚期,上海,上海市
250,是,88903957,726476,1024659,"T恤/裙子,抽纸/卷纸,薯片/膨化食品,洗衣液/洗衣凝珠,洗面奶/洁面乳,贴片面膜,平板电脑保护套/壳,手机充电线/数据线,平板电脑,运动鞋",近12个月内,80–99元,完全由我自己决定购买哪个品牌和产品,Apple（苹果）,以上均无,均未参加过,大专,磁吸不可拆分保护套,"防摔防磕/保护性强,支架稳定/角度好用,轻薄便携,耐用不易坏,与平板搭配协调,价格合适/性价比高,不易沾指纹/不易显脏","防摔防磕/保护性强,与平板搭配协调,耐用不易坏,轻薄便携,不易沾指纹/不易显脏,支架稳定/角度好用,价格合适/性价比高",80-99元,可能会,我已认真阅读,购买意愿: [肯定会购买],吸引力: [非常吸引],"磁吸拆分方便,价格合适,保护性较好,外观看起来简洁",我已认真阅读,购买意愿: [可能会购买],四角气囊防护外显: [非常吸引];侧面直取笔槽: [一般];更丰富、更个性化的配色选择: [比较吸引],愿意多付6-10元,可能会购买,说不清,-,-,-,不确定升级的是否是智商税,我已认真阅读,购买意愿: [说不清],光栅纹理背板的视觉效果: [一般];微磨砂质感: [一般];相比普通光面背板更不易沾指纹: [一般];整体看起来更特别/更有设计感: [一般],愿意多付5元以内,说不清,-,-,说不清,说不清,不怎么好看、质感也不确定好不好,26.71s,升级光面款,好看简约、性价比可以介绍,有时会,女,31-35岁,自由职业/个体经营,未知,偏低,已婚,未知,未知
251,是,88903974,726476,1024659,"洗面奶/洁面乳,贴片面膜,桌面收纳,奶茶/咖啡,无线蓝牙耳机,抽纸/卷纸,室内绿植/花卉,平板电脑,手机充电线/数据线,智能手表/手环,鼠标/机械键盘,薯片/膨化食品,洗衣液/洗衣凝珠,运动鞋,手机贴膜,平板电脑保护套/壳,T恤/裙子,充电宝/移动电源,手机壳",近12个月内,50–79元,完全由我自己决定购买哪个品牌和产品,Apple（苹果）,以上均无,均未参加过,本科,"普通翻盖保护套,磁吸不可拆分保护套,带笔槽保护套,键盘保护套","防摔防磕/保护性强,支架稳定/角度好用,触控笔收纳和拿取方便,材质手感好,外观好看/有设计感,不易沾指纹/不易显脏,颜色选择丰富,价格合适/性价比高,轻薄便携,品牌可信/品质稳定,耐用不易坏,与平板搭配协调","防摔防磕/保护性强,耐用不易坏,轻薄便携,材质手感好,外观好看/有设计感,颜色选择丰富,价格合适/性价比高,品牌可信/品质稳定,支架稳定/角度好用,触控笔收纳和拿取方便,不易沾指纹/不易显脏,与平板搭配协调",80-99元,肯定会,我已认真阅读,购买意愿: [可能不会购买],吸引力: [完全不吸引],"可旋转使用,磁吸拆分方便,支撑看剧/学习/办公,外观看起来简洁",我已认真阅读,购买意愿: [可能会购买],四角气囊防护外显: [非常吸引];侧面直取笔槽: [非常吸引];更丰富、更个性化的配色选择: [非常吸引],愿意多付16-20元,可能会购买,可能会购买,说不清,-,-,要简洁、有逻辑、有态度。我愿意为真实提升防护等级和真正解决笔槽充电/取用痛点的设计多付钱，因为平板价值高、维修贵，且笔槽若能做到充电不遮挡、取放顺手，确实能大幅提升日常效率；但我不愿为单纯的配色或外观溢价买单，因为壳子本质上是消耗品，颜值溢价往往性价比最低，且浅色易脏、特殊材质难清洁，远不如把钱花在功能性升级上。,我已认真阅读,购买意愿: [可能会购买],光栅纹理背板的视觉效果: [非常吸引];微磨砂质感: [非常吸引];相比普通光面背板更不易沾指纹: [非常吸引];整体看起来更特别/更有设计感: [非常吸引],愿意多付16-20元,可能会购买,可能会购买,可能会购买,-,-,要简洁、有逻辑、有态度。我愿意为真实提升防护等级和真正解决笔槽充电/取用痛点的设计多付钱，因为平板价值高、维修贵，且笔槽若能做到充电不遮挡、取放顺手，确实能大幅提升日常效率；但我不愿为单纯的配色或外观溢价买单，因为壳子本质上是消耗品，颜值溢价往往性价比最低，且浅色易脏、特殊材质难清洁，远不如把钱花在功能性升级上。,11.44s,光栅款,要简洁、有逻辑、有态度。我愿意为真实提升防护等级和真正解决笔槽充电/取用痛点的设计多付钱，因为平板价值高、维修贵，且笔槽若能做到充电不遮挡、取放顺手，确实能大幅提升日常效率；但我不愿为单纯的配色或外观溢价买单，因为壳子本质上是消耗品，颜值溢价往往性价比最低，且浅色易脏、特殊材质难清洁，远不如把钱花在功能性升级上。,经常会,女,25-30岁,专业人士,二线,偏低,未知,四川省,成都市
252,是,88904221,726476,1024659,"智能手表/手环,抽纸/卷纸,洗衣液/洗衣凝珠,室内绿植/花卉,手机壳,运动鞋,薯片/膨化食品,桌面收纳,贴片面膜,平板电脑保护套/壳,平板电脑,充电宝/移动电源,洗面奶/洁面乳,奶茶/咖啡,T恤/裙子,手机贴膜,手机充电线/数据线,无线蓝牙耳机,鼠标/机械键盘",近12个月内,50–79元,主要由我自己决定，偶尔参考他人意见,Apple（苹果）,以上均无,均未参加过,本科,"带笔槽保护套,透明/半透明保护壳,普通翻盖保护套","防摔防磕/保护性强,触控笔收纳和拿取方便,支架稳定/角度好用,不易沾指纹/不易显脏,品牌可信/品质稳定,耐用不易坏,与平板搭配协调,轻薄便携,外观好看/有设计感,材质手感好,颜色选择丰富","防摔防磕/保护性强,品牌可信/品质稳定,触控笔收纳和拿取方便,耐用不易坏,与平板搭配协调,轻薄便携,支架稳定/角度好用,外观好看/有设计感,颜色选择丰富,材质手感好,不易沾指纹/不易显脏",100-119元,肯定会,我已认真阅读,购买意愿: [肯定会购买],吸引力: [非常吸引],"可旋转使用,磁吸拆分方便,支撑看剧/学习/办公,保护性较好,品牌/品质感较好,外观看起来简洁",我已认真阅读,购买意愿: [肯定会购买],四角气囊防护外显: [非常吸引];侧面直取笔槽: [非常吸引];更丰富、更个性化的配色选择: [比较吸引],愿意多付16-20元,肯定会购买,肯定会购买,可能会购买,-,-,我愿意为这三个升级点对付钱的主要原因是什么 防护 便携性 配色 外观 日常体验,我已认真阅读,购买意愿: [肯定会购买],微磨砂质感: [非常吸引];相比普通光面背板更不易沾指纹: [非常吸引];光栅纹理背板的视觉效果: [比较吸引];整体看起来更特别/更有设计感: [比较吸引],愿意多付16-20元,肯定会购买,可能会购买,可能会购买,-,-,我愿意为这光栅背板多付钱的原因是什么 防指纹 特别 耐看 ,42.17s,光栅款,我这样选择的主要原因是什么 价格 外观 材质 防护 功能,经常会,女,25-30岁,企业职员,一线,偏低,未知,北京,北京市
253,是,88904233,726476,1024659,"洗面奶/洁面乳,奶茶/咖啡,平板电脑,手机充电线/数据线,充电宝/移动电源,运动鞋,鼠标/机械键盘,手机壳,桌面收纳,洗衣液/洗衣凝珠,T恤/裙子,手机贴膜,平板电脑保护套/壳,无线蓝牙耳机,贴片面膜,智能手表/手环,抽纸/卷纸,薯片/膨化食品,室内绿植/花卉",近12个月内,120–149元,完全由我自己决定购买哪个品牌和产品,Apple（苹果）,以上均无,均未参加过,本科,"磁吸不可拆分保护套,旋转可拆分磁吸保护套","防摔防磕/保护性强,耐用不易坏,与平板搭配协调,外观好看/有设计感,材质手感好,支架稳定/角度好用,轻薄便携,颜色选择丰富,不易沾指纹/不易显脏","防摔防磕/保护性强,与平板搭配协调,支架稳定/角度好用,耐用不易坏,外观好看/有设计感,颜色选择丰富,轻薄便携,材质手感好,不易沾指纹/不易显脏",150-199元,肯定会,我已认真阅读,购买意愿: [肯定会购买],吸引力: [非常吸引],"保护性较好,外观看起来简洁,价格合适,磁吸拆分方便,可旋转使用",我已认真阅读,购买意愿: [可能会购买],四角气囊防护外显: [非常吸引];侧面直取笔槽: [一般];更丰富、更个性化的配色选择: [非常吸引],愿意多付11-15元,肯定会购买,可能会购买,说不清,-,-,主要我不喜欢笔槽设计，容易藏污纳垢，清理起来很麻烦，平时我用笔的频率也不高，这个设计对我来说很积累。愿意多付钱的是四角的升级防护。,我已认真阅读,购买意愿: [肯定会购买],光栅纹理背板的视觉效果: [非常吸引];微磨砂质感: [非常吸引];相比普通光面背板更不易沾指纹: [非常吸引];整体看起来更特别/更有设计感: [比较吸引],愿意多付11-15元,肯定会购买,可能会购买,可能不会购买,-,-,愿意多付钱是后背的光栅设计，不沾指纹有一定的摩擦力手持时不容易脱落,81.49s,光栅款,这款不容易沾指纹，日常护理比较省心，还有这款防滑性更好,经常会,女,31-35岁,专业人士,二线,偏低,未知,山东省,济南市
254,是,88904236,726476,1024659,"桌面收纳,平板电脑保护套/壳,抽纸/卷纸,手机贴膜,室内绿植/花卉,手机充电线/数据线,无线蓝牙耳机,T恤/裙子,薯片/膨化食品,贴片面膜,手机壳,充电宝/移动电源,洗衣液/洗衣凝珠,运动鞋,平板电脑,鼠标/机械键盘,奶茶/咖啡,智能手表/手环,洗面奶/洁面乳",近12个月内,100–119元,完全由我自己决定购买哪个品牌和产品,Apple（苹果）,以上均无,均未参加过,本科,"单壳（不带盖板）保护套,普通翻盖保护套,磁吸不可拆分保护套,旋转可拆分磁吸保护套,带笔槽保护套,键盘保护套,透明/半透明保护壳","防摔防磕/保护性强,支架稳定/角度好用,触控笔收纳和拿取方便,材质手感好,不易沾指纹/不易显脏,外观好看/有设计感,颜色选择丰富,轻薄便携,品牌可信/品质稳定,价格合适/性价比高,与平板搭配协调,耐用不易坏","防摔防磕/保护性强,轻薄便携,材质手感好,耐用不易坏,与平板搭配协调,品牌可信/品质稳定,支架稳定/角度好用,价格合适/性价比高,不易沾指纹/不易显脏,颜色选择丰富,触控笔收纳和拿取方便,外观好看/有设计感",120-149元,肯定会,我已认真阅读,购买意愿: [肯定会购买],吸引力: [比较吸引],"可旋转使用,磁吸拆分方便,支撑看剧/学习/办公,价格合适,外观看起来简洁,保护性较好,品牌/品质感较好",我已认真阅读,购买意愿: [肯定会购买],四角气囊防护外显: [非常吸引];侧面直取笔槽: [比较吸引];更丰富、更个性化的配色选择: [非常吸引],愿意多付16-20元,肯定会购买,可能会购买,可能会购买,-,-,物有所值，好用就好,我已认真阅读,购买意愿: [肯定会购买],光栅纹理背板的视觉效果: [比较吸引];微磨砂质感: [比较吸引];相比普通光面背板更不易沾指纹: [非常吸引];整体看起来更特别/更有设计感: [非常吸引],愿意多付16-20元,可能会购买,肯定会购买,可能会购买,-,-,愿意的，好用就好,28.38s,两款都可以，没有明显偏好,物有所值，质量好，耐用,经常会,女,25-30岁,企业职员,一线,低,未知,广东省,广州市
255,是,88904297,726476,1024659,"T恤/裙子,直升机,智能手表/手环,鼠标/机械键盘,洗衣液/洗衣凝珠,无线蓝牙耳机,运动鞋,手机壳,平板电脑,抽纸/卷纸,奶茶/咖啡,薯片/膨化食品,洗面奶/洁面乳,贴片面膜,平板电脑保护套/壳,手机充电线/数据线,室内绿植/花卉,充电宝/移动电源,手机贴膜",近13-24个月内,200元及以上,完全由我自己决定购买哪个品牌和产品,Apple（苹果）,以上均无,均未参加过,硕士及以上,"带笔槽保护套,旋转可拆分磁吸保护套,键盘保护套","不易沾指纹/不易显脏,触控笔收纳和拿取方便,防摔防磕/保护性强,外观好看/有设计感,品牌可信/品质稳定,轻薄便携","品牌可信/品质稳定,防摔防磕/保护性强,触控笔收纳和拿取方便,不易沾指纹/不易显脏,外观好看/有设计感,轻薄便携",200元及以上,肯定会,我已认真阅读,购买意愿: [肯定会购买],吸引力: [非常吸引],"磁吸拆分方便,可旋转使用,支撑看剧/学习/办公,外观看起来简洁,保护性较好,品牌/品质感较好",我已认真阅读,购买意愿: [肯定会购买],四角气囊防护外显: [非常吸引];侧面直取笔槽: [非常吸引];更丰富、更个性化的配色选择: [非常吸引],愿意多付16-20元,可能会购买,可能会购买,可能会购买,-,-,价格有点偏高，质量我是认可的,我已认真阅读,购买意愿: [可能会购买],光栅纹理背板的视觉效果: [非常吸引];微磨砂质感: [非常吸引];整体看起来更特别/更有设计感: [比较吸引];相比普通光面背板更不易沾指纹: [比较吸引],愿意多付6-10元,可能会购买,可能会购买,可能会购买,-,-,价格太高了，有点支付不起,14.13s,光栅款,比较喜欢光栅版本的平板保护套,有时会,女,31-35岁,企业职员,三线,偏低,"已婚,育婴期,已育,已有房,已有车",广东省,江门市
256,是,88904310,726476,1024659,"贴片面膜,运动鞋,平板电脑,薯片/膨化食品,鼠标/机械键盘,无线蓝牙耳机,手机壳,抽纸/卷纸,T恤/裙子,充电宝/移动电源,智能手表/手环,手机充电线/数据线,洗衣液/洗衣凝珠,桌面收纳,平板电脑保护套/壳,洗面奶/洁面乳,手机贴膜",近12个月内,120–149元,完全由我自己决定购买哪个品牌和产品,Apple（苹果）,以上均无,均未参加过,本科,"带笔槽保护套,键盘保护套","支架稳定/角度好用,触控笔收纳和拿取方便,品牌可信/品质稳定,与平板搭配协调,轻薄便携,外观好看/有设计感","支架稳定/角度好用,轻薄便携,与平板搭配协调,品牌可信/品质稳定,触控笔收纳和拿取方便,外观好看/有设计感",120-149元,肯定会,我已认真阅读,购买意愿: [肯定会购买],吸引力: [非常吸引],"可旋转使用,外观看起来简洁,品牌/品质感较好",我已认真阅读,购买意愿: [肯定会购买],四角气囊防护外显: [非常吸引];侧面直取笔槽: [非常吸引];更丰富、更个性化的配色选择: [非常吸引],愿意多付6-10元,肯定会购买,可能会购买,说不清,-,-,可能溢价太多,我已认真阅读,购买意愿: [肯定会购买],微磨砂质感: [非常吸引];相比普通光面背板更不易沾指纹: [非常吸引];整体看起来更特别/更有设计感: [非常吸引];光栅纹理背板的视觉效果: [非常吸引],愿意多付11-15元,肯定会购买,可能会购买,说不清,-,-,价格有点过高,10.84s,两款都可以，没有明显偏好,都是很好的保护性兼备颜值,有时会,男,18-24岁,学生,三线,偏低,"已婚,已育,已有房,已有车",江苏省,泰州市
257,是,88904317,726476,1024659,"运动鞋,手机充电线/数据线,奶茶/咖啡,平板电脑保护套/壳,T恤/裙子,平板电脑,充电宝/移动电源,手机贴膜,室内绿植/花卉,洗面奶/洁面乳,抽纸/卷纸,无线蓝牙耳机,洗衣液/洗衣凝珠,手机壳,贴片面膜",近12个月内,100–119元,完全由我自己决定购买哪个品牌和产品,Apple（苹果）,以上均无,均未参加过,本科,磁吸不可拆分保护套,"防摔防磕/保护性强,支架稳定/角度好用,外观好看/有设计感,材质手感好,品牌可信/品质稳定,耐用不易坏,与平板搭配协调","防摔防磕/保护性强,耐用不易坏,品牌可信/品质稳定,支架稳定/角度好用,外观好看/有设计感,材质手感好,与平板搭配协调",100-119元,可能会,我已认真阅读,购买意愿: [可能会购买],吸引力: [比较吸引],"磁吸拆分方便,品牌/品质感较好,可旋转使用",我已认真阅读,购买意愿: [可能会购买],四角气囊防护外显: [非常吸引];侧面直取笔槽: [一般];更丰富、更个性化的配色选择: [比较吸引],愿意多付6-10元,可能会购买,说不清,-,-,-,如果防护的基础上更好，不是颜色的就差点，可以多付钱购买,我已认真阅读,购买意愿: [可能会购买],光栅纹理背板的视觉效果: [比较吸引];微磨砂质感: [一般];相比普通光面背板更不易沾指纹: [非常吸引];整体看起来更特别/更有设计感: [比较吸引],愿意多付11-15元,可能会购买,可能会购买,说不清,-,-,防指纹这个可以，外观就差点,21.92s,光栅款,同等价位会选择光栅款,有时会,女,31-35岁,企业职员,二线,中等,"已婚,育婴期,已育,已有车",山东省,济南市
258,是,88904320,726476,1024659,"鼠标/机械键盘,平板电脑保护套/壳,手机充电线/数据线,智能手表/手环,平板电脑,手机贴膜,T恤/裙子",近12个月内,120–149元,完全由我自己决定购买哪个品牌和产品,Apple（苹果）,以上均无,均未参加过,本科,旋转可拆分磁吸保护套,"防摔防磕/保护性强,轻薄便携,外观好看/有设计感,支架稳定/角度好用,与平板搭配协调,品牌可信/品质稳定,不易沾指纹/不易显脏","外观好看/有设计感,轻薄便携,支架稳定/角度好用,品牌可信/品质稳定,防摔防磕/保护性强,与平板搭配协调,不易沾指纹/不易显脏",120-149元,可能会,我已认真阅读,购买意愿: [肯定会购买],吸引力: [比较吸引],"可旋转使用,保护性较好,磁吸拆分方便,外观看起来简洁",我已认真阅读,购买意愿: [可能会购买],四角气囊防护外显: [比较吸引];侧面直取笔槽: [非常吸引];更丰富、更个性化的配色选择: [比较吸引],愿意多付16-20元,肯定会购买,可能会购买,可能会购买,-,-,安全防护比不上前面两个，颜色搭配也不好看，价格偏高,我已认真阅读,购买意愿: [肯定会购买],光栅纹理背板的视觉效果: [比较吸引];微磨砂质感: [非常吸引];相比普通光面背板更不易沾指纹: [比较吸引];整体看起来更特别/更有设计感: [非常吸引],愿意多付11-15元,可能会购买,可能会购买,肯定会购买,-,-,担心背板材质质量不好，使用起来不是特别方便,53.81s,升级光面款,光年款外观更好看，消费者更喜欢，日常防护比光栅款要好，功能更实用,经常会,女,31-35岁,企业职员,三线,低,已婚,湖北省,宜昌市
259,是,88904348,726476,1024659,"平板电脑保护套/壳,平板电脑",近12个月内,120–149元,完全由我自己决定购买哪个品牌和产品,Apple（苹果）,以上均无,均未参加过,本科,"旋转可拆分磁吸保护套,透明/半透明保护壳","防摔防磕/保护性强,与平板搭配协调,支架稳定/角度好用,外观好看/有设计感","防摔防磕/保护性强,外观好看/有设计感,与平板搭配协调,支架稳定/角度好用",120-149元,可能会,我已认真阅读,购买意愿: [可能会购买],吸引力: [比较吸引],"磁吸拆分方便,价格合适,外观看起来简洁,可旋转使用",我已认真阅读,购买意愿: [可能会购买],四角气囊防护外显: [非常吸引];侧面直取笔槽: [非常吸引];更丰富、更个性化的配色选择: [非常吸引],愿意多付16-20元,可能会购买,可能会购买,可能会购买,-,-,因为觉得这个价格很值，保护壳有保护的作用就比较放心啊，所以会考虑买的，哈哈哈,我已认真阅读,购买意愿: [可能会购买],光栅纹理背板的视觉效果: [比较吸引];微磨砂质感: [比较吸引];相比普通光面背板更不易沾指纹: [非常吸引];整体看起来更特别/更有设计感: [非常吸引],愿意多付11-15元,可能会购买,可能会购买,可能会购买,-,-,因为这个设计感十足，愿意花钱买的，支持一下，科技感 设计感。哈哈哈哈,23.35s,光栅款,这款比较洋气设计啊，一眼跟普通的保护壳不一样，比较少见。所以觉得是比较价值的,经常会,女,25-30岁,企业职员,三线,偏高,"准备结婚期,已育,已有车",浙江省,台州市
260,是,88904360,726476,1024659,"智能手表/手环,手机充电线/数据线,洗面奶/洁面乳,平板电脑保护套/壳,抽纸/卷纸",近12个月内,100–119元,完全由我自己决定购买哪个品牌和产品,Apple（苹果）,以上均无,均未参加过,本科,旋转可拆分磁吸保护套,"外观好看/有设计感,防摔防磕/保护性强,支架稳定/角度好用,与平板搭配协调","外观好看/有设计感,防摔防磕/保护性强,与平板搭配协调,支架稳定/角度好用",120-149元,肯定会,我已认真阅读,购买意愿: [肯定会购买],吸引力: [非常吸引],"可旋转使用,外观看起来简洁,价格合适,保护性较好",我已认真阅读,购买意愿: [肯定会购买],四角气囊防护外显: [非常吸引];侧面直取笔槽: [比较吸引];更丰富、更个性化的配色选择: [非常吸引],愿意多付6-10元,肯定会购买,可能会购买,可能会购买,-,-,升级功能较好，性价比会变低,我已认真阅读,购买意愿: [肯定会购买],光栅纹理背板的视觉效果: [非常吸引];微磨砂质感: [非常吸引];相比普通光面背板更不易沾指纹: [非常吸引];整体看起来更特别/更有设计感: [非常吸引],愿意多付6-10元,肯定会购买,可能会购买,可能会购买,-,-,外观好，价格贵，性价比低,44.33s,光栅款,性价比更高,有时会,女,31-35岁,企业职员,二线,中等,"已婚,已育,已有房,已有车",湖南省,长沙市
261,是,88904376,726476,1024659,"充电宝/移动电源,手机贴膜,手机壳,平板电脑保护套/壳,智能手表/手环,抽纸/卷纸,洗衣液/洗衣凝珠",近12个月内,120–149元,完全由我自己决定购买哪个品牌和产品,Apple（苹果）,以上均无,均未参加过,本科,"磁吸不可拆分保护套,旋转可拆分磁吸保护套,键盘保护套","防摔防磕/保护性强,支架稳定/角度好用,触控笔收纳和拿取方便,材质手感好,不易沾指纹/不易显脏,外观好看/有设计感,轻薄便携,价格合适/性价比高,品牌可信/品质稳定,颜色选择丰富,耐用不易坏,与平板搭配协调","不易沾指纹/不易显脏,价格合适/性价比高,防摔防磕/保护性强,颜色选择丰富,轻薄便携,品牌可信/品质稳定,触控笔收纳和拿取方便,与平板搭配协调,材质手感好,支架稳定/角度好用,外观好看/有设计感,耐用不易坏",150-199元,可能会,我已认真阅读,购买意愿: [肯定会购买],吸引力: [比较吸引],"可旋转使用,磁吸拆分方便,支撑看剧/学习/办公,价格合适,外观看起来简洁,保护性较好,品牌/品质感较好",我已认真阅读,购买意愿: [可能会购买],四角气囊防护外显: [非常吸引];侧面直取笔槽: [比较吸引];更丰富、更个性化的配色选择: [比较吸引],愿意多付21元及以上,可能会购买,可能会购买,可能会购买,-,-,这三项升级点，我觉得能够更好的改善日常使用的体验，可以更好的保护设备新的外观配色，也能满足审美需求，这些细节优化，我觉得都让我的使用感受更好,我已认真阅读,购买意愿: [可能会购买],光栅纹理背板的视觉效果: [非常吸引];微磨砂质感: [比较吸引];相比普通光面背板更不易沾指纹: [比较吸引];整体看起来更特别/更有设计感: [比较吸引],愿意多付21元及以上,可能会购买,可能会购买,可能会购买,-,-,外观质感防指纹，这些都很特别，也很耐看，而且防护功能更好，我觉得都挺不错,14.08s,两款都可以，没有明显偏好,两款都挺不错的，都可以满足我的日常需求，就是光栅背板会在防护功能，视觉触觉方面做得更好,有时会,女,31-35岁,企业职员,三线,低,未知,浙江省,温州市
262,是,88904380,726476,1024659,"室内绿植/花卉,奶茶/咖啡,手机贴膜,薯片/膨化食品,平板电脑,贴片面膜,智能手表/手环,T恤/裙子,平板电脑保护套/壳,洗面奶/洁面乳,充电宝/移动电源,无线蓝牙耳机,抽纸/卷纸",近12个月内,120–149元,完全由我自己决定购买哪个品牌和产品,Apple（苹果）,以上均无,均未参加过,本科,"磁吸不可拆分保护套,旋转可拆分磁吸保护套,带笔槽保护套,键盘保护套,透明/半透明保护壳","防摔防磕/保护性强,支架稳定/角度好用,触控笔收纳和拿取方便,不易沾指纹/不易显脏,外观好看/有设计感,颜色选择丰富,耐用不易坏","防摔防磕/保护性强,支架稳定/角度好用,触控笔收纳和拿取方便,外观好看/有设计感,颜色选择丰富,不易沾指纹/不易显脏,耐用不易坏",100-119元,肯定会,我已认真阅读,购买意愿: [肯定会购买],吸引力: [非常吸引],"可旋转使用,保护性较好,磁吸拆分方便",我已认真阅读,购买意愿: [肯定会购买],四角气囊防护外显: [非常吸引];侧面直取笔槽: [非常吸引];更丰富、更个性化的配色选择: [非常吸引],愿意多付16-20元,肯定会购买,肯定会购买,肯定会购买,-,-,手感比较好，颜值比较高，支撑度比较好,我已认真阅读,购买意愿: [肯定会购买],光栅纹理背板的视觉效果: [非常吸引];微磨砂质感: [非常吸引];相比普通光面背板更不易沾指纹: [非常吸引];整体看起来更特别/更有设计感: [非常吸引],愿意多付21元及以上,肯定会购买,肯定会购买,可能会购买,-,-,性价比更高,9.11s,升级光面款,颜值比较高，手感上可能更适合我,经常会,女,25-30岁,企业职员,二线,低,未知,山东省,烟台市
263,是,88904405,726476,1024659,"桌面收纳,无线蓝牙耳机,平板电脑,手机壳,手机充电线/数据线,运动鞋,抽纸/卷纸,洗衣液/洗衣凝珠,鼠标/机械键盘,薯片/膨化食品,T恤/裙子,手机贴膜,奶茶/咖啡,洗面奶/洁面乳,贴片面膜,智能手表/手环,平板电脑保护套/壳,室内绿植/花卉,充电宝/移动电源",近12个月内,120–149元,完全由我自己决定购买哪个品牌和产品,Apple（苹果）,以上均无,均未参加过,本科,"旋转可拆分磁吸保护套,带笔槽保护套,键盘保护套","防摔防磕/保护性强,不易沾指纹/不易显脏,支架稳定/角度好用,材质手感好,外观好看/有设计感,价格合适/性价比高,与平板搭配协调,耐用不易坏,品牌可信/品质稳定,颜色选择丰富,触控笔收纳和拿取方便,轻薄便携","与平板搭配协调,材质手感好,耐用不易坏,颜色选择丰富,外观好看/有设计感,支架稳定/角度好用,防摔防磕/保护性强,触控笔收纳和拿取方便,不易沾指纹/不易显脏,品牌可信/品质稳定,轻薄便携,价格合适/性价比高",120-149元,肯定会,我已认真阅读,购买意愿: [肯定会购买],吸引力: [非常吸引],"可旋转使用,支撑看剧/学习/办公,品牌/品质感较好,外观看起来简洁",我已认真阅读,购买意愿: [肯定会购买],四角气囊防护外显: [非常吸引];侧面直取笔槽: [非常吸引];更丰富、更个性化的配色选择: [非常吸引],愿意多付16-20元,肯定会购买,肯定会购买,肯定会购买,-,-,设计好看，颜色搭配的好，使用方便,我已认真阅读,购买意愿: [肯定会购买],光栅纹理背板的视觉效果: [非常吸引];微磨砂质感: [非常吸引];相比普通光面背板更不易沾指纹: [非常吸引];整体看起来更特别/更有设计感: [非常吸引],愿意多付11-15元,肯定会购买,肯定会购买,肯定会购买,-,-,设计很独特,8.09s,升级光面款,材质放心。外观好看,经常会,女,31-35岁,自由职业/个体经营,六线,偏低,未知,广东省,梅州市
264,是,88904420,726476,1024659,"洗面奶/洁面乳,平板电脑,抽纸/卷纸,洗衣液/洗衣凝珠,运动鞋,智能手表/手环,手机充电线/数据线,T恤/裙子,平板电脑保护套/壳,奶茶/咖啡,手机壳,无线蓝牙耳机,手机贴膜,鼠标/机械键盘,薯片/膨化食品,桌面收纳,充电宝/移动电源,贴片面膜",近12个月内,120–149元,完全由我自己决定购买哪个品牌和产品,Apple（苹果）,以上均无,均未参加过,本科,"单壳（不带盖板）保护套,普通翻盖保护套,磁吸不可拆分保护套","防摔防磕/保护性强,触控笔收纳和拿取方便,品牌可信/品质稳定,支架稳定/角度好用,轻薄便携,价格合适/性价比高,耐用不易坏","耐用不易坏,价格合适/性价比高,防摔防磕/保护性强,支架稳定/角度好用,轻薄便携,触控笔收纳和拿取方便,品牌可信/品质稳定",120-149元,肯定会,我已认真阅读,购买意愿: [肯定会购买],吸引力: [非常吸引],"可旋转使用,价格合适,保护性较好",我已认真阅读,购买意愿: [肯定会购买],四角气囊防护外显: [非常吸引];侧面直取笔槽: [比较吸引];更丰富、更个性化的配色选择: [非常吸引],愿意多付21元及以上,肯定会购买,肯定会购买,肯定会购买,-,-,我愿意多付钱，这三个刚好是我需要的,我已认真阅读,购买意愿: [肯定会购买],光栅纹理背板的视觉效果: [非常吸引];微磨砂质感: [非常吸引];相比普通光面背板更不易沾指纹: [非常吸引];整体看起来更特别/更有设计感: [非常吸引],愿意多付21元及以上,肯定会购买,肯定会购买,可能会购买,-,-,价格有点贵的，性价比不高,8.59s,两款都可以，没有明显偏好,主要是功能的问题，外表没有关系,有时会,女,31-35岁,自由职业/个体经营,二线,偏高,"已婚,育婴期,已有房",福建省,泉州市
265,是,88904432,726476,1024659,"平板电脑,T恤/裙子,手机壳,平板电脑保护套/壳,手机充电线/数据线,桌面收纳,运动鞋,智能手表/手环,奶茶/咖啡,洗面奶/洁面乳,贴片面膜,洗衣液/洗衣凝珠,鼠标/机械键盘,手机贴膜,充电宝/移动电源,薯片/膨化食品,无线蓝牙耳机,抽纸/卷纸",近12个月内,120–149元,完全由我自己决定购买哪个品牌和产品,Apple（苹果）,以上均无,均未参加过,本科,"单壳（不带盖板）保护套,磁吸不可拆分保护套,带笔槽保护套,键盘保护套,透明/半透明保护壳","支架稳定/角度好用,不易沾指纹/不易显脏,轻薄便携","不易沾指纹/不易显脏,支架稳定/角度好用,轻薄便携",120-149元,可能会,我已认真阅读,购买意愿: [可能会购买],吸引力: [比较吸引],"磁吸拆分方便,外观看起来简洁,保护性较好,品牌/品质感较好",我已认真阅读,购买意愿: [可能会购买],四角气囊防护外显: [比较吸引];侧面直取笔槽: [比较吸引];更丰富、更个性化的配色选择: [比较吸引],愿意多付6-10元,可能会购买,可能会购买,可能会购买,-,-,看情况,我已认真阅读,购买意愿: [可能会购买],微磨砂质感: [非常吸引];相比普通光面背板更不易沾指纹: [比较吸引];整体看起来更特别/更有设计感: [非常吸引];光栅纹理背板的视觉效果: [比较吸引],愿意多付5元以内,可能会购买,肯定会购买,可能会购买,-,-,看情况,4.76s,升级光面款,喜欢,有时会,女,25-30岁,企业职员,三线,偏低,恋爱期,广东省,惠州市
266,是,88904441,726476,1024659,"平板电脑,智能手表/手环,充电宝/移动电源,手机壳,无线蓝牙耳机,室内绿植/花卉,T恤/裙子,手机充电线/数据线,手机贴膜,平板电脑保护套/壳,贴片面膜,奶茶/咖啡,运动鞋,抽纸/卷纸",近12个月内,150–199元,完全由我自己决定购买哪个品牌和产品,Apple（苹果）,以上均无,均未参加过,本科,"普通翻盖保护套,磁吸不可拆分保护套,带笔槽保护套,透明/半透明保护壳","防摔防磕/保护性强,耐用不易坏,支架稳定/角度好用,材质手感好,轻薄便携,与平板搭配协调","支架稳定/角度好用,耐用不易坏,与平板搭配协调,轻薄便携,防摔防磕/保护性强,材质手感好",150-199元,可能会,我已认真阅读,购买意愿: [可能会购买],吸引力: [非常吸引],"可旋转使用,磁吸拆分方便,支撑看剧/学习/办公,保护性较好",我已认真阅读,购买意愿: [肯定会购买],四角气囊防护外显: [非常吸引];侧面直取笔槽: [非常吸引];更丰富、更个性化的配色选择: [非常吸引],愿意多付16-20元,肯定会购买,可能会购买,可能会购买,-,-,有更多的选择性价比高,我已认真阅读,购买意愿: [肯定会购买],光栅纹理背板的视觉效果: [非常吸引];微磨砂质感: [非常吸引];相比普通光面背板更不易沾指纹: [非常吸引];整体看起来更特别/更有设计感: [非常吸引],愿意多付21元及以上,可能会购买,可能会购买,可能会购买,-,-,不怎么样好看的设计,14.52s,升级光面款,性价比高的选择,有时会,女,31-35岁,自由职业/个体经营,三线,偏低,"准备结婚期,已有车",山西省,太原市
267,是,88904461,726476,1024659,"平板电脑保护套/壳,手机壳,抽纸/卷纸,洗衣液/洗衣凝珠",近12个月内,120–149元,完全由我自己决定购买哪个品牌和产品,Apple（苹果）,以上均无,均未参加过,本科,"键盘保护套,磁吸不可拆分保护套","支架稳定/角度好用,防摔防磕/保护性强","支架稳定/角度好用,防摔防磕/保护性强",120-149元,肯定会,我已认真阅读,购买意愿: [肯定会购买],吸引力: [非常吸引],"磁吸拆分方便,价格合适",我已认真阅读,购买意愿: [肯定会购买],四角气囊防护外显: [非常吸引];侧面直取笔槽: [非常吸引];更丰富、更个性化的配色选择: [非常吸引],愿意多付21元及以上,肯定会购买,肯定会购买,可能会购买,-,-,优化,我已认真阅读,购买意愿: [肯定会购买],光栅纹理背板的视觉效果: [非常吸引];微磨砂质感: [非常吸引];相比普通光面背板更不易沾指纹: [非常吸引];整体看起来更特别/更有设计感: [非常吸引],愿意多付11-15元,可能会购买,说不清,-,-,-,还行,15.53s,升级光面款,方便,经常会,女,31-35岁,自由职业/个体经营,三线,偏低,未知,江苏省,盐城市
268,是,88904477,726476,1024659,"手机壳,充电宝/移动电源,手机贴膜,手机充电线/数据线,抽纸/卷纸,运动鞋,奶茶/咖啡,贴片面膜,洗面奶/洁面乳,T恤/裙子,薯片/膨化食品,洗衣液/洗衣凝珠,平板电脑保护套/壳,无线蓝牙耳机",近12个月内,50–79元,完全由我自己决定购买哪个品牌和产品,Apple（苹果）,以上均无,均未参加过,本科,旋转可拆分磁吸保护套,"防摔防磕/保护性强,材质手感好,不易沾指纹/不易显脏,颜色选择丰富","材质手感好,不易沾指纹/不易显脏,防摔防磕/保护性强,颜色选择丰富",50-79元,肯定会,我已认真阅读,购买意愿: [可能会购买],吸引力: [比较吸引],"磁吸拆分方便,外观看起来简洁,保护性较好",我已认真阅读,购买意愿: [可能会购买],四角气囊防护外显: [比较吸引];侧面直取笔槽: [一般];更丰富、更个性化的配色选择: [比较吸引],愿意多付6-10元,可能会购买,可能会购买,可能不会购买,-,-,不带镜头保护容易沾灰，笔槽可有可无，配色简洁，外观尚可，日常使用方便，带磁吸充电和固定方便,我已认真阅读,购买意愿: [可能会购买],光栅纹理背板的视觉效果: [比较吸引];微磨砂质感: [比较吸引];相比普通光面背板更不易沾指纹: [比较吸引];整体看起来更特别/更有设计感: [比较吸引],愿意多付6-10元,可能会购买,可能会购买,可能不会购买,-,-,仅防指纹一个功能，价格高出太多无法接受,23.39s,光栅款,防指纹,有时会,女,31-35岁,企业职员,一线,偏低,"已婚,育婴期,已育,已有房,已有车",广东省,深圳市
269,是,88904481,726476,1024659,"手机充电线/数据线,贴片面膜,洗面奶/洁面乳,薯片/膨化食品,智能手表/手环,平板电脑保护套/壳,运动鞋,桌面收纳,手机壳,充电宝/移动电源,洗衣液/洗衣凝珠,奶茶/咖啡,T恤/裙子",近12个月内,120–149元,完全由我自己决定购买哪个品牌和产品,Apple（苹果）,以上均无,均未参加过,硕士及以上,"普通翻盖保护套,旋转可拆分磁吸保护套,带笔槽保护套,键盘保护套","防摔防磕/保护性强,支架稳定/角度好用,触控笔收纳和拿取方便,外观好看/有设计感,耐用不易坏,与平板搭配协调,材质手感好,不易沾指纹/不易显脏,轻薄便携,价格合适/性价比高","防摔防磕/保护性强,支架稳定/角度好用,触控笔收纳和拿取方便,耐用不易坏,外观好看/有设计感,与平板搭配协调,价格合适/性价比高,不易沾指纹/不易显脏,材质手感好,轻薄便携",120-149元,可能会,我已认真阅读,购买意愿: [可能会购买],吸引力: [非常吸引],"可旋转使用,磁吸拆分方便,价格合适",我已认真阅读,购买意愿: [可能会购买],四角气囊防护外显: [非常吸引];侧面直取笔槽: [非常吸引];更丰富、更个性化的配色选择: [非常吸引],愿意多付11-15元,可能会购买,说不清,-,-,-,主要是图片展示的颜色我不是那么喜欢，看起来不是很好看，而且我觉得升级点其实应该是必须的吧，还要额外多收钱吗？就那不如直接只出升级版呢,我已认真阅读,购买意愿: [可能会购买],光栅纹理背板的视觉效果: [一般];微磨砂质感: [比较吸引];相比普通光面背板更不易沾指纹: [比较吸引];整体看起来更特别/更有设计感: [比较吸引],愿意多付5元以内,可能会购买,说不清,-,-,-,就一点点小的变化就要多花很多钱也是没有必要吧，感觉没有那么吸引我吧，可以选择其他的,39.56s,两款都可以，没有明显偏好,其实都出也可以吧，但就别搞光栅版再涨价，感觉不划算没有必要，没有那么突出，如果只有一个那就光栅版吧,有时会,女,25-30岁,企业职员,三线,偏低,未知,山东省,东营市
270,是,88904516,726476,1024659,"手机壳,T恤/裙子,薯片/膨化食品,桌面收纳,抽纸/卷纸,洗衣液/洗衣凝珠,手机充电线/数据线,平板电脑",近13-24个月内,50–79元,主要由我自己决定，偶尔参考他人意见,Apple（苹果）,教育/培训/科研,美妆/个人护理类,本科,"单壳（不带盖板）保护套,磁吸不可拆分保护套,键盘保护套","防摔防磕/保护性强,支架稳定/角度好用,材质手感好,外观好看/有设计感,品牌可信/品质稳定,耐用不易坏","防摔防磕/保护性强,外观好看/有设计感,材质手感好,支架稳定/角度好用,耐用不易坏,品牌可信/品质稳定",80-99元,可能会,我已认真阅读,购买意愿: [可能会购买],吸引力: [比较吸引],"磁吸拆分方便,可旋转使用,外观看起来简洁,支撑看剧/学习/办公",我已认真阅读,购买意愿: [可能会购买],四角气囊防护外显: [比较吸引];侧面直取笔槽: [比较吸引];更丰富、更个性化的配色选择: [非常吸引],愿意多付6-10元,可能会购买,可能会购买,可能会购买,-,-,配色蓝调符合和人审美，外观设计简洁，防护升级，材质很好的话，会考虑购入,我已认真阅读,购买意愿: [可能会购买],光栅纹理背板的视觉效果: [非常吸引];微磨砂质感: [比较吸引];相比普通光面背板更不易沾指纹: [比较吸引];整体看起来更特别/更有设计感: [比较吸引],愿意多付11-15元,可能会购买,可能会购买,可能会购买,-,-,除了配色功能质感比较美观耐用外，个人也比较偏好光栅效果，若出联名款限定图案也许更特别一些。,125.2s,光栅款,除颜色功能外观设计外，光栅款更吸引人，使用更便捷，同时视觉效果有种未来科技感。,有时会,女,31-35岁,企业职员,二线,低,已婚,辽宁省,沈阳市
271,是,88904519,726476,1024659,"平板电脑保护套/壳,智能手表/手环,洗衣液/洗衣凝珠,手机壳,充电宝/移动电源,抽纸/卷纸,手机贴膜,鼠标/机械键盘,薯片/膨化食品,T恤/裙子,平板电脑,手机充电线/数据线,洗面奶/洁面乳,贴片面膜,奶茶/咖啡",近12个月内,120–149元,完全由我自己决定购买哪个品牌和产品,Apple（苹果）,以上均无,均未参加过,本科,"单壳（不带盖板）保护套,普通翻盖保护套,带笔槽保护套","防摔防磕/保护性强,支架稳定/角度好用,触控笔收纳和拿取方便,外观好看/有设计感,与平板搭配协调","防摔防磕/保护性强,外观好看/有设计感,支架稳定/角度好用,触控笔收纳和拿取方便,与平板搭配协调",100-119元,可能会,我已认真阅读,购买意愿: [可能会购买],吸引力: [比较吸引],"可旋转使用,磁吸拆分方便,支撑看剧/学习/办公",我已认真阅读,购买意愿: [可能会购买],四角气囊防护外显: [比较吸引];侧面直取笔槽: [比较吸引];更丰富、更个性化的配色选择: [一般],愿意多付6-10元,可能会购买,可能会购买,可能会购买,-,-,因为这三个点它都是比较常见的，而且它在便利性上并不是特别的有优点,我已认真阅读,购买意愿: [可能会购买],光栅纹理背板的视觉效果: [一般];微磨砂质感: [比较吸引];相比普通光面背板更不易沾指纹: [比较吸引];整体看起来更特别/更有设计感: [一般],愿意多付5元以内,可能会购买,说不清,-,-,-,因为它好看是一个点，其次主要是它的使用功能，如果能有个好的体验才是最重要的,16.63s,升级光面款,因为升级光面板的，首先它是比较简约大方的款式，其次它的功能有升级就可以了,有时会,男,25-30岁,自由职业/个体经营,六线,低,未知,江西省,抚州市
272,是,88904523,726476,1024659,"平板电脑,手机充电线/数据线,薯片/膨化食品,手机壳,平板电脑保护套/壳,充电宝/移动电源,鼠标/机械键盘,T恤/裙子,运动鞋,手机贴膜,洗面奶/洁面乳,洗衣液/洗衣凝珠",近12个月内,100–119元,完全由我自己决定购买哪个品牌和产品,Apple（苹果）,以上均无,均未参加过,本科,磁吸不可拆分保护套,"防摔防磕/保护性强,支架稳定/角度好用,材质手感好,不易沾指纹/不易显脏,品牌可信/品质稳定,与平板搭配协调","防摔防磕/保护性强,与平板搭配协调,支架稳定/角度好用,材质手感好,品牌可信/品质稳定,不易沾指纹/不易显脏",100-119元,可能会,我已认真阅读,购买意愿: [肯定会购买],吸引力: [非常吸引],"可旋转使用,磁吸拆分方便,保护性较好,品牌/品质感较好",我已认真阅读,购买意愿: [肯定会购买],四角气囊防护外显: [非常吸引];侧面直取笔槽: [非常吸引];更丰富、更个性化的配色选择: [非常吸引],愿意多付11-15元,肯定会购买,可能会购买,说不清,-,-,感觉就没有性价比了,我已认真阅读,购买意愿: [肯定会购买],光栅纹理背板的视觉效果: [非常吸引];微磨砂质感: [非常吸引];相比普通光面背板更不易沾指纹: [非常吸引];整体看起来更特别/更有设计感: [非常吸引],愿意多付6-10元,肯定会购买,可能会购买,说不清,-,-,感觉性价比不太高了,13.81s,两款都可以，没有明显偏好,重要的保护功能差不多,有时会,女,31-35岁,专业人士,二线,低,未知,江苏省,无锡市
273,是,88904528,726476,1024659,"运动鞋,洗面奶/洁面乳,抽纸/卷纸,桌面收纳,无线蓝牙耳机,贴片面膜,洗衣液/洗衣凝珠,手机壳,手机充电线/数据线,智能手表/手环,鼠标/机械键盘,奶茶/咖啡,手机贴膜,平板电脑保护套/壳,平板电脑,薯片/膨化食品,T恤/裙子,充电宝/移动电源",近12个月内,120–149元,完全由我自己决定购买哪个品牌和产品,Apple（苹果）,以上均无,均未参加过,本科,"普通翻盖保护套,磁吸不可拆分保护套,旋转可拆分磁吸保护套,带笔槽保护套,键盘保护套,透明/半透明保护壳","防摔防磕/保护性强,支架稳定/角度好用,材质手感好,触控笔收纳和拿取方便,不易沾指纹/不易显脏,外观好看/有设计感,颜色选择丰富,轻薄便携,价格合适/性价比高,品牌可信/品质稳定,耐用不易坏,与平板搭配协调","支架稳定/角度好用,不易沾指纹/不易显脏,品牌可信/品质稳定,触控笔收纳和拿取方便,防摔防磕/保护性强,与平板搭配协调,颜色选择丰富,轻薄便携,价格合适/性价比高,材质手感好,耐用不易坏,外观好看/有设计感",120-149元,肯定会,我已认真阅读,购买意愿: [可能会购买],吸引力: [非常吸引],"可旋转使用,磁吸拆分方便,支撑看剧/学习/办公,价格合适,外观看起来简洁,保护性较好,品牌/品质感较好",我已认真阅读,购买意愿: [可能会购买],四角气囊防护外显: [非常吸引];侧面直取笔槽: [非常吸引];更丰富、更个性化的配色选择: [非常吸引],愿意多付6-10元,肯定会购买,可能会购买,可能会购买,-,-,比较方便和辩解的感觉就是这个意思，然后比较方便就是说这个磁铁的就是说这个,我已认真阅读,购买意愿: [可能会购买],光栅纹理背板的视觉效果: [比较吸引];微磨砂质感: [非常吸引];相比普通光面背板更不易沾指纹: [比较吸引];整体看起来更特别/更有设计感: [非常吸引],愿意多付11-15元,肯定会购买,肯定会购买,可能会购买,-,-,比较喜欢这个款式就是说这个价格比较方便和快捷就是说,19.45s,升级光面款,价格比较划算功能比较齐全就是说这个防护，比较适合我的方便,有时会,女,25-30岁,企业职员,二线,中等,准备结婚期,浙江省,杭州市
274,是,88904569,726476,1024659,"鼠标/机械键盘,无线蓝牙耳机,平板电脑保护套/壳,手机贴膜,手机壳",近12个月内,120–149元,完全由我自己决定购买哪个品牌和产品,Apple（苹果）,以上均无,均未参加过,本科,"磁吸不可拆分保护套,带笔槽保护套,透明/半透明保护壳","防摔防磕/保护性强,材质手感好,外观好看/有设计感,耐用不易坏,价格合适/性价比高,品牌可信/品质稳定,支架稳定/角度好用","品牌可信/品质稳定,价格合适/性价比高,外观好看/有设计感,支架稳定/角度好用,材质手感好,耐用不易坏,防摔防磕/保护性强",120-149元,肯定会,我已认真阅读,购买意愿: [可能会购买],吸引力: [比较吸引],"可旋转使用,保护性较好,价格合适,外观看起来简洁,支撑看剧/学习/办公,品牌/品质感较好",我已认真阅读,购买意愿: [可能会购买],四角气囊防护外显: [比较吸引];侧面直取笔槽: [非常吸引];更丰富、更个性化的配色选择: [比较吸引],愿意多付11-15元,可能会购买,肯定会购买,肯定会购买,-,-,升级后的防护设计能更好地保护设备，笔槽也让收纳和使用更便利，整体质感和颜值也更高，能带来更省心、更愉悦的使用感受，所以愿意为这些实用的升级买单。,我已认真阅读,购买意愿: [肯定会购买],光栅纹理背板的视觉效果: [比较吸引];微磨砂质感: [比较吸引];相比普通光面背板更不易沾指纹: [比较吸引];整体看起来更特别/更有设计感: [非常吸引],愿意多付11-15元,肯定会购买,肯定会购买,肯定会购买,-,-,光栅背板外观特别，防指纹且质感好，值得加钱。,8.55s,两款都可以，没有明显偏好,"
两款的核心防护和使用功能都能满足我的需求，背板设计的差异对我影响不大，所以没有明显偏好。",经常会,女,25-30岁,自由职业/个体经营,六线,偏低,"已婚,已有车",安徽省,宿州市
275,是,88904570,726476,1024659,"薯片/膨化食品,平板电脑,平板电脑保护套/壳,鼠标/机械键盘,手机充电线/数据线,充电宝/移动电源,手机壳,T恤/裙子,洗面奶/洁面乳,手机贴膜,室内绿植/花卉,抽纸/卷纸,智能手表/手环,贴片面膜,无线蓝牙耳机,桌面收纳,洗衣液/洗衣凝珠,运动鞋,奶茶/咖啡",近12个月内,100–119元,完全由我自己决定购买哪个品牌和产品,Apple（苹果）,以上均无,均未参加过,本科,旋转可拆分磁吸保护套,"防摔防磕/保护性强,支架稳定/角度好用,外观好看/有设计感,轻薄便携,耐用不易坏,与平板搭配协调","与平板搭配协调,外观好看/有设计感,耐用不易坏,支架稳定/角度好用,轻薄便携,防摔防磕/保护性强",100-119元,可能会,我已认真阅读,购买意愿: [肯定会购买],吸引力: [非常吸引],"可旋转使用,磁吸拆分方便,支撑看剧/学习/办公,价格合适,外观看起来简洁,保护性较好",我已认真阅读,购买意愿: [可能会购买],四角气囊防护外显: [一般];侧面直取笔槽: [比较吸引];更丰富、更个性化的配色选择: [一般],愿意多付11-15元,可能会购买,可能会购买,说不清,-,-,我觉得多了功能愿意多付费，但是太多了就不愿意了，毕竟就是一个保护套，太胡里花哨也没必要,我已认真阅读,购买意愿: [可能会购买],光栅纹理背板的视觉效果: [一般];微磨砂质感: [一般];相比普通光面背板更不易沾指纹: [比较吸引];整体看起来更特别/更有设计感: [一般],愿意多付6-10元,说不清,-,-,说不清,可能会购买,我觉得同等价位我可以买到这个功能的，要讲究性价比,31.93s,升级光面款,各项指标符合我的需求,有时会,女,25-30岁,企业职员,二线,低,未知,浙江省,杭州市
276,是,88904573,726476,1024659,"奶茶/咖啡,手机充电线/数据线,室内绿植/花卉,平板电脑,T恤/裙子,抽纸/卷纸,贴片面膜,智能手表/手环,桌面收纳,手机贴膜,鼠标/机械键盘,洗面奶/洁面乳,手机壳,运动鞋,薯片/膨化食品,洗衣液/洗衣凝珠",近12个月内,80–99元,完全由我自己决定购买哪个品牌和产品,Apple（苹果）,以上均无,均未参加过,本科,"磁吸不可拆分保护套,带笔槽保护套","防摔防磕/保护性强,支架稳定/角度好用,材质手感好,不易沾指纹/不易显脏,耐用不易坏,品牌可信/品质稳定","防摔防磕/保护性强,支架稳定/角度好用,品牌可信/品质稳定,材质手感好,耐用不易坏,不易沾指纹/不易显脏",120-149元,可能会,我已认真阅读,购买意愿: [可能会购买],吸引力: [比较吸引],可旋转使用,我已认真阅读,购买意愿: [可能会购买],四角气囊防护外显: [非常吸引];侧面直取笔槽: [比较吸引];更丰富、更个性化的配色选择: [比较吸引],愿意多付11-15元,可能会购买,可能会购买,可能会购买,-,-,感觉有点没必要，我更需要真正有用的功能来保护,我已认真阅读,购买意愿: [可能会购买],光栅纹理背板的视觉效果: [比较吸引];微磨砂质感: [比较吸引];相比普通光面背板更不易沾指纹: [非常吸引];整体看起来更特别/更有设计感: [非常吸引],愿意多付6-10元,可能会购买,可能会购买,可能会购买,-,-,我愿意多付钱，但是是一定的范围，不能太多，太多我会觉得在圈钱,23.98s,光栅款,看上去更特别，手感更好，更高级,经常会,女,25-30岁,专业人士,二线,偏高,未知,湖南省,长沙市
277,是,88904582,726476,1024659,"充电宝/移动电源,薯片/膨化食品,平板电脑,平板电脑保护套/壳,抽纸/卷纸,贴片面膜,手机壳,智能手表/手环,运动鞋,洗面奶/洁面乳,室内绿植/花卉,无线蓝牙耳机,洗衣液/洗衣凝珠,手机充电线/数据线,手机贴膜,鼠标/机械键盘,T恤/裙子",近12个月内,120–149元,主要由我自己决定，偶尔参考他人意见,Apple（苹果）,医疗/健康/生物制药,美妆/个人护理类,本科,普通翻盖保护套,"轻薄便携,外观好看/有设计感,耐用不易坏,防摔防磕/保护性强,支架稳定/角度好用","外观好看/有设计感,防摔防磕/保护性强,支架稳定/角度好用,耐用不易坏,轻薄便携",150-199元,可能会,我已认真阅读,购买意愿: [可能会购买],吸引力: [比较吸引],"可旋转使用,磁吸拆分方便,支撑看剧/学习/办公,价格合适",我已认真阅读,购买意愿: [可能会购买],四角气囊防护外显: [比较吸引];侧面直取笔槽: [比较吸引];更丰富、更个性化的配色选择: [比较吸引],愿意多付21元及以上,可能会购买,可能会购买,可能会购买,-,-,增加的这些功能用起来更方便，更舒适，更耐用，物超所值,我已认真阅读,购买意愿: [说不清],光栅纹理背板的视觉效果: [一般];微磨砂质感: [一般];相比普通光面背板更不易沾指纹: [比较吸引];整体看起来更特别/更有设计感: [一般],愿意多付6-10元,可能不会购买,-,-,可能不会购买,可能不会购买,光栅背板的功能对我来说无所谓,28.06s,光栅款,光栅背板不容易脏，手感好,有时会,女,36-40岁,企业职员,一线,偏高,"已婚,已育,装修期,已有车",上海,上海市
278,是,88904594,726476,1024659,"桌面收纳,充电宝/移动电源,平板电脑保护套/壳,鼠标/机械键盘",近12个月内,120–149元,完全由我自己决定购买哪个品牌和产品,Apple（苹果）,以上均无,均未参加过,硕士及以上,"普通翻盖保护套,旋转可拆分磁吸保护套,带笔槽保护套,透明/半透明保护壳","耐用不易坏,外观好看/有设计感,材质手感好,支架稳定/角度好用,触控笔收纳和拿取方便,防摔防磕/保护性强,与平板搭配协调","材质手感好,与平板搭配协调,防摔防磕/保护性强,外观好看/有设计感,触控笔收纳和拿取方便,支架稳定/角度好用,耐用不易坏",120-149元,肯定会,我已认真阅读,购买意愿: [肯定会购买],吸引力: [非常吸引],"可旋转使用,外观看起来简洁,品牌/品质感较好,保护性较好,价格合适,支撑看剧/学习/办公,磁吸拆分方便",我已认真阅读,购买意愿: [肯定会购买],四角气囊防护外显: [非常吸引];侧面直取笔槽: [非常吸引];更丰富、更个性化的配色选择: [非常吸引],愿意多付21元及以上,肯定会购买,肯定会购买,肯定会购买,-,-,   这个平板外观也好看。而且他的设计比较好，不会让平板掉地下摔坏。所以我愿意去选他。,我已认真阅读,购买意愿: [肯定会购买],光栅纹理背板的视觉效果: [非常吸引];微磨砂质感: [非常吸引];相比普通光面背板更不易沾指纹: [非常吸引];整体看起来更特别/更有设计感: [非常吸引],愿意多付21元及以上,肯定会购买,肯定会购买,肯定会购买,-,-,我愿意买这个，因为它比较方便，而且有防滑的功效。我感觉他是比较适合我们的。所以我就会很喜欢这个。,54.48s,升级光面款,这款产品它主要是怕平板掉下来摔坏他多方面的去保护了他这个。整体上就是我喜欢的样子。又美观又实用。,经常会,女,25-30岁,其他,二线,偏低,未知,吉林省,长春市
279,是,88904608,726476,1024659,"平板电脑保护套/壳,手机壳,抽纸/卷纸,洗衣液/洗衣凝珠,贴片面膜,平板电脑,T恤/裙子,洗面奶/洁面乳",近12个月内,120–149元,完全由我自己决定购买哪个品牌和产品,Apple（苹果）,以上均无,均未参加过,本科,键盘保护套,"支架稳定/角度好用,防摔防磕/保护性强,轻薄便携,与平板搭配协调,耐用不易坏,品牌可信/品质稳定,材质手感好","防摔防磕/保护性强,与平板搭配协调,支架稳定/角度好用,品牌可信/品质稳定,耐用不易坏,材质手感好,轻薄便携",120-149元,可能会,我已认真阅读,购买意愿: [可能会购买],吸引力: [比较吸引],"磁吸拆分方便,可旋转使用,外观看起来简洁",我已认真阅读,购买意愿: [可能会购买],四角气囊防护外显: [比较吸引];侧面直取笔槽: [比较吸引];更丰富、更个性化的配色选择: [比较吸引],愿意多付11-15元,可能会购买,可能会购买,可能会购买,-,-,笔槽比较便利方便，四角气囊防摔，配色简洁大方，防护性能高,我已认真阅读,购买意愿: [可能会购买],光栅纹理背板的视觉效果: [比较吸引];微磨砂质感: [比较吸引];相比普通光面背板更不易沾指纹: [非常吸引];整体看起来更特别/更有设计感: [比较吸引],愿意多付16-20元,可能会购买,可能会购买,可能会购买,-,-,背部质感舒适度高，可以防指纹这点比较特别有吸引力，外观简洁大方，值得购买,77.95s,光栅款,在都有四角防护侧取笔槽的情况下，磨砂背更有质感，更不容易沾上指纹这点更有吸引力,经常会,女,31-35岁,自由职业/个体经营,三线,偏低,未知,广东省,汕头市
280,是,88904646,726476,1024659,"洗衣液/洗衣凝珠,抽纸/卷纸,无线蓝牙耳机,平板电脑,鼠标/机械键盘,T恤/裙子,智能手表/手环,室内绿植/花卉,洗面奶/洁面乳,手机充电线/数据线,平板电脑保护套/壳,充电宝/移动电源",近12个月内,200元及以上,完全由我自己决定购买哪个品牌和产品,Apple（苹果）,以上均无,均未参加过,本科,键盘保护套,"防摔防磕/保护性强,触控笔收纳和拿取方便,耐用不易坏,轻薄便携,外观好看/有设计感,支架稳定/角度好用","防摔防磕/保护性强,触控笔收纳和拿取方便,外观好看/有设计感,耐用不易坏,支架稳定/角度好用,轻薄便携",200元及以上,肯定会,我已认真阅读,购买意愿: [可能会购买],吸引力: [不太吸引],支撑看剧/学习/办公,我已认真阅读,购买意愿: [肯定会购买],四角气囊防护外显: [非常吸引];侧面直取笔槽: [比较吸引];更丰富、更个性化的配色选择: [比较吸引],愿意多付6-10元,肯定会购买,肯定会购买,肯定会购买,-,-,因为配色好看，比较符合我的审美,我已认真阅读,购买意愿: [可能会购买],光栅纹理背板的视觉效果: [一般];微磨砂质感: [非常吸引];相比普通光面背板更不易沾指纹: [非常吸引];整体看起来更特别/更有设计感: [一般],不愿意多付钱,可能会购买,说不清,-,-,-,不愿意，因为我觉得没区别并且光面手感更好,26.91s,升级光面款,手感比较好，使用起来很方便，,经常会,女,25-30岁,企业职员,三线,低,未知,江西省,南昌市
281,是,88904651,726476,1024659,"洗衣液/洗衣凝珠,手机贴膜,平板电脑,贴片面膜,鼠标/机械键盘,运动鞋,手机壳,洗面奶/洁面乳,奶茶/咖啡,室内绿植/花卉,智能手表/手环,抽纸/卷纸,T恤/裙子,无线蓝牙耳机,充电宝/移动电源,手机充电线/数据线,桌面收纳,薯片/膨化食品,平板电脑保护套/壳",近12个月内,120–149元,完全由我自己决定购买哪个品牌和产品,Apple（苹果）,以上均无,均未参加过,本科,"单壳（不带盖板）保护套,普通翻盖保护套,带笔槽保护套","防摔防磕/保护性强,支架稳定/角度好用,品牌可信/品质稳定","防摔防磕/保护性强,支架稳定/角度好用,品牌可信/品质稳定",120-149元,肯定会,我已认真阅读,购买意愿: [肯定会购买],吸引力: [非常吸引],"可旋转使用,磁吸拆分方便,保护性较好",我已认真阅读,购买意愿: [可能会购买],四角气囊防护外显: [比较吸引];侧面直取笔槽: [非常吸引];更丰富、更个性化的配色选择: [非常吸引],愿意多付16-20元,可能会购买,可能会购买,可能不会购买,-,-,没有特别打动人的地方,我已认真阅读,购买意愿: [可能会购买],光栅纹理背板的视觉效果: [比较吸引];微磨砂质感: [非常吸引];相比普通光面背板更不易沾指纹: [非常吸引];整体看起来更特别/更有设计感: [比较吸引],愿意多付21元及以上,可能会购买,可能会购买,可能会购买,-,-,还行吧我比较喜欢这个,14.77s,光栅款,我更加喜欢这个。,经常会,女,31-35岁,自由职业/个体经营,四线,偏低,"单身,育婴期,已有车",四川省,德阳市
282,是,88904662,726476,1024659,"平板电脑,手机壳,手机贴膜,智能手表/手环,手机充电线/数据线,贴片面膜,充电宝/移动电源,无线蓝牙耳机,洗衣液/洗衣凝珠,平板电脑保护套/壳,运动鞋,桌面收纳,奶茶/咖啡,T恤/裙子,薯片/膨化食品,鼠标/机械键盘,抽纸/卷纸,室内绿植/花卉,洗面奶/洁面乳",近12个月内,120–149元,完全由我自己决定购买哪个品牌和产品,Apple（苹果）,以上均无,均未参加过,本科,"磁吸不可拆分保护套,键盘保护套,透明/半透明保护壳","防摔防磕/保护性强,触控笔收纳和拿取方便,外观好看/有设计感,颜色选择丰富,支架稳定/角度好用,材质手感好,不易沾指纹/不易显脏,耐用不易坏,与平板搭配协调,轻薄便携","耐用不易坏,外观好看/有设计感,支架稳定/角度好用,材质手感好,防摔防磕/保护性强,轻薄便携,不易沾指纹/不易显脏,触控笔收纳和拿取方便,颜色选择丰富,与平板搭配协调",120-149元,肯定会,我已认真阅读,购买意愿: [肯定会购买],吸引力: [非常吸引],"可旋转使用,磁吸拆分方便,支撑看剧/学习/办公,保护性较好,外观看起来简洁,价格合适,品牌/品质感较好",我已认真阅读,购买意愿: [肯定会购买],四角气囊防护外显: [非常吸引];侧面直取笔槽: [非常吸引];更丰富、更个性化的配色选择: [非常吸引],愿意多付11-15元,肯定会购买,肯定会购买,肯定会购买,-,-,设计好看，功能性丰富，感觉很值，使用会更方便。,我已认真阅读,购买意愿: [肯定会购买],微磨砂质感: [非常吸引];相比普通光面背板更不易沾指纹: [非常吸引];光栅纹理背板的视觉效果: [比较吸引];整体看起来更特别/更有设计感: [非常吸引],愿意多付6-10元,肯定会购买,肯定会购买,可能会购买,-,-,不沾指纹，质感更好。,19.56s,光栅款,不沾指纹,经常会,女,25-30岁,企业职员,一线,低,未知,广东省,深圳市
283,是,88904702,726476,1024659,"鼠标/机械键盘,手机壳,桌面收纳,T恤/裙子,平板电脑,奶茶/咖啡,洗衣液/洗衣凝珠,无线蓝牙耳机,充电宝/移动电源,贴片面膜,平板电脑保护套/壳,手机贴膜,薯片/膨化食品,抽纸/卷纸,洗面奶/洁面乳,手机充电线/数据线",近12个月内,80–99元,完全由我自己决定购买哪个品牌和产品,Apple（苹果）,以上均无,均未参加过,本科,"键盘保护套,带笔槽保护套","防摔防磕/保护性强,支架稳定/角度好用,触控笔收纳和拿取方便,不易沾指纹/不易显脏,轻薄便携,价格合适/性价比高,耐用不易坏","耐用不易坏,轻薄便携,价格合适/性价比高,触控笔收纳和拿取方便,支架稳定/角度好用,防摔防磕/保护性强,不易沾指纹/不易显脏",80-99元,可能会,我已认真阅读,购买意愿: [肯定会购买],吸引力: [比较吸引],"可旋转使用,磁吸拆分方便,价格合适,外观看起来简洁,保护性较好",我已认真阅读,购买意愿: [可能会购买],四角气囊防护外显: [比较吸引];侧面直取笔槽: [比较吸引];更丰富、更个性化的配色选择: [比较吸引],愿意多付6-10元,可能会购买,说不清,-,-,-,感觉和基础的平板壳没有特别大的差别,我已认真阅读,购买意愿: [可能会购买],光栅纹理背板的视觉效果: [比较吸引];微磨砂质感: [比较吸引];相比普通光面背板更不易沾指纹: [比较吸引];整体看起来更特别/更有设计感: [比较吸引],愿意多付11-15元,可能会购买,说不清,-,-,-,定价过高感觉没有基础版的差别,24.08s,两款都可以，没有明显偏好,性价比更好的就会选择,有时会,女,25-30岁,企业职员,六线,低,准备结婚期,湖南省,怀化市
284,是,88904727,726476,1024659,"薯片/膨化食品,手机充电线/数据线,奶茶/咖啡,充电宝/移动电源,洗面奶/洁面乳,贴片面膜,抽纸/卷纸,运动鞋,智能手表/手环,手机贴膜,平板电脑,洗衣液/洗衣凝珠,桌面收纳,T恤/裙子,手机壳,平板电脑保护套/壳",近12个月内,80–99元,完全由我自己决定购买哪个品牌和产品,Apple（苹果）,以上均无,均未参加过,本科,普通翻盖保护套,"防摔防磕/保护性强,支架稳定/角度好用,触控笔收纳和拿取方便,材质手感好,不易沾指纹/不易显脏,外观好看/有设计感,轻薄便携,品牌可信/品质稳定,价格合适/性价比高,与平板搭配协调,耐用不易坏","价格合适/性价比高,防摔防磕/保护性强,耐用不易坏,轻薄便携,触控笔收纳和拿取方便,外观好看/有设计感,材质手感好,支架稳定/角度好用,不易沾指纹/不易显脏,品牌可信/品质稳定,与平板搭配协调",80-99元,可能会,我已认真阅读,购买意愿: [可能会购买],吸引力: [比较吸引],"可旋转使用,品牌/品质感较好",我已认真阅读,购买意愿: [可能会购买],四角气囊防护外显: [比较吸引];侧面直取笔槽: [比较吸引];更丰富、更个性化的配色选择: [一般],愿意多付6-10元,可能会购买,可能会购买,可能不会购买,-,-,性价比太低，其他选择多的是,我已认真阅读,购买意愿: [可能会购买],光栅纹理背板的视觉效果: [比较吸引];微磨砂质感: [比较吸引];相比普通光面背板更不易沾指纹: [比较吸引];整体看起来更特别/更有设计感: [比较吸引],愿意多付6-10元,可能会购买,可能不会购买,-,-,-,性价比不高,10.16s,两款都可以，没有明显偏好,都差不多,很少会,女,31-35岁,企业职员,二线,高,未知,江苏省,苏州市
287,是,88904957,726476,1024659,"室内绿植/花卉,薯片/膨化食品,桌面收纳,手机壳,平板电脑,无线蓝牙耳机,T恤/裙子,抽纸/卷纸,奶茶/咖啡,手机充电线/数据线,洗面奶/洁面乳,充电宝/移动电源,贴片面膜,运动鞋",近12个月内,120–149元,完全由我自己决定购买哪个品牌和产品,Apple（苹果）,以上均无,均未参加过,本科,"磁吸不可拆分保护套,带笔槽保护套","支架稳定/角度好用,防摔防磕/保护性强,触控笔收纳和拿取方便,轻薄便携,品牌可信/品质稳定","支架稳定/角度好用,防摔防磕/保护性强,触控笔收纳和拿取方便,轻薄便携,品牌可信/品质稳定",120-149元,可能会,我已认真阅读,购买意愿: [可能会购买],吸引力: [比较吸引],"磁吸拆分方便,价格合适,保护性较好",我已认真阅读,购买意愿: [可能会购买],四角气囊防护外显: [比较吸引];侧面直取笔槽: [比较吸引];更丰富、更个性化的配色选择: [一般],愿意多付11-15元,可能会购买,可能不会购买,-,-,-,功能更全面个性化技术也更全面,我已认真阅读,购买意愿: [可能会购买],光栅纹理背板的视觉效果: [比较吸引];微磨砂质感: [比较吸引];相比普通光面背板更不易沾指纹: [非常吸引];整体看起来更特别/更有设计感: [非常吸引],愿意多付16-20元,可能会购买,可能会购买,可能不会购买,-,-,性价比一般,9.31s,两款都可以，没有明显偏好,设计简洁差异化不大,有时会,女,31-35岁,企业职员,一线,中等,"已婚,已有房",上海,上海市
288,是,88904962,726476,1024659,"薯片/膨化食品,手机壳,平板电脑,手机充电线/数据线,手机贴膜,充电宝/移动电源,T恤/裙子,运动鞋,洗衣液/洗衣凝珠,平板电脑保护套/壳,奶茶/咖啡,抽纸/卷纸",近12个月内,100–119元,完全由我自己决定购买哪个品牌和产品,Apple（苹果）,以上均无,均未参加过,本科,"旋转可拆分磁吸保护套,键盘保护套","防摔防磕/保护性强,支架稳定/角度好用,材质手感好,价格合适/性价比高","价格合适/性价比高,防摔防磕/保护性强,支架稳定/角度好用,材质手感好",100-119元,可能会,我已认真阅读,购买意愿: [可能会购买],吸引力: [比较吸引],"可旋转使用,磁吸拆分方便,价格合适",我已认真阅读,购买意愿: [说不清],四角气囊防护外显: [一般];侧面直取笔槽: [一般];更丰富、更个性化的配色选择: [比较吸引],愿意多付5元以内,说不清,-,-,可能会购买,-,用不到,我已认真阅读,购买意愿: [可能会购买],光栅纹理背板的视觉效果: [比较吸引];微磨砂质感: [比较吸引];相比普通光面背板更不易沾指纹: [一般];整体看起来更特别/更有设计感: [比较吸引],愿意多付6-10元,可能会购买,说不清,-,-,-,用不到,8.9s,升级光面款,性价比更高,有时会,男,25-30岁,企业职员,二线,低,未知,浙江省,杭州市
289,是,88905224,726476,1024659,"洗面奶/洁面乳,无线蓝牙耳机,抽纸/卷纸,薯片/膨化食品,奶茶/咖啡,平板电脑,手机壳,T恤/裙子,贴片面膜,手机充电线/数据线,手机贴膜,洗衣液/洗衣凝珠,运动鞋,桌面收纳,平板电脑保护套/壳",近12个月内,80–99元,完全由我自己决定购买哪个品牌和产品,Apple（苹果）,以上均无,均未参加过,本科,带笔槽保护套,"防摔防磕/保护性强,触控笔收纳和拿取方便,不易沾指纹/不易显脏,轻薄便携,耐用不易坏,价格合适/性价比高","耐用不易坏,不易沾指纹/不易显脏,价格合适/性价比高,触控笔收纳和拿取方便,防摔防磕/保护性强,轻薄便携",80-99元,肯定会,我已认真阅读,购买意愿: [可能会购买],吸引力: [比较吸引],"可旋转使用,支撑看剧/学习/办公,保护性较好,品牌/品质感较好,价格合适",我已认真阅读,购买意愿: [可能会购买],四角气囊防护外显: [一般];侧面直取笔槽: [比较吸引];更丰富、更个性化的配色选择: [非常吸引],愿意多付5元以内,可能会购买,可能会购买,说不清,-,-,防护是平板壳基本要求，没有必要，笔槽这个倒是可以多付钱，有的人需要有的不需要，也可以为了设计多付钱,我已认真阅读,购买意愿: [肯定不会购买],光栅纹理背板的视觉效果: [不太吸引];微磨砂质感: [比较吸引];相比普通光面背板更不易沾指纹: [比较吸引];整体看起来更特别/更有设计感: [一般],不愿意多付钱,说不清,-,-,可能会购买,-,我不是很喜欢这个外观设计，所以不愿意多付钱,22.06s,升级光面款,光面手感更好一些，如果是不留指纹，防护性好，复合我的需求，我愿意加钱,有时会,女,18-24岁,企业职员,四线,偏低,单身,河南省,南阳市
290,是,88905266,726476,1024659,"平板电脑,抽纸/卷纸,奶茶/咖啡,无线蓝牙耳机,运动鞋,鼠标/机械键盘,手机充电线/数据线,桌面收纳,手机贴膜,充电宝/移动电源,洗衣液/洗衣凝珠,T恤/裙子,洗面奶/洁面乳,室内绿植/花卉,平板电脑保护套/壳,手机壳,贴片面膜,薯片/膨化食品,智能手表/手环",近12个月内,120–149元,完全由我自己决定购买哪个品牌和产品,Apple（苹果）,以上均无,均未参加过,本科,"普通翻盖保护套,磁吸不可拆分保护套,旋转可拆分磁吸保护套","防摔防磕/保护性强,支架稳定/角度好用,不易沾指纹/不易显脏,外观好看/有设计感,轻薄便携,耐用不易坏,品牌可信/品质稳定,材质手感好,颜色选择丰富","防摔防磕/保护性强,耐用不易坏,轻薄便携,支架稳定/角度好用,品牌可信/品质稳定,材质手感好,不易沾指纹/不易显脏,颜色选择丰富,外观好看/有设计感",120-149元,可能会,我已认真阅读,购买意愿: [可能会购买],吸引力: [比较吸引],"保护性较好,外观看起来简洁,价格合适,支撑看剧/学习/办公,磁吸拆分方便,可旋转使用",我已认真阅读,购买意愿: [可能会购买],四角气囊防护外显: [非常吸引];侧面直取笔槽: [一般];更丰富、更个性化的配色选择: [一般],愿意多付16-20元,可能会购买,说不清,-,-,-,颜色更加鲜艳，可以更保护眼睛 ，增加了便利性日常使用会更方便快捷 防护增加保护了平板的寿命,我已认真阅读,购买意愿: [可能会购买],光栅纹理背板的视觉效果: [非常吸引];微磨砂质感: [比较吸引];相比普通光面背板更不易沾指纹: [比较吸引];整体看起来更特别/更有设计感: [比较吸引],即使同价也更倾向升级光面款,可能会购买,说不清,-,-,-,独特的材质和设计使综合体验感更高 ，但个人不喜欢 喜欢光面的,100.24s,升级光面款,减少指纹 清洁也更方便 光面版使用多年 已经习惯了 也可以在各个日常环境中使用,经常会,女,25-30岁,其他,二线,偏低,恋爱期,浙江省,宁波市
291,是,88905324,726476,1024659,"智能手表/手环,充电宝/移动电源,平板电脑,抽纸/卷纸,T恤/裙子,贴片面膜,平板电脑保护套/壳,手机贴膜,手机充电线/数据线,手机壳,洗面奶/洁面乳,奶茶/咖啡,薯片/膨化食品,运动鞋,洗衣液/洗衣凝珠",近12个月内,120–149元,完全由我自己决定购买哪个品牌和产品,Apple（苹果）,以上均无,均未参加过,硕士及以上,"普通翻盖保护套,磁吸不可拆分保护套,带笔槽保护套","防摔防磕/保护性强,触控笔收纳和拿取方便,支架稳定/角度好用,价格合适/性价比高,轻薄便携,耐用不易坏","防摔防磕/保护性强,触控笔收纳和拿取方便,支架稳定/角度好用,耐用不易坏,轻薄便携,价格合适/性价比高",120-149元,肯定会,我已认真阅读,购买意愿: [肯定会购买],吸引力: [非常吸引],"磁吸拆分方便,支撑看剧/学习/办公,保护性较好,可旋转使用",我已认真阅读,购买意愿: [肯定会购买],四角气囊防护外显: [非常吸引];侧面直取笔槽: [比较吸引];更丰富、更个性化的配色选择: [非常吸引],愿意多付16-20元,肯定会购买,可能会购买,可能会购买,-,-,不清楚三个升级点的好用程度到底怎么样，是否有他说的那个效果,我已认真阅读,购买意愿: [肯定会购买],光栅纹理背板的视觉效果: [比较吸引];微磨砂质感: [非常吸引];相比普通光面背板更不易沾指纹: [非常吸引];整体看起来更特别/更有设计感: [非常吸引],愿意多付11-15元,肯定会购买,肯定会购买,可能会购买,-,-,我感觉溢价太多了，愿意多付钱，但不愿意溢价买,30.37s,两款都可以，没有明显偏好,外观上我没有太大的要求，所以都可以，主要看重的是他的材质和功能，如果防护效果很好的话，就非常值得加钱购买,经常会,女,25-30岁,企业职员,三线,中等,"恋爱期,已育",湖南省,岳阳市
292,是,88905341,726476,1024659,"无线蓝牙耳机,桌面收纳,智能手表/手环,鼠标/机械键盘,充电宝/移动电源,手机壳,平板电脑,平板电脑保护套/壳,手机充电线/数据线",近12个月内,120–149元,完全由我自己决定购买哪个品牌和产品,Apple（苹果）,以上均无,均未参加过,本科,"单壳（不带盖板）保护套,普通翻盖保护套,磁吸不可拆分保护套","材质手感好,外观好看/有设计感,品牌可信/品质稳定,不易沾指纹/不易显脏","不易沾指纹/不易显脏,外观好看/有设计感,材质手感好,品牌可信/品质稳定",120-149元,肯定会,我已认真阅读,购买意愿: [肯定会购买],吸引力: [比较吸引],"支撑看剧/学习/办公,价格合适,外观看起来简洁,保护性较好",我已认真阅读,购买意愿: [肯定会购买],四角气囊防护外显: [比较吸引];更丰富、更个性化的配色选择: [非常吸引];侧面直取笔槽: [比较吸引],愿意多付21元及以上,肯定会购买,肯定会购买,肯定会购买,-,-,我觉得它的设计非常合理 很喜欢,我已认真阅读,购买意愿: [肯定会购买],光栅纹理背板的视觉效果: [非常吸引];微磨砂质感: [比较吸引];相比普通光面背板更不易沾指纹: [非常吸引];整体看起来更特别/更有设计感: [非常吸引],愿意多付21元及以上,肯定会购买,肯定会购买,肯定会购买,-,-,我觉得这个设计非常好,4.7s,光栅款,我觉得它的设计更好,经常会,女,31-35岁,企业职员,二线,低,未知,江苏省,苏州市
293,是,88905346,726476,1024659,"桌面收纳,平板电脑保护套/壳,手机贴膜,无线蓝牙耳机,室内绿植/花卉,充电宝/移动电源,运动鞋,洗衣液/洗衣凝珠,鼠标/机械键盘,手机充电线/数据线,薯片/膨化食品,平板电脑,抽纸/卷纸,T恤/裙子,智能手表/手环,洗面奶/洁面乳,贴片面膜,手机壳,奶茶/咖啡",近12个月内,120–149元,完全由我自己决定购买哪个品牌和产品,Apple（苹果）,以上均无,均未参加过,本科,"磁吸不可拆分保护套,普通翻盖保护套,键盘保护套","防摔防磕/保护性强,触控笔收纳和拿取方便,支架稳定/角度好用,不易沾指纹/不易显脏,轻薄便携,与平板搭配协调,耐用不易坏","防摔防磕/保护性强,触控笔收纳和拿取方便,不易沾指纹/不易显脏,轻薄便携,支架稳定/角度好用,耐用不易坏,与平板搭配协调",120-149元,肯定会,我已认真阅读,购买意愿: [肯定会购买],吸引力: [非常吸引],"可旋转使用,磁吸拆分方便,保护性较好",我已认真阅读,购买意愿: [可能会购买],四角气囊防护外显: [非常吸引];侧面直取笔槽: [比较吸引];更丰富、更个性化的配色选择: [比较吸引],愿意多付16-20元,可能会购买,可能会购买,可能会购买,-,-,可以多付费，但高出有点多,我已认真阅读,购买意愿: [肯定会购买],光栅纹理背板的视觉效果: [非常吸引];微磨砂质感: [非常吸引];整体看起来更特别/更有设计感: [非常吸引];相比普通光面背板更不易沾指纹: [比较吸引],愿意多付21元及以上,肯定会购买,可能会购买,可能会购买,-,-,149有点贵了，129可以可以,12.9s,光栅款,防指纹，很好,经常会,女,31-35岁,自由职业/个体经营,二线,中等,未知,陕西省,西安市
294,是,88905348,726476,1024659,"平板电脑,平板电脑保护套/壳,奶茶/咖啡,室内绿植/花卉,T恤/裙子,手机充电线/数据线,无线蓝牙耳机,薯片/膨化食品,贴片面膜,洗面奶/洁面乳,手机壳,洗衣液/洗衣凝珠,智能手表/手环,充电宝/移动电源,抽纸/卷纸,运动鞋",近12个月内,120–149元,完全由我自己决定购买哪个品牌和产品,Apple（苹果）,以上均无,均未参加过,本科,"普通翻盖保护套,带笔槽保护套,磁吸不可拆分保护套,键盘保护套,单壳（不带盖板）保护套","防摔防磕/保护性强,耐用不易坏,材质手感好,轻薄便携,支架稳定/角度好用,不易沾指纹/不易显脏,触控笔收纳和拿取方便,与平板搭配协调,外观好看/有设计感","防摔防磕/保护性强,轻薄便携,与平板搭配协调,不易沾指纹/不易显脏,耐用不易坏,支架稳定/角度好用,触控笔收纳和拿取方便,外观好看/有设计感,材质手感好",120-149元,可能会,我已认真阅读,购买意愿: [肯定会购买],吸引力: [非常吸引],"支撑看剧/学习/办公,保护性较好,外观看起来简洁,价格合适,磁吸拆分方便,品牌/品质感较好",我已认真阅读,购买意愿: [可能会购买],四角气囊防护外显: [非常吸引];侧面直取笔槽: [一般];更丰富、更个性化的配色选择: [一般],愿意多付11-15元,可能会购买,说不清,-,-,-,因为感觉基础款已经挺有防护的了 再升级的感觉没有什么必要性 配色方面我更喜欢简单的白色 新升级的颜色感觉不要耐看 外观感觉也有点太花里胡哨了 不如普通版本的看着舒服好用,我已认真阅读,购买意愿: [可能会购买],光栅纹理背板的视觉效果: [不太吸引];微磨砂质感: [比较吸引];相比普通光面背板更不易沾指纹: [一般];整体看起来更特别/更有设计感: [一般],愿意多付5元以内,可能不会购买,-,-,可能会购买,-,因为感觉这一特点比较鸡肋 我对背面沾不沾指纹没有太大需求 感觉这一升级对我来说没啥太大必要 不太喜欢这样的设计 还是喜欢简约的,57.5s,升级光面款,因为光栅款的条纹看着让我感觉很不舒服 不协调 价格也感觉不太合适 我还是喜欢光面款 看着简单的舒服用起来也很便捷 好用 ,有时会,女,25-30岁,自由职业/个体经营,三线,偏低,恋爱期,浙江省,台州市
295,是,88905353,726476,1024659,"平板电脑保护套/壳,充电宝/移动电源,桌面收纳,室内绿植/花卉,抽纸/卷纸,手机充电线/数据线,洗衣液/洗衣凝珠,薯片/膨化食品,运动鞋,洗面奶/洁面乳,奶茶/咖啡,贴片面膜,T恤/裙子",近12个月内,120–149元,完全由我自己决定购买哪个品牌和产品,Apple（苹果）,以上均无,均未参加过,本科,"磁吸不可拆分保护套,带笔槽保护套","防摔防磕/保护性强,触控笔收纳和拿取方便,支架稳定/角度好用,外观好看/有设计感,与平板搭配协调","防摔防磕/保护性强,触控笔收纳和拿取方便,支架稳定/角度好用,与平板搭配协调,外观好看/有设计感",120-149元,可能会,我已认真阅读,购买意愿: [肯定会购买],吸引力: [非常吸引],"磁吸拆分方便,外观看起来简洁,品牌/品质感较好",我已认真阅读,购买意愿: [肯定会购买],四角气囊防护外显: [非常吸引];侧面直取笔槽: [非常吸引];更丰富、更个性化的配色选择: [非常吸引],愿意多付21元及以上,肯定会购买,可能会购买,可能会购买,-,-,有笔槽，符合日常使用，颜色和功能设计都可以,我已认真阅读,购买意愿: [肯定会购买],光栅纹理背板的视觉效果: [非常吸引];微磨砂质感: [非常吸引];相比普通光面背板更不易沾指纹: [比较吸引];整体看起来更特别/更有设计感: [非常吸引],即使同价也更倾向升级光面款,肯定会购买,可能会购买,可能会购买,-,-,设计比较新颖，背面不单调，颜色也好看,16.8s,光栅款,光栅款更有设计感，比较有个性，使用也方便,经常会,女,31-35岁,企业职员,二线,中等,"已婚,育婴期,已育,装修期",浙江省,杭州市
296,是,88905377,726476,1024659,"鼠标/机械键盘,平板电脑,手机壳,手机贴膜,贴片面膜,洗衣液/洗衣凝珠,奶茶/咖啡,T恤/裙子,运动鞋,桌面收纳,抽纸/卷纸,手机充电线/数据线,平板电脑保护套/壳,洗面奶/洁面乳,智能手表/手环,薯片/膨化食品",近12个月内,150–199元,完全由我自己决定购买哪个品牌和产品,Apple（苹果）,以上均无,均未参加过,本科,"旋转可拆分磁吸保护套,键盘保护套","防摔防磕/保护性强,外观好看/有设计感,价格合适/性价比高,轻薄便携,品牌可信/品质稳定,颜色选择丰富,不易沾指纹/不易显脏,触控笔收纳和拿取方便","不易沾指纹/不易显脏,轻薄便携,价格合适/性价比高,颜色选择丰富,防摔防磕/保护性强,品牌可信/品质稳定,外观好看/有设计感,触控笔收纳和拿取方便",150-199元,肯定会,我已认真阅读,购买意愿: [肯定会购买],吸引力: [比较吸引],"价格合适,可旋转使用,磁吸拆分方便,支撑看剧/学习/办公,品牌/品质感较好,外观看起来简洁",我已认真阅读,购买意愿: [肯定会购买],四角气囊防护外显: [比较吸引];侧面直取笔槽: [非常吸引];更丰富、更个性化的配色选择: [比较吸引],愿意多付11-15元,肯定会购买,可能会购买,可能会购买,-,-,外观简单好看，可拆分，防护好,我已认真阅读,购买意愿: [可能会购买],光栅纹理背板的视觉效果: [非常吸引];微磨砂质感: [比较吸引];相比普通光面背板更不易沾指纹: [非常吸引];整体看起来更特别/更有设计感: [比较吸引],愿意多付16-20元,可能会购买,肯定会购买,可能会购买,-,-,防指纹，颜色好看，也特别好看,20.09s,光栅款,价格合适，外观颜色也适合我,有时会,女,25-30岁,自由职业/个体经营,三线,低,未知,福建省,厦门市
297,是,88905381,726476,1024659,"手机壳,室内绿植/花卉,奶茶/咖啡,平板电脑,洗衣液/洗衣凝珠,抽纸/卷纸,手机充电线/数据线,运动鞋,洗面奶/洁面乳,平板电脑保护套/壳",近12个月内,120–149元,完全由我自己决定购买哪个品牌和产品,Apple（苹果）,以上均无,均未参加过,本科,"磁吸不可拆分保护套,键盘保护套","防摔防磕/保护性强,不易沾指纹/不易显脏,耐用不易坏,品牌可信/品质稳定,支架稳定/角度好用","耐用不易坏,不易沾指纹/不易显脏,防摔防磕/保护性强,支架稳定/角度好用,品牌可信/品质稳定",120-149元,肯定会,我已认真阅读,购买意愿: [肯定会购买],吸引力: [非常吸引],"可旋转使用,磁吸拆分方便,支撑看剧/学习/办公,外观看起来简洁,保护性较好,品牌/品质感较好",我已认真阅读,购买意愿: [肯定会购买],四角气囊防护外显: [非常吸引];侧面直取笔槽: [非常吸引];更丰富、更个性化的配色选择: [非常吸引],愿意多付11-15元,肯定会购买,肯定会购买,可能会购买,-,-,我比较愿意，升级的有我需要的功能，配色也很好看,我已认真阅读,购买意愿: [肯定会购买],光栅纹理背板的视觉效果: [非常吸引];微磨砂质感: [非常吸引];相比普通光面背板更不易沾指纹: [非常吸引];整体看起来更特别/更有设计感: [非常吸引],愿意多付16-20元,肯定会购买,可能会购买,可能会购买,-,-,愿意付钱，比较耐看特别实用,23.37s,升级光面款,这款更符合我的需求,有时会,女,25-30岁,自由职业/个体经营,二线,中等,未知,湖北省,武汉市
298,是,88905383,726476,1024659,"智能手表/手环,洗衣液/洗衣凝珠,无线蓝牙耳机,手机充电线/数据线,平板电脑,手机壳,洗面奶/洁面乳,鼠标/机械键盘,充电宝/移动电源,薯片/膨化食品,贴片面膜,平板电脑保护套/壳,奶茶/咖啡",近12个月内,100–119元,完全由我自己决定购买哪个品牌和产品,Apple（苹果）,以上均无,均未参加过,本科,"普通翻盖保护套,磁吸不可拆分保护套,旋转可拆分磁吸保护套,带笔槽保护套","防摔防磕/保护性强,触控笔收纳和拿取方便,外观好看/有设计感,支架稳定/角度好用,与平板搭配协调,轻薄便携","防摔防磕/保护性强,支架稳定/角度好用,轻薄便携,外观好看/有设计感,触控笔收纳和拿取方便,与平板搭配协调",100-119元,肯定会,我已认真阅读,购买意愿: [肯定会购买],吸引力: [非常吸引],"可旋转使用,磁吸拆分方便,保护性较好,支撑看剧/学习/办公",我已认真阅读,购买意愿: [可能会购买],四角气囊防护外显: [非常吸引];侧面直取笔槽: [非常吸引];更丰富、更个性化的配色选择: [非常吸引],愿意多付11-15元,可能会购买,说不清,-,-,-,对比上一款它的升级点不够突出，更多的是满足外观的需求,我已认真阅读,购买意愿: [可能不会购买],光栅纹理背板的视觉效果: [一般];微磨砂质感: [比较吸引];相比普通光面背板更不易沾指纹: [一般];整体看起来更特别/更有设计感: [比较吸引],愿意多付5元以内,可能不会购买,-,-,可能会购买,-,光珊背板采用的是硬壳，对比软壳保护性差了很多，而且由于硬壳的特性每次装卸非常容易刮花平板边沿,93.79s,升级光面款,不需要搞太多花里胡哨的东西，能够保证防摔的同时，壳子做的足够轻便即可,说不清,女,25-30岁,自由职业/个体经营,四线,中等,"已婚,装修期",广东省,湛江市
299,是,88905394,726476,1024659,"洗衣液/洗衣凝珠,洗面奶/洁面乳,室内绿植/花卉,抽纸/卷纸,充电宝/移动电源,平板电脑保护套/壳,无线蓝牙耳机,薯片/膨化食品,平板电脑,手机充电线/数据线,手机壳,奶茶/咖啡,贴片面膜,鼠标/机械键盘,桌面收纳,手机贴膜,智能手表/手环,运动鞋,T恤/裙子",近12个月内,120–149元,完全由我自己决定购买哪个品牌和产品,Apple（苹果）,以上均无,均未参加过,本科,"旋转可拆分磁吸保护套,带笔槽保护套,键盘保护套","防摔防磕/保护性强,触控笔收纳和拿取方便,不易沾指纹/不易显脏,颜色选择丰富,支架稳定/角度好用,材质手感好,外观好看/有设计感,轻薄便携,品牌可信/品质稳定,耐用不易坏,价格合适/性价比高,与平板搭配协调","材质手感好,触控笔收纳和拿取方便,轻薄便携,不易沾指纹/不易显脏,与平板搭配协调,防摔防磕/保护性强,支架稳定/角度好用,价格合适/性价比高,品牌可信/品质稳定,外观好看/有设计感,耐用不易坏,颜色选择丰富",120-149元,肯定会,我已认真阅读,购买意愿: [肯定会购买],吸引力: [非常吸引],"可旋转使用,磁吸拆分方便,价格合适,支撑看剧/学习/办公,外观看起来简洁,保护性较好,品牌/品质感较好",我已认真阅读,购买意愿: [肯定会购买],四角气囊防护外显: [非常吸引];侧面直取笔槽: [非常吸引];更丰富、更个性化的配色选择: [非常吸引],愿意多付16-20元,肯定会购买,肯定会购买,肯定会购买,-,-,好用所以要多付钱,我已认真阅读,购买意愿: [肯定会购买],光栅纹理背板的视觉效果: [非常吸引];微磨砂质感: [非常吸引];相比普通光面背板更不易沾指纹: [非常吸引];整体看起来更特别/更有设计感: [非常吸引],愿意多付16-20元,肯定会购买,肯定会购买,肯定会购买,-,-,好看又好用,8.46s,光栅款,好看又好用,经常会,女,25-30岁,自由职业/个体经营,一线,偏低,"准备结婚期,已育,已有车",广东省,深圳市
300,是,88905408,726476,1024659,"运动鞋,洗面奶/洁面乳,平板电脑保护套/壳,T恤/裙子,充电宝/移动电源,智能手表/手环,手机充电线/数据线,洗衣液/洗衣凝珠,平板电脑,无线蓝牙耳机",近12个月内,120–149元,完全由我自己决定购买哪个品牌和产品,Apple（苹果）,以上均无,均未参加过,本科,"磁吸不可拆分保护套,旋转可拆分磁吸保护套,带笔槽保护套","外观好看/有设计感,支架稳定/角度好用,防摔防磕/保护性强,触控笔收纳和拿取方便,材质手感好,价格合适/性价比高,品牌可信/品质稳定,耐用不易坏","防摔防磕/保护性强,外观好看/有设计感,支架稳定/角度好用,品牌可信/品质稳定,材质手感好,价格合适/性价比高,触控笔收纳和拿取方便,耐用不易坏",120-149元,肯定会,我已认真阅读,购买意愿: [肯定会购买],吸引力: [非常吸引],"可旋转使用,磁吸拆分方便,外观看起来简洁,保护性较好,品牌/品质感较好",我已认真阅读,购买意愿: [肯定会购买],四角气囊防护外显: [非常吸引];侧面直取笔槽: [非常吸引];更丰富、更个性化的配色选择: [非常吸引],愿意多付6-10元,肯定会购买,肯定会购买,肯定会购买,-,-,防摔更好，耐用并且品牌可行,我已认真阅读,购买意愿: [肯定会购买],光栅纹理背板的视觉效果: [非常吸引];微磨砂质感: [非常吸引];相比普通光面背板更不易沾指纹: [非常吸引];整体看起来更特别/更有设计感: [非常吸引],愿意多付16-20元,肯定会购买,肯定会购买,肯定会购买,-,-,颜色比较好找，配色好看，比较合适入手,35.76s,升级光面款,不会脏的快，而且旋转携带方便收纳,经常会,女,31-35岁,自由职业/个体经营,一线,偏低,单身,广东省,深圳市
301,是,88905420,726476,1024659,"手机充电线/数据线,手机壳,平板电脑保护套/壳,无线蓝牙耳机,抽纸/卷纸,手机贴膜,T恤/裙子,桌面收纳,充电宝/移动电源,洗衣液/洗衣凝珠,奶茶/咖啡,鼠标/机械键盘,平板电脑,洗面奶/洁面乳",近12个月内,50–79元,完全由我自己决定购买哪个品牌和产品,Apple（苹果）,以上均无,均未参加过,硕士及以上,磁吸不可拆分保护套,"支架稳定/角度好用,防摔防磕/保护性强,材质手感好,外观好看/有设计感,价格合适/性价比高,轻薄便携,颜色选择丰富","外观好看/有设计感,支架稳定/角度好用,价格合适/性价比高,材质手感好,轻薄便携,颜色选择丰富,防摔防磕/保护性强",50-79元,肯定会,我已认真阅读,购买意愿: [可能不会购买],吸引力: [不太吸引],"磁吸拆分方便,外观看起来简洁",我已认真阅读,购买意愿: [可能会购买],四角气囊防护外显: [不太吸引];侧面直取笔槽: [比较吸引];更丰富、更个性化的配色选择: [比较吸引],愿意多付11-15元,可能会购买,说不清,-,-,-,烟的选择丰富这点对我比较有吸引力，因为我选择保护套的主要的点就是外观。但是另外的升级会令我担心它变得很重，这点是个比较大的扣分项,我已认真阅读,购买意愿: [可能会购买],光栅纹理背板的视觉效果: [一般];微磨砂质感: [比较吸引];相比普通光面背板更不易沾指纹: [比较吸引];整体看起来更特别/更有设计感: [比较吸引],愿意多付5元以内,可能不会购买,-,-,说不清,可能会购买,感觉不值得，超过我的预算。背板的更换并不会带来性能的提升，为这个多付钱有点冤大头了,48.09s,光栅款,个人更喜欢磨砂的质感。不沾染指纹也是很好的一个点。另外没有比较反而会觉得定价更容易接受。,经常会,女,25-30岁,企业职员,一线,偏低,"已婚,育婴期",上海,上海市
302,是,88905446,726476,1024659,"手机贴膜,手机壳,平板电脑,平板电脑保护套/壳,手机充电线/数据线,充电宝/移动电源",近12个月内,120–149元,完全由我自己决定购买哪个品牌和产品,Apple（苹果）,以上均无,均未参加过,本科,"普通翻盖保护套,键盘保护套,磁吸不可拆分保护套","防摔防磕/保护性强,轻薄便携,外观好看/有设计感,支架稳定/角度好用,耐用不易坏,与平板搭配协调,价格合适/性价比高","防摔防磕/保护性强,轻薄便携,与平板搭配协调,外观好看/有设计感,价格合适/性价比高,耐用不易坏,支架稳定/角度好用",120-149元,肯定会,我已认真阅读,购买意愿: [肯定会购买],吸引力: [非常吸引],"可旋转使用,磁吸拆分方便,保护性较好,品牌/品质感较好,价格合适",我已认真阅读,购买意愿: [肯定会购买],四角气囊防护外显: [非常吸引];侧面直取笔槽: [非常吸引];更丰富、更个性化的配色选择: [非常吸引],愿意多付21元及以上,肯定会购买,肯定会购买,肯定会购买,-,-,愿意 这样防护性更好一点 不怕摔 有笔槽 不用担心笔会乱丢 配色不花哨 外观简洁好看 日常使用便携不怕重,我已认真阅读,购买意愿: [肯定会购买],光栅纹理背板的视觉效果: [非常吸引];微磨砂质感: [非常吸引];相比普通光面背板更不易沾指纹: [非常吸引];整体看起来更特别/更有设计感: [非常吸引],愿意多付21元及以上,肯定会购买,肯定会购买,肯定会购买,-,-,外观更独特一点 不会撞款 质感更高级 防指纹这点很特别 别的品牌不会考虑这一点 耐看颜色好看 我愿意为了这些功能加钱,86.85s,光栅款,价格方面还可以能接受 外观独特不会撞款 材质安全 防护更佳到位 值得加钱,经常会,女,31-35岁,其他,二线,偏低,"已婚,育婴期,已有房",山东省,青岛市
303,是,88905454,726476,1024659,"平板电脑保护套/壳,无线蓝牙耳机,薯片/膨化食品,充电宝/移动电源,洗衣液/洗衣凝珠,洗面奶/洁面乳,手机壳,贴片面膜,手机充电线/数据线,鼠标/机械键盘,桌面收纳,运动鞋,手机贴膜,T恤/裙子,奶茶/咖啡,抽纸/卷纸",近12个月内,120–149元,完全由我自己决定购买哪个品牌和产品,Apple（苹果）,以上均无,均未参加过,硕士及以上,"磁吸不可拆分保护套,旋转可拆分磁吸保护套,键盘保护套","防摔防磕/保护性强,不易沾指纹/不易显脏,材质手感好","防摔防磕/保护性强,材质手感好,不易沾指纹/不易显脏",120-149元,肯定会,我已认真阅读,购买意愿: [可能会购买],吸引力: [比较吸引],"磁吸拆分方便,保护性较好,支撑看剧/学习/办公,可旋转使用",我已认真阅读,购买意愿: [可能会购买],四角气囊防护外显: [非常吸引];侧面直取笔槽: [比较吸引];更丰富、更个性化的配色选择: [非常吸引],愿意多付11-15元,可能会购买,说不清,-,-,-,防护升级，可以更好保护我的平板，颜色好看，感觉更能满足日常使用,我已认真阅读,购买意愿: [可能会购买],光栅纹理背板的视觉效果: [比较吸引];微磨砂质感: [非常吸引];相比普通光面背板更不易沾指纹: [非常吸引];整体看起来更特别/更有设计感: [比较吸引],愿意多付6-10元,可能会购买,说不清,-,-,-,没有特别明显的优点，感觉跟前面差不多,27.6s,升级光面款,性价比相对较高，在价格以内可以接受光面,经常会,女,25-30岁,企业职员,三线,偏低,"准备结婚期,已育,已有房,已有车",广东省,江门市
304,是,88905456,726476,1024659,"充电宝/移动电源,洗面奶/洁面乳,奶茶/咖啡,智能手表/手环,桌面收纳,平板电脑,薯片/膨化食品,手机充电线/数据线,手机贴膜,抽纸/卷纸,T恤/裙子,无线蓝牙耳机,鼠标/机械键盘,运动鞋,室内绿植/花卉,平板电脑保护套/壳,贴片面膜,手机壳,洗衣液/洗衣凝珠",近13-24个月内,200元及以上,完全由我自己决定购买哪个品牌和产品,Apple（苹果）,以上均无,均未参加过,本科,磁吸不可拆分保护套,"防摔防磕/保护性强,价格合适/性价比高","防摔防磕/保护性强,价格合适/性价比高",200元及以上,肯定会,我已认真阅读,购买意愿: [肯定会购买],吸引力: [非常吸引],"可旋转使用,价格合适,外观看起来简洁,保护性较好,品牌/品质感较好",我已认真阅读,购买意愿: [肯定会购买],四角气囊防护外显: [非常吸引];侧面直取笔槽: [非常吸引];更丰富、更个性化的配色选择: [非常吸引],愿意多付21元及以上,肯定会购买,肯定会购买,肯定会购买,-,-,我愿意为升级点额外付费。升级后强化了整机防护能力，边角、镜头全包防摔，能有效避免手机磕碰维修；新增笔槽可以收纳手写笔，随用随取不易丢失，日常通勤、办公携带便利性大幅提升；外观配色质感升级，握持手感更好，长期高频使用体验提升明显，多出的成本可以接受。,我已认真阅读,购买意愿: [肯定会购买],光栅纹理背板的视觉效果: [非常吸引];微磨砂质感: [非常吸引];相比普通光面背板更不易沾指纹: [非常吸引];整体看起来更特别/更有设计感: [非常吸引],愿意多付21元及以上,肯定会购买,肯定会购买,肯定会购买,-,-,我愿意为光栅背板额外付费。光栅纹理视觉层次感强，外观辨识度高，不容易和普通背板款式撞款；特殊纹理不易残留指纹油污，日常握持更干净；质感高级耐看，长期使用不会审美疲劳，外观溢价对应的装饰价值可以接受。,1.22s,两款都可以，没有明显偏好,两款产品的核心实用升级完全一致，都升级了四角防护、侧取笔槽和配色，能满足我防护收纳的核心使用需求。仅背板外观材质存在区别，光面简约百搭，光栅款防指纹、触感层次更强，二者各有优势，没有无法取舍的硬性差别，无论推出哪一款都能接受。,经常会,女,25-30岁,自由职业/个体经营,六线,中等,已婚,广东省,梅州市
305,是,88905458,726476,1024659,"平板电脑保护套/壳,室内绿植/花卉,智能手表/手环,抽纸/卷纸,洗面奶/洁面乳,薯片/膨化食品,桌面收纳,手机贴膜,奶茶/咖啡",近12个月内,120–149元,完全由我自己决定购买哪个品牌和产品,Apple（苹果）,以上均无,均未参加过,本科,"单壳（不带盖板）保护套,普通翻盖保护套,磁吸不可拆分保护套","防摔防磕/保护性强,价格合适/性价比高,品牌可信/品质稳定,不易沾指纹/不易显脏,耐用不易坏,与平板搭配协调","价格合适/性价比高,耐用不易坏,防摔防磕/保护性强,与平板搭配协调,品牌可信/品质稳定,不易沾指纹/不易显脏",120-149元,肯定会,我已认真阅读,购买意愿: [可能会购买],吸引力: [比较吸引],"磁吸拆分方便,保护性较好,品牌/品质感较好",我已认真阅读,购买意愿: [可能会购买],四角气囊防护外显: [非常吸引];侧面直取笔槽: [一般];更丰富、更个性化的配色选择: [一般],愿意多付5元以内,可能会购买,说不清,-,-,-,防护性能我很需要，但平时不怎么用笔。,我已认真阅读,购买意愿: [可能会购买],光栅纹理背板的视觉效果: [一般];微磨砂质感: [一般];相比普通光面背板更不易沾指纹: [一般];整体看起来更特别/更有设计感: [一般],不愿意多付钱,可能不会购买,-,-,说不清,说不清,颜值方面我并不太在乎，不想多花钱。,25.76s,升级光面款,相比之下，前者升级功能。,很少会,女,25-30岁,企业职员,二线,偏低,"已婚,已有房",江苏省,无锡市
306,是,88905465,726476,1024659,"贴片面膜,奶茶/咖啡,洗衣液/洗衣凝珠,洗面奶/洁面乳,鼠标/机械键盘,手机壳,手机贴膜,桌面收纳,T恤/裙子,运动鞋,手机充电线/数据线,平板电脑保护套/壳,抽纸/卷纸,充电宝/移动电源,平板电脑,薯片/膨化食品",近12个月内,50–79元,完全由我自己决定购买哪个品牌和产品,Apple（苹果）,以上均无,均未参加过,本科,磁吸不可拆分保护套,"防摔防磕/保护性强,支架稳定/角度好用,不易沾指纹/不易显脏,外观好看/有设计感,轻薄便携,价格合适/性价比高,品牌可信/品质稳定,耐用不易坏","防摔防磕/保护性强,支架稳定/角度好用,耐用不易坏,轻薄便携,不易沾指纹/不易显脏,价格合适/性价比高,品牌可信/品质稳定,外观好看/有设计感",50-79元,肯定会,我已认真阅读,购买意愿: [可能会购买],吸引力: [比较吸引],"磁吸拆分方便,可旋转使用,保护性较好",我已认真阅读,购买意愿: [可能会购买],四角气囊防护外显: [比较吸引];更丰富、更个性化的配色选择: [一般];侧面直取笔槽: [比较吸引],愿意多付6-10元,可能会购买,说不清,-,-,-,这个功能对我来说需求度不高,我已认真阅读,购买意愿: [可能会购买],光栅纹理背板的视觉效果: [比较吸引];微磨砂质感: [比较吸引];相比普通光面背板更不易沾指纹: [非常吸引];整体看起来更特别/更有设计感: [比较吸引],愿意多付6-10元,可能会购买,说不清,-,-,-,价格过于高了,9.12s,光栅款,不留指纹，不会造成外观不好看,有时会,女,36-40岁,企业职员,一线,低,"已婚,已育",上海,上海市
307,是,88905501,726476,1024659,"平板电脑保护套/壳,手机充电线/数据线,手机壳,充电宝/移动电源,无线蓝牙耳机",近13-24个月内,80–99元,完全由我自己决定购买哪个品牌和产品,Apple（苹果）,以上均无,均未参加过,大专,磁吸不可拆分保护套,"防摔防磕/保护性强,支架稳定/角度好用,材质手感好,外观好看/有设计感,轻薄便携,与平板搭配协调","外观好看/有设计感,轻薄便携,支架稳定/角度好用,防摔防磕/保护性强,材质手感好,与平板搭配协调",120-149元,可能会,我已认真阅读,购买意愿: [肯定会购买],吸引力: [非常吸引],"可旋转使用,磁吸拆分方便,价格合适,外观看起来简洁,保护性较好",我已认真阅读,购买意愿: [肯定会购买],四角气囊防护外显: [非常吸引];侧面直取笔槽: [比较吸引];更丰富、更个性化的配色选择: [比较吸引],愿意多付16-20元,肯定会购买,肯定会购买,肯定会购买,-,-,防护性能好，使用起来方便，颜色、外观设计很喜欢,我已认真阅读,购买意愿: [肯定会购买],光栅纹理背板的视觉效果: [非常吸引];微磨砂质感: [非常吸引];相比普通光面背板更不易沾指纹: [非常吸引];整体看起来更特别/更有设计感: [非常吸引],愿意多付21元及以上,肯定会购买,肯定会购买,肯定会购买,-,-,设计感强,11.78s,两款都可以，没有明显偏好,价格可接受、外观设计都喜欢,经常会,女,25-30岁,企业职员,一线,偏低,"准备结婚期,已育,已有房,已有车",广东省,广州市
308,是,88905514,726476,1024659,"平板电脑保护套/壳,手机壳,充电宝/移动电源,平板电脑,运动鞋,智能手表/手环,手机贴膜,洗面奶/洁面乳,贴片面膜,抽纸/卷纸,洗衣液/洗衣凝珠,手机充电线/数据线,奶茶/咖啡,无线蓝牙耳机,薯片/膨化食品,T恤/裙子",近12个月内,120–149元,完全由我自己决定购买哪个品牌和产品,Apple（苹果）,以上均无,均未参加过,本科,"普通翻盖保护套,磁吸不可拆分保护套,带笔槽保护套,透明/半透明保护壳","防摔防磕/保护性强,材质手感好,不易沾指纹/不易显脏,品牌可信/品质稳定,支架稳定/角度好用,触控笔收纳和拿取方便,价格合适/性价比高","品牌可信/品质稳定,防摔防磕/保护性强,不易沾指纹/不易显脏,材质手感好,触控笔收纳和拿取方便,价格合适/性价比高,支架稳定/角度好用",120-149元,肯定会,我已认真阅读,购买意愿: [肯定会购买],吸引力: [非常吸引],"可旋转使用,磁吸拆分方便,价格合适,外观看起来简洁,保护性较好,品牌/品质感较好",我已认真阅读,购买意愿: [肯定会购买],四角气囊防护外显: [非常吸引];侧面直取笔槽: [非常吸引];更丰富、更个性化的配色选择: [非常吸引],愿意多付16-20元,肯定会购买,肯定会购买,肯定会购买,-,-,配色好看，质感不错，保护功能很到位的，这点不错的，都很好,我已认真阅读,购买意愿: [可能会购买],光栅纹理背板的视觉效果: [比较吸引];微磨砂质感: [非常吸引];相比普通光面背板更不易沾指纹: [非常吸引];整体看起来更特别/更有设计感: [非常吸引],愿意多付16-20元,肯定会购买,肯定会购买,可能会购买,-,-,防指纹不错，这点很需要的，但是价格太高会失去性价比,22.21s,光栅款,主要是防指纹，这点对于我来说比较重要,经常会,女,25-30岁,企业职员,五线,中等,"准备结婚期,已有车",江西省,九江市
309,是,88905525,726476,1024659,"T恤/裙子,鼠标/机械键盘,智能手表/手环,薯片/膨化食品,手机充电线/数据线,平板电脑保护套/壳,奶茶/咖啡,抽纸/卷纸,手机贴膜,充电宝/移动电源,桌面收纳,无线蓝牙耳机,洗衣液/洗衣凝珠,平板电脑,运动鞋,手机壳,室内绿植/花卉,洗面奶/洁面乳,贴片面膜",近12个月内,120–149元,完全由我自己决定购买哪个品牌和产品,Apple（苹果）,以上均无,均未参加过,硕士及以上,带笔槽保护套,"触控笔收纳和拿取方便,防摔防磕/保护性强,支架稳定/角度好用,材质手感好,不易沾指纹/不易显脏,外观好看/有设计感,颜色选择丰富,轻薄便携,品牌可信/品质稳定,价格合适/性价比高,耐用不易坏,与平板搭配协调","触控笔收纳和拿取方便,支架稳定/角度好用,品牌可信/品质稳定,防摔防磕/保护性强,材质手感好,轻薄便携,外观好看/有设计感,与平板搭配协调,不易沾指纹/不易显脏,颜色选择丰富,价格合适/性价比高,耐用不易坏",150-199元,肯定会,我已认真阅读,购买意愿: [肯定会购买],吸引力: [非常吸引],"可旋转使用,磁吸拆分方便,支撑看剧/学习/办公,价格合适,外观看起来简洁,保护性较好,品牌/品质感较好",我已认真阅读,购买意愿: [可能会购买],四角气囊防护外显: [比较吸引];侧面直取笔槽: [非常吸引];更丰富、更个性化的配色选择: [非常吸引],愿意多付21元及以上,可能会购买,可能会购买,肯定会购买,-,-,对材质安全性愿意多付钱，四角突出气囊感觉臃肿搁手反而没有吸引力，磁吸是好的点子，拆卸方便。外观要上档次。,我已认真阅读,购买意愿: [肯定会购买],光栅纹理背板的视觉效果: [非常吸引];微磨砂质感: [非常吸引];相比普通光面背板更不易沾指纹: [非常吸引];整体看起来更特别/更有设计感: [非常吸引],愿意多付21元及以上,肯定会购买,可能会购买,可能会购买,-,-,表面处理并不是很重要，光栅与光面各有各的好处。,92.84s,光栅款,看起来更高端一些，另外感觉上光栅比光面更给人一种安全感。,经常会,女,25-30岁,企业职员,二线,低,未知,广东省,佛山市
310,是,88905528,726476,1024659,"无线蓝牙耳机,平板电脑保护套/壳,鼠标/机械键盘",近12个月内,50–79元,完全由我自己决定购买哪个品牌和产品,Apple（苹果）,以上均无,均未参加过,本科,普通翻盖保护套,"防摔防磕/保护性强,支架稳定/角度好用,外观好看/有设计感,品牌可信/品质稳定,耐用不易坏,价格合适/性价比高","外观好看/有设计感,防摔防磕/保护性强,耐用不易坏,价格合适/性价比高,品牌可信/品质稳定,支架稳定/角度好用",50-79元,可能会,我已认真阅读,购买意愿: [可能会购买],吸引力: [比较吸引],"外观看起来简洁,保护性较好,可旋转使用,磁吸拆分方便",我已认真阅读,购买意愿: [可能会购买],四角气囊防护外显: [比较吸引];侧面直取笔槽: [比较吸引];更丰富、更个性化的配色选择: [比较吸引],愿意多付11-15元,可能会购买,说不清,-,-,-,没有太大提升,我已认真阅读,购买意愿: [可能会购买],光栅纹理背板的视觉效果: [一般];微磨砂质感: [一般];相比普通光面背板更不易沾指纹: [比较吸引];整体看起来更特别/更有设计感: [一般],愿意多付6-10元,可能会购买,说不清,-,-,-,价格有点贵了，提升并不多,23.71s,两款都不想购买,价格稍高,有时会,女,36-40岁,其他,一线,偏低,"已婚,育婴期,已育,已有车",北京,北京市
312,是,88905559,726476,1024659,"鼠标/机械键盘,平板电脑,无线蓝牙耳机",近12个月内,120–149元,完全由我自己决定购买哪个品牌和产品,Apple（苹果）,以上均无,均未参加过,硕士及以上,普通翻盖保护套,"防摔防磕/保护性强,支架稳定/角度好用,材质手感好,轻薄便携","防摔防磕/保护性强,支架稳定/角度好用,轻薄便携,材质手感好",150-199元,肯定会,我已认真阅读,购买意愿: [肯定会购买],吸引力: [非常吸引],"外观看起来简洁,可旋转使用,磁吸拆分方便,保护性较好",我已认真阅读,购买意愿: [肯定会购买],四角气囊防护外显: [非常吸引];侧面直取笔槽: [比较吸引];更丰富、更个性化的配色选择: [比较吸引],愿意多付11-15元,肯定会购买,可能会购买,可能会购买,-,-,防护好。颜色喜欢。设计喜欢,我已认真阅读,购买意愿: [肯定会购买],光栅纹理背板的视觉效果: [非常吸引];微磨砂质感: [非常吸引];相比普通光面背板更不易沾指纹: [非常吸引];整体看起来更特别/更有设计感: [非常吸引],愿意多付16-20元,肯定会购买,肯定会购买,肯定会购买,-,-,很特别，没怎么在市场上见过，想尝试,27.43s,光栅款,没用过这个材质的，很想尝试，不沾指纹很吸引我，配色也喜欢，防护功能做得好,经常会,女,25-30岁,企业职员,一线,偏低,已婚,上海,上海市
313,是,88905568,726476,1024659,"奶茶/咖啡,桌面收纳,贴片面膜,薯片/膨化食品,手机贴膜,无线蓝牙耳机,充电宝/移动电源,平板电脑,手机壳,T恤/裙子,智能手表/手环,洗面奶/洁面乳,抽纸/卷纸,运动鞋,手机充电线/数据线,洗衣液/洗衣凝珠,平板电脑保护套/壳",近12个月内,80–99元,完全由我自己决定购买哪个品牌和产品,Apple（苹果）,教育/培训/科研,均未参加过,本科,普通翻盖保护套,"防摔防磕/保护性强,支架稳定/角度好用,轻薄便携,价格合适/性价比高,耐用不易坏","防摔防磕/保护性强,支架稳定/角度好用,轻薄便携,耐用不易坏,价格合适/性价比高",80-99元,可能会,我已认真阅读,购买意愿: [肯定会购买],吸引力: [非常吸引],"可旋转使用,磁吸拆分方便,支撑看剧/学习/办公,价格合适,外观看起来简洁,保护性较好",我已认真阅读,购买意愿: [肯定会购买],四角气囊防护外显: [非常吸引];侧面直取笔槽: [一般];更丰富、更个性化的配色选择: [一般],不愿意多付钱,可能会购买,说不清,-,-,-,这三个升级点对我来说吸引力不大,我已认真阅读,购买意愿: [肯定会购买],光栅纹理背板的视觉效果: [一般];微磨砂质感: [一般];相比普通光面背板更不易沾指纹: [一般];整体看起来更特别/更有设计感: [一般],不愿意多付钱,说不清,-,-,说不清,可能会购买,吸引力不大,4.72s,升级光面款,光面款更好看点,有时会,女,31-35岁,专业人士,一线,偏高,"准备结婚期,已育,已有房,已有车",上海,上海市
314,是,88905572,726476,1024659,"贴片面膜,平板电脑,奶茶/咖啡,手机充电线/数据线,平板电脑保护套/壳,桌面收纳,抽纸/卷纸,手机贴膜,充电宝/移动电源,无线蓝牙耳机,手机壳,智能手表/手环,鼠标/机械键盘,洗面奶/洁面乳,薯片/膨化食品,室内绿植/花卉,洗衣液/洗衣凝珠,运动鞋",近12个月内,120–149元,完全由我自己决定购买哪个品牌和产品,Apple（苹果）,以上均无,均未参加过,本科,"普通翻盖保护套,磁吸不可拆分保护套,带笔槽保护套","防摔防磕/保护性强,耐用不易坏,与平板搭配协调,支架稳定/角度好用,不易沾指纹/不易显脏,触控笔收纳和拿取方便,外观好看/有设计感,材质手感好","耐用不易坏,支架稳定/角度好用,与平板搭配协调,防摔防磕/保护性强,触控笔收纳和拿取方便,不易沾指纹/不易显脏,外观好看/有设计感,材质手感好",120-149元,可能会,我已认真阅读,购买意愿: [可能会购买],吸引力: [比较吸引],"可旋转使用,磁吸拆分方便,支撑看剧/学习/办公,价格合适,外观看起来简洁",我已认真阅读,购买意愿: [可能会购买],四角气囊防护外显: [比较吸引];更丰富、更个性化的配色选择: [比较吸引];侧面直取笔槽: [比较吸引],愿意多付6-10元,可能会购买,可能会购买,说不清,-,-,比较愿意加点钱能让自己获得更满意的产品,我已认真阅读,购买意愿: [可能会购买],光栅纹理背板的视觉效果: [比较吸引];微磨砂质感: [比较吸引];相比普通光面背板更不易沾指纹: [比较吸引];整体看起来更特别/更有设计感: [比较吸引],不愿意多付钱,可能会购买,说不清,-,-,-,我觉得我不太愿意再多付钱了，感觉到这已经没啥必要了,40.78s,升级光面款,感觉光栅性价比不高，还要多付钱，不太值得,有时会,女,25-30岁,自由职业/个体经营,三线,偏低,准备结婚期,浙江省,台州市
315,是,88905575,726476,1024659,"手机贴膜,平板电脑,洗衣液/洗衣凝珠,贴片面膜,运动鞋,手机壳,无线蓝牙耳机,奶茶/咖啡,手机充电线/数据线,鼠标/机械键盘,充电宝/移动电源,智能手表/手环,薯片/膨化食品,T恤/裙子,洗面奶/洁面乳,平板电脑保护套/壳,抽纸/卷纸,桌面收纳",近12个月内,120–149元,完全由我自己决定购买哪个品牌和产品,Apple（苹果）,以上均无,均未参加过,本科,旋转可拆分磁吸保护套,"不易沾指纹/不易显脏,防摔防磕/保护性强,支架稳定/角度好用","防摔防磕/保护性强,支架稳定/角度好用,不易沾指纹/不易显脏",120-149元,肯定会,我已认真阅读,购买意愿: [肯定会购买],吸引力: [非常吸引],"支撑看剧/学习/办公,磁吸拆分方便,保护性较好,外观看起来简洁",我已认真阅读,购买意愿: [可能会购买],四角气囊防护外显: [非常吸引];侧面直取笔槽: [比较吸引];更丰富、更个性化的配色选择: [非常吸引],愿意多付11-15元,可能会购买,肯定会购买,可能会购买,-,-,没有哪里不喜欢的地方，总体看起来都挺好的，没有太多不喜欢有疑问的方面,我已认真阅读,购买意愿: [可能会购买],光栅纹理背板的视觉效果: [非常吸引];相比普通光面背板更不易沾指纹: [非常吸引];整体看起来更特别/更有设计感: [比较吸引];微磨砂质感: [非常吸引],愿意多付11-15元,可能会购买,可能会购买,可能会购买,-,-,这款包装整体看起来还是挺好看的，感觉非常适合这个品牌的包装设计风格很满意,7.98s,光栅款,还是挺有可能去购买的，没有太多不可能去购买的地方，两款整体都还挺好的,有时会,女,25-30岁,其他,二线,低,单身,广东省,佛山市
316,是,88905649,726476,1024659,"手机充电线/数据线,薯片/膨化食品,智能手表/手环,平板电脑保护套/壳,无线蓝牙耳机,手机贴膜,平板电脑,充电宝/移动电源,鼠标/机械键盘",近12个月内,120–149元,完全由我自己决定购买哪个品牌和产品,Apple（苹果）,以上均无,均未参加过,本科,"磁吸不可拆分保护套,旋转可拆分磁吸保护套,透明/半透明保护壳","防摔防磕/保护性强,支架稳定/角度好用,外观好看/有设计感,价格合适/性价比高,品牌可信/品质稳定","品牌可信/品质稳定,防摔防磕/保护性强,支架稳定/角度好用,价格合适/性价比高,外观好看/有设计感",120-149元,肯定会,我已认真阅读,购买意愿: [可能会购买],吸引力: [比较吸引],"可旋转使用,磁吸拆分方便,保护性较好,品牌/品质感较好",我已认真阅读,购买意愿: [肯定会购买],四角气囊防护外显: [比较吸引];侧面直取笔槽: [比较吸引];更丰富、更个性化的配色选择: [一般],愿意多付6-10元,可能会购买,可能会购买,可能会购买,-,-,看起来有吸引力,我已认真阅读,购买意愿: [可能会购买],光栅纹理背板的视觉效果: [比较吸引];微磨砂质感: [非常吸引];相比普通光面背板更不易沾指纹: [比较吸引];整体看起来更特别/更有设计感: [非常吸引],愿意多付6-10元,可能会购买,可能会购买,可能不会购买,-,-,比较有吸引力,12.24s,两款都可以，没有明显偏好,都不错的,有时会,女,25-30岁,其他,五线,中等,未知,广东省,揭阳市
317,是,88905692,726476,1024659,"手机充电线/数据线,抽纸/卷纸,薯片/膨化食品,平板电脑保护套/壳,洗衣液/洗衣凝珠,手机壳,T恤/裙子,充电宝/移动电源,贴片面膜,智能手表/手环,运动鞋,洗面奶/洁面乳,奶茶/咖啡,手机贴膜,平板电脑,室内绿植/花卉,无线蓝牙耳机",近12个月内,120–149元,完全由我自己决定购买哪个品牌和产品,Apple（苹果）,以上均无,均未参加过,本科,"普通翻盖保护套,磁吸不可拆分保护套,带笔槽保护套,键盘保护套","防摔防磕/保护性强,不易沾指纹/不易显脏,轻薄便携,支架稳定/角度好用,外观好看/有设计感,价格合适/性价比高","防摔防磕/保护性强,支架稳定/角度好用,不易沾指纹/不易显脏,轻薄便携,价格合适/性价比高,外观好看/有设计感",120-149元,肯定会,我已认真阅读,购买意愿: [可能会购买],吸引力: [比较吸引],"磁吸拆分方便,可旋转使用,外观看起来简洁,价格合适",我已认真阅读,购买意愿: [肯定会购买],四角气囊防护外显: [非常吸引];侧面直取笔槽: [非常吸引];更丰富、更个性化的配色选择: [非常吸引],愿意多付16-20元,肯定会购买,可能会购买,可能会购买,-,-,有适合我自己需要用到的地方功能也比较简洁明了使用也方便快捷。,我已认真阅读,购买意愿: [可能会购买],光栅纹理背板的视觉效果: [比较吸引];微磨砂质感: [非常吸引];相比普通光面背板更不易沾指纹: [非常吸引];整体看起来更特别/更有设计感: [比较吸引],愿意多付16-20元,可能会购买,可能会购买,可能会购买,-,-,没有了解过这个但看着是个不错的选择,34.46s,光栅款,不太喜欢光面这个品质所以选择另一款功能看起来也好一点,经常会,女,25-30岁,其他,三线,偏低,未知,广东省,江门市
318,是,88905703,726476,1024659,"无线蓝牙耳机,充电宝/移动电源,贴片面膜,手机贴膜,平板电脑保护套/壳,手机壳,洗面奶/洁面乳,手机充电线/数据线,鼠标/机械键盘,薯片/膨化食品,T恤/裙子,洗衣液/洗衣凝珠,抽纸/卷纸",近13-24个月内,80–99元,完全由我自己决定购买哪个品牌和产品,Apple（苹果）,以上均无,均未参加过,硕士及以上,单壳（不带盖板）保护套,"支架稳定/角度好用,外观好看/有设计感,防摔防磕/保护性强,轻薄便携,价格合适/性价比高,与平板搭配协调,耐用不易坏","防摔防磕/保护性强,外观好看/有设计感,支架稳定/角度好用,与平板搭配协调,轻薄便携,耐用不易坏,价格合适/性价比高",100-119元,可能会,我已认真阅读,购买意愿: [可能会购买],吸引力: [一般],"支撑看剧/学习/办公,磁吸拆分方便,可旋转使用",我已认真阅读,购买意愿: [可能会购买],四角气囊防护外显: [比较吸引];侧面直取笔槽: [不太吸引];更丰富、更个性化的配色选择: [一般],愿意多付6-10元,可能会购买,说不清,-,-,-,有些功能不是我需要的,我已认真阅读,购买意愿: [可能会购买],光栅纹理背板的视觉效果: [一般];微磨砂质感: [比较吸引];相比普通光面背板更不易沾指纹: [非常吸引];整体看起来更特别/更有设计感: [一般],愿意多付6-10元,可能不会购买,-,-,可能不会购买,说不清,这个功能我不需要，没必要多花钱,13.7s,两款都可以，没有明显偏好,这个不是重点，对我来说重点是防摔,有时会,女,31-35岁,企业职员,四线,低,未知,湖南省,常德市
319,是,88905716,726476,1024659,"运动鞋,贴片面膜,智能手表/手环,T恤/裙子,手机壳,洗衣液/洗衣凝珠,手机贴膜,室内绿植/花卉,充电宝/移动电源,平板电脑,平板电脑保护套/壳,抽纸/卷纸,洗面奶/洁面乳,手机充电线/数据线,桌面收纳,奶茶/咖啡,无线蓝牙耳机,薯片/膨化食品",近12个月内,80–99元,完全由我自己决定购买哪个品牌和产品,Apple（苹果）,以上均无,均未参加过,本科,"磁吸不可拆分保护套,键盘保护套","防摔防磕/保护性强,支架稳定/角度好用,触控笔收纳和拿取方便,外观好看/有设计感,不易沾指纹/不易显脏","不易沾指纹/不易显脏,触控笔收纳和拿取方便,防摔防磕/保护性强,外观好看/有设计感,支架稳定/角度好用",120-149元,肯定会,我已认真阅读,购买意愿: [可能会购买],吸引力: [比较吸引],"支撑看剧/学习/办公,磁吸拆分方便,可旋转使用,保护性较好",我已认真阅读,购买意愿: [肯定会购买],四角气囊防护外显: [非常吸引];侧面直取笔槽: [非常吸引];更丰富、更个性化的配色选择: [一般],愿意多付16-20元,肯定会购买,可能会购买,说不清,-,-,升级点的功能性不强，没有多大上涨空间,我已认真阅读,购买意愿: [可能会购买],光栅纹理背板的视觉效果: [一般];微磨砂质感: [一般];相比普通光面背板更不易沾指纹: [比较吸引];整体看起来更特别/更有设计感: [一般],即使同价也更倾向升级光面款,可能会购买,可能不会购买,-,-,-,升级没有意义,9.92s,升级光面款,两款升级都一样，光栅版只是外观设计上更美观，对于我来说，这种款式只需要考虑功能，美观程度对于我的选择没有影响,很少会,女,31-35岁,企业职员,四线,低,未知,河北省,沧州市
320,是,88905729,726476,1024659,"平板电脑,手机充电线/数据线,洗衣液/洗衣凝珠,奶茶/咖啡,运动鞋,薯片/膨化食品,手机贴膜,充电宝/移动电源,平板电脑保护套/壳,鼠标/机械键盘,抽纸/卷纸,手机壳,T恤/裙子",近12个月内,100–119元,完全由我自己决定购买哪个品牌和产品,Apple（苹果）,以上均无,均未参加过,本科,"旋转可拆分磁吸保护套,键盘保护套,透明/半透明保护壳","防摔防磕/保护性强,支架稳定/角度好用,材质手感好,外观好看/有设计感,轻薄便携,价格合适/性价比高,耐用不易坏,颜色选择丰富","轻薄便携,防摔防磕/保护性强,材质手感好,外观好看/有设计感,颜色选择丰富,耐用不易坏,价格合适/性价比高,支架稳定/角度好用",100-119元,肯定会,我已认真阅读,购买意愿: [可能会购买],吸引力: [比较吸引],"可旋转使用,磁吸拆分方便,价格合适,保护性较好,外观看起来简洁",我已认真阅读,购买意愿: [肯定会购买],四角气囊防护外显: [非常吸引];侧面直取笔槽: [比较吸引];更丰富、更个性化的配色选择: [非常吸引],愿意多付6-10元,可能会购买,说不清,-,-,-,看到气囊防护性会更好。看着颜色也比较漂亮,我已认真阅读,购买意愿: [肯定会购买],光栅纹理背板的视觉效果: [非常吸引];微磨砂质感: [非常吸引];相比普通光面背板更不易沾指纹: [非常吸引];整体看起来更特别/更有设计感: [非常吸引],愿意多付11-15元,可能会购买,可能会购买,可能不会购买,-,-,显着大方，耐脏,12.85s,光栅款,看着更高级，感觉手感会很好,经常会,女,25-30岁,企业职员,二线,低,"已婚,已育,已有车",天津,天津市
321,是,88905775,726476,1024659,"手机贴膜,平板电脑,抽纸/卷纸,薯片/膨化食品,T恤/裙子,室内绿植/花卉,鼠标/机械键盘,贴片面膜,奶茶/咖啡,手机充电线/数据线,运动鞋,充电宝/移动电源,智能手表/手环,洗面奶/洁面乳,桌面收纳,洗衣液/洗衣凝珠,平板电脑保护套/壳,手机壳,无线蓝牙耳机",近12个月内,200元及以上,完全由我自己决定购买哪个品牌和产品,Apple（苹果）,以上均无,均未参加过,本科,键盘保护套,"防摔防磕/保护性强,与平板搭配协调","防摔防磕/保护性强,与平板搭配协调",200元及以上,可能会,我已认真阅读,购买意愿: [可能会购买],吸引力: [比较吸引],外观看起来简洁,我已认真阅读,购买意愿: [可能会购买],四角气囊防护外显: [非常吸引];侧面直取笔槽: [比较吸引];更丰富、更个性化的配色选择: [非常吸引],愿意多付21元及以上,可能会购买,可能会购买,可能会购买,-,-,防摔，配色好看,我已认真阅读,购买意愿: [可能会购买],光栅纹理背板的视觉效果: [比较吸引];微磨砂质感: [比较吸引];相比普通光面背板更不易沾指纹: [比较吸引];整体看起来更特别/更有设计感: [比较吸引],愿意多付21元及以上,可能会购买,可能会购买,可能会购买,-,-,防摔，配色好看,13.64s,两款都可以，没有明显偏好,主要还是防摔，配色好看,有时会,女,18-24岁,专业人士,六线,偏低,准备结婚期,贵州省,铜仁市
322,是,88905810,726476,1024659,"充电宝/移动电源,洗面奶/洁面乳,T恤/裙子,薯片/膨化食品,室内绿植/花卉,手机壳,手机充电线/数据线,抽纸/卷纸,平板电脑,无线蓝牙耳机,运动鞋,贴片面膜,智能手表/手环,奶茶/咖啡,洗衣液/洗衣凝珠",近12个月内,100–119元,完全由我自己决定购买哪个品牌和产品,Apple（苹果）,以上均无,均未参加过,硕士及以上,"单壳（不带盖板）保护套,透明/半透明保护壳","防摔防磕/保护性强,轻薄便携,价格合适/性价比高,外观好看/有设计感","防摔防磕/保护性强,价格合适/性价比高,外观好看/有设计感,轻薄便携",50-79元,肯定会,我已认真阅读,购买意愿: [可能会购买],吸引力: [比较吸引],"外观看起来简洁,保护性较好,价格合适",我已认真阅读,购买意愿: [可能会购买],四角气囊防护外显: [比较吸引];侧面直取笔槽: [非常吸引];更丰富、更个性化的配色选择: [非常吸引],愿意多付6-10元,可能会购买,可能会购买,可能不会购买,-,-,性价比符合预期 颜色满足使用 外壳造型有特点,我已认真阅读,购买意愿: [可能会购买],光栅纹理背板的视觉效果: [非常吸引];微磨砂质感: [非常吸引];相比普通光面背板更不易沾指纹: [比较吸引];整体看起来更特别/更有设计感: [非常吸引],愿意多付11-15元,可能会购买,可能会购买,可能不会购买,-,-,不沾指纹 造型更耐看 质感更高,27.14s,光栅款,有质感 性价比符合预期 保护度高,有时会,女,25-30岁,专业人士,五线,低,准备结婚期,山西省,晋中市
323,是,88905844,726476,1024659,"平板电脑,智能手表/手环,手机壳,平板电脑保护套/壳,充电宝/移动电源,贴片面膜",近12个月内,120–149元,完全由我自己决定购买哪个品牌和产品,Apple（苹果）,以上均无,均未参加过,本科,磁吸不可拆分保护套,"触控笔收纳和拿取方便,颜色选择丰富,轻薄便携","轻薄便携,触控笔收纳和拿取方便,颜色选择丰富",120-149元,肯定会,我已认真阅读,购买意愿: [肯定会购买],吸引力: [非常吸引],"磁吸拆分方便,价格合适,保护性较好",我已认真阅读,购买意愿: [肯定会购买],四角气囊防护外显: [非常吸引];侧面直取笔槽: [非常吸引];更丰富、更个性化的配色选择: [非常吸引],愿意多付6-10元,肯定会购买,肯定会购买,可能会购买,-,-,防护性好,我已认真阅读,购买意愿: [肯定会购买],光栅纹理背板的视觉效果: [非常吸引];微磨砂质感: [非常吸引];相比普通光面背板更不易沾指纹: [非常吸引];整体看起来更特别/更有设计感: [非常吸引],愿意多付11-15元,肯定会购买,肯定会购买,肯定会购买,-,-,防滑 磁吸折叠,6.95s,光栅款,值得加钱,有时会,女,31-35岁,企业职员,二线,低,"已婚,育婴期,已有车",山东省,烟台市
324,是,88905846,726476,1024659,"洗面奶/洁面乳,无线蓝牙耳机,薯片/膨化食品,洗衣液/洗衣凝珠,抽纸/卷纸,手机充电线/数据线,充电宝/移动电源,平板电脑保护套/壳,奶茶/咖啡,桌面收纳,运动鞋,平板电脑,T恤/裙子,手机壳",近12个月内,100–119元,完全由我自己决定购买哪个品牌和产品,Apple（苹果）,以上均无,均未参加过,高中/中专/职高,普通翻盖保护套,"防摔防磕/保护性强,支架稳定/角度好用,轻薄便携","防摔防磕/保护性强,支架稳定/角度好用,轻薄便携",100-119元,可能会,我已认真阅读,购买意愿: [可能会购买],吸引力: [比较吸引],"可旋转使用,磁吸拆分方便,价格合适,保护性较好",我已认真阅读,购买意愿: [说不清],四角气囊防护外显: [比较吸引];侧面直取笔槽: [一般];更丰富、更个性化的配色选择: [一般],愿意多付5元以内,说不清,-,-,可能会购买,-,防护升级颜色丰富,我已认真阅读,购买意愿: [说不清],光栅纹理背板的视觉效果: [一般];微磨砂质感: [一般];相比普通光面背板更不易沾指纹: [比较吸引];整体看起来更特别/更有设计感: [一般],不愿意多付钱,可能不会购买,-,-,说不清,说不清,没有更多特别点,17.52s,两款都可以，没有明显偏好,"特点差不多
",有时会,女,41岁及以上,家庭照护/暂未就业,一线,偏低,"已婚,育婴期,已育,已有房,已有车,孝敬期",上海,上海市
325,是,88905849,726476,1024659,"奶茶/咖啡,手机贴膜,手机充电线/数据线,洗衣液/洗衣凝珠,抽纸/卷纸,室内绿植/花卉,洗面奶/洁面乳,桌面收纳,手机壳,贴片面膜,充电宝/移动电源,无线蓝牙耳机,运动鞋,平板电脑,T恤/裙子,智能手表/手环,平板电脑保护套/壳,薯片/膨化食品,鼠标/机械键盘",近12个月内,100–119元,完全由我自己决定购买哪个品牌和产品,Apple（苹果）,以上均无,均未参加过,硕士及以上,带笔槽保护套,"价格合适/性价比高,与平板搭配协调,材质手感好,支架稳定/角度好用,防摔防磕/保护性强,触控笔收纳和拿取方便,不易沾指纹/不易显脏,轻薄便携,外观好看/有设计感,品牌可信/品质稳定,耐用不易坏","支架稳定/角度好用,防摔防磕/保护性强,触控笔收纳和拿取方便,不易沾指纹/不易显脏,与平板搭配协调,轻薄便携,外观好看/有设计感,材质手感好,价格合适/性价比高,品牌可信/品质稳定,耐用不易坏",100-119元,肯定会,我已认真阅读,购买意愿: [可能会购买],吸引力: [比较吸引],"可旋转使用,磁吸拆分方便,支撑看剧/学习/办公",我已认真阅读,购买意愿: [肯定会购买],四角气囊防护外显: [非常吸引];侧面直取笔槽: [非常吸引];更丰富、更个性化的配色选择: [比较吸引],愿意多付11-15元,肯定会购买,可能会购买,说不清,-,-,这三个升级点可能会造成不耐用容易坏,我已认真阅读,购买意愿: [可能会购买],光栅纹理背板的视觉效果: [比较吸引];相比普通光面背板更不易沾指纹: [比较吸引];微磨砂质感: [非常吸引];整体看起来更特别/更有设计感: [一般],愿意多付6-10元,可能会购买,说不清,-,-,-,没什么实用价值,21.96s,光栅款,不容易脏不沾指纹,有时会,女,31-35岁,企业职员,二线,高,"已婚,育婴期,已育,已有房,已有车",天津,天津市
326,是,88905917,726476,1024659,平板电脑保护套/壳,近12个月内,200元及以上,完全由我自己决定购买哪个品牌和产品,Apple（苹果）,以上均无,均未参加过,本科,"键盘保护套,旋转可拆分磁吸保护套","防摔防磕/保护性强,支架稳定/角度好用,轻薄便携,耐用不易坏,品牌可信/品质稳定,与平板搭配协调","防摔防磕/保护性强,品牌可信/品质稳定,轻薄便携,耐用不易坏,支架稳定/角度好用,与平板搭配协调",200元及以上,肯定会,我已认真阅读,购买意愿: [可能会购买],吸引力: [比较吸引],"可旋转使用,磁吸拆分方便,外观看起来简洁,保护性较好,品牌/品质感较好",我已认真阅读,购买意愿: [肯定会购买],四角气囊防护外显: [非常吸引];侧面直取笔槽: [非常吸引];更丰富、更个性化的配色选择: [非常吸引],愿意多付21元及以上,肯定会购买,肯定会购买,肯定会购买,-,-,首页它这个外观和配色非常吸引我，而我坚持认为一分价钱一分货，功能的升级能让产品更好的保护平板，更方便的使用平板，大大提升的平板的使用感官，因此功能升级的额外付费是很有必要的,我已认真阅读,购买意愿: [可能会购买],光栅纹理背板的视觉效果: [比较吸引];微磨砂质感: [非常吸引];相比普通光面背板更不易沾指纹: [非常吸引];整体看起来更特别/更有设计感: [比较吸引],愿意多付16-20元,可能会购买,可能会购买,可能会购买,-,-,防指纹是个不错的功能，可以让平板看上去更干净，在商务中应用也很有礼貌,53.69s,光栅款,考虑到商务场合的应用，感觉光栅版更有格调,经常会,女,25-30岁,企业职员,一线,低,"已婚,已育,已有车",上海,上海市
327,是,88905922,726476,1024659,"充电宝/移动电源,T恤/裙子,薯片/膨化食品,平板电脑,洗面奶/洁面乳,抽纸/卷纸,手机充电线/数据线,手机壳,鼠标/机械键盘,手机贴膜,运动鞋,奶茶/咖啡,室内绿植/花卉,智能手表/手环,贴片面膜,洗衣液/洗衣凝珠,无线蓝牙耳机,平板电脑保护套/壳",近12个月内,80–99元,完全由我自己决定购买哪个品牌和产品,Apple（苹果）,以上均无,均未参加过,硕士及以上,磁吸不可拆分保护套,"支架稳定/角度好用,轻薄便携,耐用不易坏,品牌可信/品质稳定,材质手感好,防摔防磕/保护性强","支架稳定/角度好用,防摔防磕/保护性强,耐用不易坏,轻薄便携,材质手感好,品牌可信/品质稳定",80-99元,肯定会,我已认真阅读,购买意愿: [可能不会购买],吸引力: [一般],"支撑看剧/学习/办公,外观看起来简洁",我已认真阅读,购买意愿: [可能不会购买],四角气囊防护外显: [比较吸引];侧面直取笔槽: [不太吸引];更丰富、更个性化的配色选择: [一般],愿意多付6-10元,可能不会购买,-,-,可能不会购买,可能不会购买,没有拆分和笔槽的需求，外观看着不够好看,我已认真阅读,购买意愿: [可能不会购买],光栅纹理背板的视觉效果: [不太吸引];微磨砂质感: [比较吸引];相比普通光面背板更不易沾指纹: [一般];整体看起来更特别/更有设计感: [一般],愿意多付5元以内,可能不会购买,-,-,可能不会购买,说不清,看着并没有更好看,8.13s,两款都可以，没有明显偏好,平时平板都是摆着的，根本看不到背面，更多是保护和支撑,有时会,女,25-30岁,企业职员,一线,低,未知,广东省,深圳市
328,是,88905934,726476,1024659,"手机充电线/数据线,智能手表/手环,洗衣液/洗衣凝珠,平板电脑保护套/壳,充电宝/移动电源,室内绿植/花卉,手机壳,无线蓝牙耳机,桌面收纳,洗面奶/洁面乳,贴片面膜,平板电脑,奶茶/咖啡,T恤/裙子,薯片/膨化食品,抽纸/卷纸,手机贴膜,鼠标/机械键盘,运动鞋",近12个月内,100–119元,完全由我自己决定购买哪个品牌和产品,Apple（苹果）,以上均无,均未参加过,硕士及以上,磁吸不可拆分保护套,"防摔防磕/保护性强,轻薄便携,支架稳定/角度好用,价格合适/性价比高","防摔防磕/保护性强,支架稳定/角度好用,价格合适/性价比高,轻薄便携",120-149元,可能会,我已认真阅读,购买意愿: [可能会购买],吸引力: [非常吸引],"磁吸拆分方便,支撑看剧/学习/办公,价格合适,外观看起来简洁,保护性较好",我已认真阅读,购买意愿: [可能会购买],四角气囊防护外显: [比较吸引];侧面直取笔槽: [一般];更丰富、更个性化的配色选择: [比较吸引],愿意多付6-10元,可能会购买,可能会购买,可能会购买,-,-,好看,我已认真阅读,购买意愿: [可能会购买],光栅纹理背板的视觉效果: [一般];微磨砂质感: [一般];相比普通光面背板更不易沾指纹: [比较吸引];整体看起来更特别/更有设计感: [比较吸引],愿意多付11-15元,可能会购买,可能会购买,说不清,-,-,没啥功能溢价,11.27s,升级光面款,性价比,有时会,女,36-40岁,企业职员,一线,偏高,"已婚,育婴期,已育,装修期,已有房,已有车",上海,上海市
329,是,88906191,726476,1024659,"T恤/裙子,智能手表/手环,手机充电线/数据线,室内绿植/花卉,桌面收纳,抽纸/卷纸,鼠标/机械键盘,手机贴膜,薯片/膨化食品,运动鞋,手机壳,平板电脑保护套/壳,洗衣液/洗衣凝珠,无线蓝牙耳机,平板电脑,洗面奶/洁面乳,奶茶/咖啡,贴片面膜,充电宝/移动电源",近12个月内,100–119元,完全由我自己决定购买哪个品牌和产品,Apple（苹果）,以上均无,均未参加过,本科,"单壳（不带盖板）保护套,普通翻盖保护套,磁吸不可拆分保护套,旋转可拆分磁吸保护套,带笔槽保护套,键盘保护套,透明/半透明保护壳","防摔防磕/保护性强,触控笔收纳和拿取方便,不易沾指纹/不易显脏,颜色选择丰富,耐用不易坏,外观好看/有设计感,材质手感好,支架稳定/角度好用,轻薄便携,价格合适/性价比高,与平板搭配协调,品牌可信/品质稳定","防摔防磕/保护性强,耐用不易坏,不易沾指纹/不易显脏,外观好看/有设计感,支架稳定/角度好用,材质手感好,品牌可信/品质稳定,触控笔收纳和拿取方便,与平板搭配协调,轻薄便携,价格合适/性价比高,颜色选择丰富",100-119元,可能会,我已认真阅读,购买意愿: [肯定会购买],吸引力: [非常吸引],"可旋转使用,磁吸拆分方便,支撑看剧/学习/办公,价格合适,外观看起来简洁,保护性较好,品牌/品质感较好",我已认真阅读,购买意愿: [肯定会购买],四角气囊防护外显: [非常吸引];侧面直取笔槽: [非常吸引];更丰富、更个性化的配色选择: [比较吸引],愿意多付21元及以上,肯定会购买,肯定会购买,肯定会购买,-,-,好看好用安全,我已认真阅读,购买意愿: [肯定会购买],光栅纹理背板的视觉效果: [非常吸引];微磨砂质感: [非常吸引];相比普通光面背板更不易沾指纹: [非常吸引];整体看起来更特别/更有设计感: [比较吸引],愿意多付21元及以上,肯定会购买,肯定会购买,肯定会购买,-,-,好用高端,11.31s,两款都可以，没有明显偏好,好用，外观好看，安全可靠,经常会,女,25-30岁,企业职员,一线,低,未知,广东省,广州市
331,是,88906222,726476,1024659,"贴片面膜,抽纸/卷纸,奶茶/咖啡,T恤/裙子,洗衣液/洗衣凝珠,充电宝/移动电源,室内绿植/花卉,智能手表/手环,桌面收纳,洗面奶/洁面乳,无线蓝牙耳机,平板电脑保护套/壳,鼠标/机械键盘,手机充电线/数据线,手机贴膜,薯片/膨化食品,手机壳,运动鞋",近12个月内,150–199元,完全由我自己决定购买哪个品牌和产品,Apple（苹果）,以上均无,均未参加过,本科,"单壳（不带盖板）保护套,旋转可拆分磁吸保护套,透明/半透明保护壳,键盘保护套,磁吸不可拆分保护套","防摔防磕/保护性强,触控笔收纳和拿取方便,材质手感好,品牌可信/品质稳定,耐用不易坏,与平板搭配协调,价格合适/性价比高,轻薄便携,外观好看/有设计感","防摔防磕/保护性强,触控笔收纳和拿取方便,品牌可信/品质稳定,轻薄便携,价格合适/性价比高,耐用不易坏,外观好看/有设计感,材质手感好,与平板搭配协调",150-199元,可能会,我已认真阅读,购买意愿: [可能会购买],吸引力: [比较吸引],"磁吸拆分方便,可旋转使用,支撑看剧/学习/办公,品牌/品质感较好,保护性较好",我已认真阅读,购买意愿: [可能会购买],四角气囊防护外显: [比较吸引];侧面直取笔槽: [比较吸引];更丰富、更个性化的配色选择: [比较吸引],愿意多付11-15元,可能会购买,可能会购买,可能会购买,-,-,性价比,我已认真阅读,购买意愿: [可能会购买],光栅纹理背板的视觉效果: [比较吸引];微磨砂质感: [比较吸引];相比普通光面背板更不易沾指纹: [比较吸引];整体看起来更特别/更有设计感: [比较吸引],愿意多付11-15元,可能会购买,可能会购买,可能会购买,-,-,性价比参考,15.85s,光栅款,适合我的就好,有时会,女,31-35岁,企业职员,五线,低,"已婚,育婴期,已育,已有房,已有车",安徽省,淮南市
332,是,88906235,726476,1024659,"智能手表/手环,贴片面膜,运动鞋,平板电脑,手机充电线/数据线,抽纸/卷纸,手机贴膜,奶茶/咖啡,T恤/裙子,充电宝/移动电源,手机壳,平板电脑保护套/壳,鼠标/机械键盘,洗面奶/洁面乳,室内绿植/花卉,薯片/膨化食品,洗衣液/洗衣凝珠",近12个月内,100–119元,完全由我自己决定购买哪个品牌和产品,Apple（苹果）,以上均无,均未参加过,硕士及以上,"普通翻盖保护套,带笔槽保护套,键盘保护套","材质手感好,轻薄便携,耐用不易坏,触控笔收纳和拿取方便","轻薄便携,耐用不易坏,触控笔收纳和拿取方便,材质手感好",120-149元,肯定会,我已认真阅读,购买意愿: [可能会购买],吸引力: [比较吸引],"磁吸拆分方便,支撑看剧/学习/办公,保护性较好",我已认真阅读,购买意愿: [肯定会购买],四角气囊防护外显: [非常吸引];侧面直取笔槽: [比较吸引];更丰富、更个性化的配色选择: [一般],愿意多付16-20元,肯定会购买,可能会购买,肯定会购买,-,-,功能符合我的的需求，很好！,我已认真阅读,购买意愿: [可能会购买],光栅纹理背板的视觉效果: [非常吸引];微磨砂质感: [比较吸引];相比普通光面背板更不易沾指纹: [非常吸引];整体看起来更特别/更有设计感: [一般],愿意多付16-20元,可能会购买,可能会购买,肯定会购买,-,-,没有什么实质性作用！,20.51s,光栅款,作用满足我的需求即可！,有时会,女,31-35岁,企业职员,二线,偏低,未知,江苏省,南京市
333,是,88906246,726476,1024659,"手机充电线/数据线,平板电脑保护套/壳,充电宝/移动电源,抽纸/卷纸,鼠标/机械键盘,洗面奶/洁面乳,智能手表/手环,手机贴膜,平板电脑,手机壳,运动鞋,奶茶/咖啡,洗衣液/洗衣凝珠,薯片/膨化食品,T恤/裙子,无线蓝牙耳机",近12个月内,150–199元,完全由我自己决定购买哪个品牌和产品,Apple（苹果）,以上均无,均未参加过,本科,磁吸不可拆分保护套,"防摔防磕/保护性强,支架稳定/角度好用,材质手感好,不易沾指纹/不易显脏,耐用不易坏","材质手感好,防摔防磕/保护性强,不易沾指纹/不易显脏,耐用不易坏,支架稳定/角度好用",150-199元,肯定会,我已认真阅读,购买意愿: [肯定会购买],吸引力: [比较吸引],"磁吸拆分方便,可旋转使用,保护性较好,品牌/品质感较好",我已认真阅读,购买意愿: [可能会购买],四角气囊防护外显: [非常吸引];侧面直取笔槽: [比较吸引];更丰富、更个性化的配色选择: [比较吸引],愿意多付16-20元,肯定会购买,可能会购买,可能不会购买,-,-,防摔方面加强了，外观配色很多选择，这是吸引我的最大的因素,我已认真阅读,购买意愿: [肯定会购买],光栅纹理背板的视觉效果: [非常吸引];微磨砂质感: [非常吸引];相比普通光面背板更不易沾指纹: [非常吸引];整体看起来更特别/更有设计感: [比较吸引],愿意多付21元及以上,肯定会购买,肯定会购买,可能会购买,-,-,材质更好了还繁华不沾指纹磨砂这些都是新我的最大因素,20.09s,光栅款,价格不贵的同时材质啊抗指纹了各方面都提升了很多我觉得我比较喜欢买这款,有时会,女,25-30岁,企业职员,五线,偏低,未知,广东省,清远市
334,是,88906253,726476,1024659,"平板电脑保护套/壳,充电宝/移动电源,薯片/膨化食品,抽纸/卷纸,手机充电线/数据线,T恤/裙子,手机贴膜,奶茶/咖啡,手机壳,运动鞋,洗面奶/洁面乳,洗衣液/洗衣凝珠,室内绿植/花卉,贴片面膜",近12个月内,120–149元,完全由我自己决定购买哪个品牌和产品,Apple（苹果）,以上均无,均未参加过,本科,"键盘保护套,旋转可拆分磁吸保护套,带笔槽保护套,普通翻盖保护套,磁吸不可拆分保护套","防摔防磕/保护性强,支架稳定/角度好用,触控笔收纳和拿取方便,材质手感好,不易沾指纹/不易显脏,外观好看/有设计感,品牌可信/品质稳定,轻薄便携,颜色选择丰富,与平板搭配协调","防摔防磕/保护性强,外观好看/有设计感,材质手感好,颜色选择丰富,与平板搭配协调,轻薄便携,品牌可信/品质稳定,支架稳定/角度好用,触控笔收纳和拿取方便,不易沾指纹/不易显脏",120-149元,肯定会,我已认真阅读,购买意愿: [肯定会购买],吸引力: [非常吸引],"可旋转使用,磁吸拆分方便,支撑看剧/学习/办公,价格合适,保护性较好,外观看起来简洁",我已认真阅读,购买意愿: [肯定会购买],四角气囊防护外显: [非常吸引];侧面直取笔槽: [非常吸引];更丰富、更个性化的配色选择: [比较吸引],愿意多付16-20元,肯定会购买,肯定会购买,可能会购买,-,-,我自己容易摔东西，喜欢保护好的。其次分开的厚度和重量都会考虑,我已认真阅读,购买意愿: [肯定会购买],微磨砂质感: [非常吸引];光栅纹理背板的视觉效果: [比较吸引];相比普通光面背板更不易沾指纹: [非常吸引];整体看起来更特别/更有设计感: [比较吸引],愿意多付11-15元,肯定会购买,肯定会购买,可能会购买,-,-,磨砂质感很好，具体要看颜色和实际的效果,28.61s,光栅款,磨砂质感，不容易留指纹挺重要的，尤其是夏天,经常会,女,25-30岁,自由职业/个体经营,二线,低,未知,河南省,郑州市
335,是,88906272,726476,1024659,"平板电脑保护套/壳,手机贴膜,智能手表/手环",近12个月内,120–149元,完全由我自己决定购买哪个品牌和产品,Apple（苹果）,以上均无,均未参加过,本科,旋转可拆分磁吸保护套,"支架稳定/角度好用,防摔防磕/保护性强,品牌可信/品质稳定,轻薄便携","支架稳定/角度好用,防摔防磕/保护性强,轻薄便携,品牌可信/品质稳定",120-149元,可能会,我已认真阅读,购买意愿: [可能会购买],吸引力: [比较吸引],"可旋转使用,磁吸拆分方便,保护性较好",我已认真阅读,购买意愿: [可能会购买],四角气囊防护外显: [比较吸引];侧面直取笔槽: [比较吸引];更丰富、更个性化的配色选择: [比较吸引],愿意多付21元及以上,可能会购买,可能会购买,可能会购买,-,-,愿意，因为配置会更多，更方便使用，更耐用,我已认真阅读,购买意愿: [可能会购买],光栅纹理背板的视觉效果: [比较吸引];微磨砂质感: [比较吸引];相比普通光面背板更不易沾指纹: [比较吸引];整体看起来更特别/更有设计感: [比较吸引],愿意多付21元及以上,可能会购买,可能会购买,可能会购买,-,-,愿意，感觉会更方便使用，更耐用，质感会更好,32.03s,升级光面款,材质感觉会更好，功能和防护多，使用起来方便,有时会,女,25-30岁,企业职员,一线,偏低,未知,广东省,广州市
336,是,88906276,726476,1024659,"薯片/膨化食品,手机壳,抽纸/卷纸,充电宝/移动电源,智能手表/手环,无线蓝牙耳机,T恤/裙子,平板电脑,鼠标/机械键盘,桌面收纳,洗面奶/洁面乳,贴片面膜,奶茶/咖啡,室内绿植/花卉,手机贴膜,平板电脑保护套/壳,手机充电线/数据线,洗衣液/洗衣凝珠,运动鞋",近12个月内,120–149元,完全由我自己决定购买哪个品牌和产品,Apple（苹果）,以上均无,均未参加过,本科,"普通翻盖保护套,旋转可拆分磁吸保护套,键盘保护套,带笔槽保护套","品牌可信/品质稳定,耐用不易坏,与平板搭配协调,支架稳定/角度好用,材质手感好,外观好看/有设计感,轻薄便携,价格合适/性价比高,颜色选择丰富,不易沾指纹/不易显脏,触控笔收纳和拿取方便,防摔防磕/保护性强","防摔防磕/保护性强,触控笔收纳和拿取方便,颜色选择丰富,价格合适/性价比高,轻薄便携,外观好看/有设计感,材质手感好,不易沾指纹/不易显脏,品牌可信/品质稳定,支架稳定/角度好用,耐用不易坏,与平板搭配协调",200元及以上,可能会,我已认真阅读,购买意愿: [可能会购买],吸引力: [比较吸引],"磁吸拆分方便,价格合适,外观看起来简洁,保护性较好,品牌/品质感较好,支撑看剧/学习/办公,可旋转使用",我已认真阅读,购买意愿: [可能会购买],四角气囊防护外显: [比较吸引];侧面直取笔槽: [比较吸引];更丰富、更个性化的配色选择: [比较吸引],愿意多付21元及以上,可能会购买,可能会购买,可能会购买,-,-,愿意，方便，耐脏，防爆,我已认真阅读,购买意愿: [可能会购买],光栅纹理背板的视觉效果: [比较吸引];微磨砂质感: [比较吸引];整体看起来更特别/更有设计感: [比较吸引];相比普通光面背板更不易沾指纹: [比较吸引],愿意多付21元及以上,可能会购买,可能会购买,可能会购买,-,-,感觉质量一般,7.81s,两款都可以，没有明显偏好,都可以啊，只要耐脏耐用就都可以,经常会,女,31-35岁,自由职业/个体经营,一线,中等,"已婚,育婴期,已育,已有房,已有车",广东省,广州市
337,是,88906292,726476,1024659,"手机贴膜,手机壳,运动鞋,奶茶/咖啡,薯片/膨化食品,智能手表/手环,充电宝/移动电源,洗面奶/洁面乳,抽纸/卷纸,T恤/裙子,鼠标/机械键盘,手机充电线/数据线,贴片面膜,平板电脑保护套/壳,平板电脑,洗衣液/洗衣凝珠,室内绿植/花卉,桌面收纳",近12个月内,120–149元,完全由我自己决定购买哪个品牌和产品,Apple（苹果）,以上均无,均未参加过,本科,普通翻盖保护套,"支架稳定/角度好用,外观好看/有设计感,轻薄便携","外观好看/有设计感,支架稳定/角度好用,轻薄便携",120-149元,肯定会,我已认真阅读,购买意愿: [肯定会购买],吸引力: [非常吸引],"可旋转使用,保护性较好,磁吸拆分方便",我已认真阅读,购买意愿: [肯定会购买],四角气囊防护外显: [非常吸引];侧面直取笔槽: [非常吸引];更丰富、更个性化的配色选择: [非常吸引],愿意多付6-10元,肯定会购买,肯定会购买,肯定会购买,-,-,愿意多付一点钱，外观配色要好看，磁吸设计方便拿取，四周是气囊设计，不容易摔到边边角角，起到很好的保护作用，笔槽也方便拿取,我已认真阅读,购买意愿: [肯定会购买],光栅纹理背板的视觉效果: [非常吸引];相比普通光面背板更不易沾指纹: [非常吸引];整体看起来更特别/更有设计感: [非常吸引];微磨砂质感: [非常吸引],愿意多付16-20元,肯定会购买,可能会购买,可能会购买,-,-,愿意多付一点钱，光栅背板设计很新颖。整个外观很高级。磨砂质感也不会滑溜。防指纹设计很好，,66.14s,光栅款,主要原因也是更喜欢磨砂质感一点。性价比高，设计很独特，全方位气囊防护很安心。磁吸设计方便拿取,经常会,女,31-35岁,企业职员,二线,偏低,未知,湖南省,长沙市
338,是,88906297,726476,1024659,"室内绿植/花卉,手机贴膜,抽纸/卷纸,桌面收纳,平板电脑保护套/壳,奶茶/咖啡,贴片面膜,洗衣液/洗衣凝珠,T恤/裙子,充电宝/移动电源,鼠标/机械键盘,手机壳,薯片/膨化食品,直升机,智能手表/手环,无线蓝牙耳机,运动鞋,洗面奶/洁面乳",近12个月内,120–149元,完全由我自己决定购买哪个品牌和产品,Apple（苹果）,以上均无,均未参加过,本科,"单壳（不带盖板）保护套,普通翻盖保护套,磁吸不可拆分保护套,带笔槽保护套,透明/半透明保护壳","触控笔收纳和拿取方便,不易沾指纹/不易显脏,颜色选择丰富,外观好看/有设计感,轻薄便携","不易沾指纹/不易显脏,触控笔收纳和拿取方便,轻薄便携,颜色选择丰富,外观好看/有设计感",120-149元,肯定会,我已认真阅读,购买意愿: [肯定会购买],吸引力: [比较吸引],"可旋转使用,支撑看剧/学习/办公,价格合适,外观看起来简洁,品牌/品质感较好,没有特别吸引我的地方",我已认真阅读,购买意愿: [肯定会购买],四角气囊防护外显: [比较吸引];侧面直取笔槽: [非常吸引];更丰富、更个性化的配色选择: [比较吸引],愿意多付16-20元,肯定会购买,可能会购买,肯定会购买,-,-,这个设计很有特色，因为我觉得一般平板的话，他这种的话，如果有增加额外的慈禧，可能这次618我会重新再考虑买,我已认真阅读,购买意愿: [肯定会购买],微磨砂质感: [非常吸引];光栅纹理背板的视觉效果: [比较吸引];相比普通光面背板更不易沾指纹: [比较吸引];整体看起来更特别/更有设计感: [非常吸引],愿意多付16-20元,肯定会购买,可能会购买,肯定会购买,-,-,颜色很,5.41s,升级光面款,喜欢,经常会,女,31-35岁,自由职业/个体经营,一线,偏低,已婚,广东省,广州市
339,是,88906316,726476,1024659,"运动鞋,桌面收纳,无线蓝牙耳机,薯片/膨化食品,洗衣液/洗衣凝珠,室内绿植/花卉,T恤/裙子,平板电脑保护套/壳,智能手表/手环,贴片面膜,鼠标/机械键盘,手机壳,手机充电线/数据线,平板电脑,抽纸/卷纸,洗面奶/洁面乳,奶茶/咖啡,手机贴膜,充电宝/移动电源",近12个月内,120–149元,完全由我自己决定购买哪个品牌和产品,Apple（苹果）,以上均无,均未参加过,本科,"旋转可拆分磁吸保护套,带笔槽保护套,键盘保护套","防摔防磕/保护性强,触控笔收纳和拿取方便,不易沾指纹/不易显脏,颜色选择丰富,品牌可信/品质稳定,支架稳定/角度好用,外观好看/有设计感,轻薄便携,价格合适/性价比高,材质手感好,与平板搭配协调,耐用不易坏","耐用不易坏,防摔防磕/保护性强,外观好看/有设计感,触控笔收纳和拿取方便,品牌可信/品质稳定,支架稳定/角度好用,与平板搭配协调,不易沾指纹/不易显脏,轻薄便携,材质手感好,价格合适/性价比高,颜色选择丰富",120-149元,肯定会,我已认真阅读,购买意愿: [肯定会购买],吸引力: [非常吸引],"可旋转使用,价格合适,保护性较好",我已认真阅读,购买意愿: [肯定会购买],四角气囊防护外显: [非常吸引];侧面直取笔槽: [非常吸引];更丰富、更个性化的配色选择: [非常吸引],愿意多付16-20元,肯定会购买,肯定会购买,肯定会购买,-,-,用起来很方便，颜色不好看，设计的也不怎么好看,我已认真阅读,购买意愿: [肯定会购买],光栅纹理背板的视觉效果: [非常吸引];微磨砂质感: [非常吸引];相比普通光面背板更不易沾指纹: [非常吸引];整体看起来更特别/更有设计感: [非常吸引],愿意多付16-20元,肯定会购买,肯定会购买,肯定会购买,-,-,耐磨性更好，,27.11s,光栅款,外观更好看，材质更放心。功能也好,有时会,女,31-35岁,企业职员,六线,偏低,已婚,广东省,梅州市
340,是,88906333,726476,1024659,"平板电脑保护套/壳,无线蓝牙耳机,鼠标/机械键盘,洗面奶/洁面乳,洗衣液/洗衣凝珠,手机贴膜,T恤/裙子,贴片面膜,桌面收纳,抽纸/卷纸,手机壳,手机充电线/数据线,充电宝/移动电源,薯片/膨化食品,运动鞋,奶茶/咖啡,智能手表/手环,室内绿植/花卉",近12个月内,80–99元,主要由我自己决定，偶尔参考他人意见,Apple（苹果）,以上均无,均未参加过,硕士及以上,普通翻盖保护套,"防摔防磕/保护性强,支架稳定/角度好用,触控笔收纳和拿取方便,不易沾指纹/不易显脏,轻薄便携,价格合适/性价比高,耐用不易坏,与平板搭配协调,材质手感好","防摔防磕/保护性强,价格合适/性价比高,耐用不易坏,轻薄便携,支架稳定/角度好用,材质手感好,不易沾指纹/不易显脏,触控笔收纳和拿取方便,与平板搭配协调",80-99元,肯定会,我已认真阅读,购买意愿: [可能会购买],吸引力: [比较吸引],"价格合适,可旋转使用,磁吸拆分方便,保护性较好,外观看起来简洁",我已认真阅读,购买意愿: [可能会购买],四角气囊防护外显: [比较吸引];侧面直取笔槽: [比较吸引];更丰富、更个性化的配色选择: [一般],愿意多付6-10元,可能会购买,可能不会购买,-,-,-,不妨碍拿笔，气囊防磕碰，具体要看重量，材质，颜色很一般，看看有没有其他颜色,我已认真阅读,购买意愿: [可能会购买],光栅纹理背板的视觉效果: [一般];微磨砂质感: [比较吸引];相比普通光面背板更不易沾指纹: [比较吸引];整体看起来更特别/更有设计感: [一般],愿意多付6-10元,可能会购买,可能不会购买,-,-,-,没觉得光栅值钱到加价这么多，现在制造业这么发达，又在国内买，功能升级其实也不多,36.19s,光栅款,防指纹，如果价格差不多，可能倾向光栅，原价觉得还是有点贵了，毕竟不是Apple商店内的合作商,有时会,男,25-30岁,企业职员,二线,偏高,"准备结婚期,育婴期,已育,装修期",湖北省,武汉市
341,是,88906370,726476,1024659,"手机充电线/数据线,平板电脑,手机贴膜,洗面奶/洁面乳,贴片面膜,室内绿植/花卉,鼠标/机械键盘,充电宝/移动电源,智能手表/手环,抽纸/卷纸,运动鞋,无线蓝牙耳机,T恤/裙子,手机壳,洗衣液/洗衣凝珠,平板电脑保护套/壳,桌面收纳,薯片/膨化食品,奶茶/咖啡",近12个月内,120–149元,完全由我自己决定购买哪个品牌和产品,Apple（苹果）,以上均无,均未参加过,本科,"普通翻盖保护套,磁吸不可拆分保护套,键盘保护套,透明/半透明保护壳","材质手感好,颜色选择丰富,品牌可信/品质稳定,防摔防磕/保护性强,价格合适/性价比高","材质手感好,防摔防磕/保护性强,品牌可信/品质稳定,颜色选择丰富,价格合适/性价比高",120-149元,可能会,我已认真阅读,购买意愿: [可能会购买],吸引力: [比较吸引],"保护性较好,外观看起来简洁,品牌/品质感较好",我已认真阅读,购买意愿: [可能会购买],四角气囊防护外显: [非常吸引];侧面直取笔槽: [一般];更丰富、更个性化的配色选择: [比较吸引],愿意多付6-10元,可能会购买,可能会购买,可能会购买,-,-,主要就是为了保护磕碰。笔槽其实我无所谓。外观要高级，拿出去不至于尴尬。,我已认真阅读,购买意愿: [可能会购买],光栅纹理背板的视觉效果: [比较吸引];微磨砂质感: [比较吸引];相比普通光面背板更不易沾指纹: [比较吸引];整体看起来更特别/更有设计感: [比较吸引],愿意多付6-10元,可能会购买,可能会购买,可能会购买,-,-,觉得这是必须的,7.18s,升级光面款,光面感觉更高级一点。,有时会,女,25-30岁,企业职员,二线,低,未知,江苏省,苏州市
342,是,88906373,726476,1024659,"智能手表/手环,平板电脑,平板电脑保护套/壳,鼠标/机械键盘",近12个月内,120–149元,完全由我自己决定购买哪个品牌和产品,Apple（苹果）,以上均无,均未参加过,本科,带笔槽保护套,"支架稳定/角度好用,防摔防磕/保护性强,触控笔收纳和拿取方便,材质手感好,不易沾指纹/不易显脏,外观好看/有设计感,品牌可信/品质稳定,与平板搭配协调,轻薄便携,颜色选择丰富","材质手感好,支架稳定/角度好用,触控笔收纳和拿取方便,轻薄便携,外观好看/有设计感,防摔防磕/保护性强,颜色选择丰富,与平板搭配协调,品牌可信/品质稳定,不易沾指纹/不易显脏",120-149元,可能会,我已认真阅读,购买意愿: [可能会购买],吸引力: [非常吸引],"可旋转使用,磁吸拆分方便,支撑看剧/学习/办公,外观看起来简洁,保护性较好",我已认真阅读,购买意愿: [肯定会购买],四角气囊防护外显: [非常吸引];侧面直取笔槽: [非常吸引];更丰富、更个性化的配色选择: [非常吸引],愿意多付21元及以上,肯定会购买,可能会购买,可能会购买,-,-,防护性能加强，配色更美观，使用感更好。,我已认真阅读,购买意愿: [肯定会购买],光栅纹理背板的视觉效果: [非常吸引];微磨砂质感: [非常吸引];相比普通光面背板更不易沾指纹: [非常吸引];整体看起来更特别/更有设计感: [非常吸引],愿意多付21元及以上,肯定会购买,肯定会购买,可能会购买,-,-,磨砂背面有质感防指纹，更美观。,58.88s,光栅款,喜欢磨砂背面，防指纹。,经常会,女,18-24岁,学生,四线,低,"已婚,育婴期,已育,装修期,已有房,已有车",宁夏回族自治区,银川市
343,是,88906399,726476,1024659,"平板电脑保护套/壳,手机壳,奶茶/咖啡,智能手表/手环,手机贴膜,抽纸/卷纸,薯片/膨化食品,T恤/裙子,洗衣液/洗衣凝珠",近12个月内,120–149元,完全由我自己决定购买哪个品牌和产品,Apple（苹果）,以上均无,均未参加过,硕士及以上,"普通翻盖保护套,单壳（不带盖板）保护套,带笔槽保护套,磁吸不可拆分保护套","防摔防磕/保护性强,不易沾指纹/不易显脏,品牌可信/品质稳定,耐用不易坏,价格合适/性价比高,材质手感好,支架稳定/角度好用,触控笔收纳和拿取方便","防摔防磕/保护性强,品牌可信/品质稳定,耐用不易坏,支架稳定/角度好用,材质手感好,不易沾指纹/不易显脏,价格合适/性价比高,触控笔收纳和拿取方便",150-199元,可能会,我已认真阅读,购买意愿: [可能会购买],吸引力: [非常吸引],"可旋转使用,磁吸拆分方便,支撑看剧/学习/办公,保护性较好,外观看起来简洁",我已认真阅读,购买意愿: [可能会购买],四角气囊防护外显: [非常吸引];侧面直取笔槽: [比较吸引];更丰富、更个性化的配色选择: [比较吸引],愿意多付11-15元,可能会购买,可能会购买,说不清,-,-,额外增加的设计和功能挺吸引我的，但不至于让我多花太多的钱购买,我已认真阅读,购买意愿: [可能会购买],光栅纹理背板的视觉效果: [比较吸引];微磨砂质感: [非常吸引];相比普通光面背板更不易沾指纹: [非常吸引];整体看起来更特别/更有设计感: [比较吸引],愿意多付6-10元,可能会购买,说不清,-,-,-,光栅背板确实更特别，也不会粘指纹，但并没有什么特别的功效，可以多付钱但不能加价太多。,34.93s,升级光面款,升级款更实用，功能也更全面，比起光栅背板的版本，这款的性价比更高,有时会,女,25-30岁,其他,三线,中等,"准备结婚期,育婴期,装修期,已有车",福建省,厦门市
344,是,88906414,726476,1024659,"抽纸/卷纸,运动鞋,薯片/膨化食品,洗面奶/洁面乳,洗衣液/洗衣凝珠,贴片面膜,T恤/裙子,平板电脑保护套/壳,桌面收纳,手机壳,手机贴膜,鼠标/机械键盘,室内绿植/花卉,奶茶/咖啡",近12个月内,120–149元,完全由我自己决定购买哪个品牌和产品,Apple（苹果）,以上均无,均未参加过,本科,键盘保护套,"防摔防磕/保护性强,触控笔收纳和拿取方便,品牌可信/品质稳定,支架稳定/角度好用,材质手感好,轻薄便携,与平板搭配协调","防摔防磕/保护性强,支架稳定/角度好用,轻薄便携,品牌可信/品质稳定,材质手感好,与平板搭配协调,触控笔收纳和拿取方便",120-149元,可能会,我已认真阅读,购买意愿: [可能会购买],吸引力: [一般],"可旋转使用,磁吸拆分方便",我已认真阅读,购买意愿: [可能会购买],四角气囊防护外显: [一般];侧面直取笔槽: [比较吸引];更丰富、更个性化的配色选择: [非常吸引],愿意多付16-20元,可能会购买,可能会购买,说不清,-,-,毕竟只是图片，不知道耐用性如何,我已认真阅读,购买意愿: [可能不会购买],光栅纹理背板的视觉效果: [一般];微磨砂质感: [一般];相比普通光面背板更不易沾指纹: [一般];整体看起来更特别/更有设计感: [一般],愿意多付5元以内,说不清,-,-,可能会购买,-,光栅背板没感觉有啥用,37.97s,升级光面款,更喜欢光面款,有时会,女,36-40岁,专业人士,六线,低,"已婚,已有车",广东省,云浮市
345,是,88906432,726476,1024659,"洗衣液/洗衣凝珠,智能手表/手环,贴片面膜,T恤/裙子,手机贴膜,鼠标/机械键盘,充电宝/移动电源,手机充电线/数据线,运动鞋,平板电脑,洗面奶/洁面乳,抽纸/卷纸,桌面收纳,无线蓝牙耳机,薯片/膨化食品,奶茶/咖啡,平板电脑保护套/壳,手机壳",近12个月内,120–149元,完全由我自己决定购买哪个品牌和产品,Apple（苹果）,以上均无,均未参加过,本科,磁吸不可拆分保护套,"支架稳定/角度好用,外观好看/有设计感,材质手感好,轻薄便携,与平板搭配协调,颜色选择丰富,防摔防磕/保护性强","支架稳定/角度好用,防摔防磕/保护性强,轻薄便携,材质手感好,与平板搭配协调,外观好看/有设计感,颜色选择丰富",120-149元,可能会,我已认真阅读,购买意愿: [可能会购买],吸引力: [比较吸引],"磁吸拆分方便,保护性较好,可旋转使用",我已认真阅读,购买意愿: [可能会购买],四角气囊防护外显: [非常吸引];侧面直取笔槽: [不太吸引];更丰富、更个性化的配色选择: [比较吸引],愿意多付6-10元,可能会购买,可能会购买,可能会购买,-,-,我喜欢就好,我已认真阅读,购买意愿: [可能会购买],光栅纹理背板的视觉效果: [一般];相比普通光面背板更不易沾指纹: [非常吸引];微磨砂质感: [非常吸引];整体看起来更特别/更有设计感: [比较吸引],不愿意多付钱,说不清,-,-,说不清,可能会购买,不喜欢这种设计,7.22s,升级光面款,喜欢光面的手感,有时会,女,25-30岁,自由职业/个体经营,二线,低,未知,湖南省,长沙市
346,是,88906449,726476,1024659,"手机充电线/数据线,平板电脑,手机壳,平板电脑保护套/壳,T恤/裙子,运动鞋,鼠标/机械键盘,充电宝/移动电源,贴片面膜,桌面收纳,薯片/膨化食品,无线蓝牙耳机,洗衣液/洗衣凝珠,室内绿植/花卉,抽纸/卷纸,手机贴膜,智能手表/手环,奶茶/咖啡,洗面奶/洁面乳",近12个月内,120–149元,完全由我自己决定购买哪个品牌和产品,Apple（苹果）,以上均无,均未参加过,本科,"单壳（不带盖板）保护套,普通翻盖保护套,磁吸不可拆分保护套,旋转可拆分磁吸保护套,带笔槽保护套,键盘保护套,透明/半透明保护壳","防摔防磕/保护性强,触控笔收纳和拿取方便,不易沾指纹/不易显脏,颜色选择丰富,品牌可信/品质稳定,耐用不易坏,支架稳定/角度好用,材质手感好,外观好看/有设计感,轻薄便携,价格合适/性价比高,与平板搭配协调","材质手感好,与平板搭配协调,支架稳定/角度好用,颜色选择丰富,不易沾指纹/不易显脏,触控笔收纳和拿取方便,防摔防磕/保护性强,耐用不易坏,外观好看/有设计感,品牌可信/品质稳定,轻薄便携,价格合适/性价比高",120-149元,肯定会,我已认真阅读,购买意愿: [肯定会购买],吸引力: [比较吸引],"可旋转使用,磁吸拆分方便,支撑看剧/学习/办公,价格合适,外观看起来简洁,保护性较好,品牌/品质感较好",我已认真阅读,购买意愿: [肯定会购买],四角气囊防护外显: [比较吸引];侧面直取笔槽: [非常吸引];更丰富、更个性化的配色选择: [比较吸引],愿意多付11-15元,肯定会购买,可能会购买,肯定会购买,-,-,非常喜欢非常好,我已认真阅读,购买意愿: [肯定会购买],光栅纹理背板的视觉效果: [比较吸引];微磨砂质感: [非常吸引];相比普通光面背板更不易沾指纹: [比较吸引];整体看起来更特别/更有设计感: [非常吸引],愿意多付11-15元,肯定会购买,可能会购买,肯定会购买,-,-,非常喜欢非常好,16.81s,两款都可以，没有明显偏好,非常喜欢非常好,经常会,女,31-35岁,企业职员,一线,中等,"已婚,育婴期,已育,已有房,已有车",上海,上海市
347,是,88906451,726476,1024659,"平板电脑,平板电脑保护套/壳,无线蓝牙耳机,洗衣液/洗衣凝珠,抽纸/卷纸,智能手表/手环,手机壳,洗面奶/洁面乳,手机充电线/数据线,运动鞋,手机贴膜,薯片/膨化食品,充电宝/移动电源,室内绿植/花卉,鼠标/机械键盘",近12个月内,80–99元,完全由我自己决定购买哪个品牌和产品,Apple（苹果）,以上均无,均未参加过,本科,旋转可拆分磁吸保护套,"防摔防磕/保护性强,支架稳定/角度好用,外观好看/有设计感,颜色选择丰富,品牌可信/品质稳定,与平板搭配协调,触控笔收纳和拿取方便","支架稳定/角度好用,防摔防磕/保护性强,与平板搭配协调,外观好看/有设计感,触控笔收纳和拿取方便,品牌可信/品质稳定,颜色选择丰富",100-119元,可能会,我已认真阅读,购买意愿: [肯定会购买],吸引力: [非常吸引],"可旋转使用,价格合适,外观看起来简洁,保护性较好",我已认真阅读,购买意愿: [肯定会购买],四角气囊防护外显: [非常吸引];侧面直取笔槽: [非常吸引];更丰富、更个性化的配色选择: [非常吸引],愿意多付16-20元,肯定会购买,可能会购买,可能会购买,-,-,整体的升级增加了四个角的一个防撞性啊，掉地板可以给平板起到一个更好的保护性和那个安全性的话，这个原因都为他付出一二十块钱是可以的，然后就是说可以出现联名IP款的话，就更愿意为他多付点价格。,我已认真阅读,购买意愿: [肯定会购买],光栅纹理背板的视觉效果: [非常吸引];微磨砂质感: [非常吸引];相比普通光面背板更不易沾指纹: [非常吸引];整体看起来更特别/更有设计感: [非常吸引],愿意多付21元及以上,肯定会购买,肯定会购买,可能会购买,-,-,升级成关山背板还不容易脏，这样子我们就不用很一段时间就要固定换一次这个平板的这个。保护壳，嗯，这个时候愿意为他多付点价格是没有问题的。,21.05s,光栅款,光珊版更全面比光面板的话功能啊，还有它的这个保护性，还有它这个嗯这个它的这个使用程度上面会更升级好，还有这个细节上面。更突出，不容易脏，环保性更强，这时候会因为他多付点价格。,有时会,男,31-35岁,自由职业/个体经营,二线,低,未知,福建省,泉州市
349,是,88906470,726476,1024659,"运动鞋,T恤/裙子,手机壳,平板电脑保护套/壳,鼠标/机械键盘,平板电脑,洗衣液/洗衣凝珠,桌面收纳,抽纸/卷纸,室内绿植/花卉,手机充电线/数据线,无线蓝牙耳机,洗面奶/洁面乳,手机贴膜,奶茶/咖啡,智能手表/手环,贴片面膜,充电宝/移动电源,薯片/膨化食品",近12个月内,120–149元,完全由我自己决定购买哪个品牌和产品,Apple（苹果）,以上均无,均未参加过,本科,键盘保护套,"支架稳定/角度好用,防摔防磕/保护性强,触控笔收纳和拿取方便,与平板搭配协调,轻薄便携,品牌可信/品质稳定","支架稳定/角度好用,与平板搭配协调,防摔防磕/保护性强,品牌可信/品质稳定,轻薄便携,触控笔收纳和拿取方便",120-149元,肯定会,我已认真阅读,购买意愿: [可能会购买],吸引力: [比较吸引],"磁吸拆分方便,可旋转使用,价格合适,保护性较好",我已认真阅读,购买意愿: [可能会购买],四角气囊防护外显: [非常吸引];侧面直取笔槽: [比较吸引];更丰富、更个性化的配色选择: [比较吸引],愿意多付16-20元,可能会购买,可能会购买,可能不会购买,-,-,价格可能比预期的稍微高了一点点,我已认真阅读,购买意愿: [可能会购买],光栅纹理背板的视觉效果: [比较吸引];微磨砂质感: [比较吸引];相比普通光面背板更不易沾指纹: [非常吸引];整体看起来更特别/更有设计感: [比较吸引],愿意多付6-10元,可能会购买,可能不会购买,-,-,-,价格比预期的稍微高了一点点,10.04s,光栅款, 有层次感 比较简洁 不沾指纹,有时会,女,25-30岁,其他,二线,偏低,未知,江苏省,南通市
350,是,88906473,726476,1024659,"平板电脑保护套/壳,手机壳,手机贴膜,充电宝/移动电源,手机充电线/数据线,无线蓝牙耳机,平板电脑",近12个月内,150–199元,完全由我自己决定购买哪个品牌和产品,Apple（苹果）,以上均无,均未参加过,本科,"磁吸不可拆分保护套,键盘保护套","防摔防磕/保护性强,支架稳定/角度好用,材质手感好,不易沾指纹/不易显脏,轻薄便携,与平板搭配协调,耐用不易坏","防摔防磕/保护性强,支架稳定/角度好用,轻薄便携,材质手感好,不易沾指纹/不易显脏,与平板搭配协调,耐用不易坏",150-199元,肯定会,我已认真阅读,购买意愿: [可能会购买],吸引力: [比较吸引],"磁吸拆分方便,可旋转使用,外观看起来简洁,价格合适",我已认真阅读,购买意愿: [可能会购买],四角气囊防护外显: [非常吸引];侧面直取笔槽: [一般];更丰富、更个性化的配色选择: [比较吸引],愿意多付16-20元,可能会购买,说不清,-,-,-,没有太突出的特点，市面上类似的选择很多,我已认真阅读,购买意愿: [可能会购买],微磨砂质感: [非常吸引];光栅纹理背板的视觉效果: [比较吸引];相比普通光面背板更不易沾指纹: [非常吸引];整体看起来更特别/更有设计感: [比较吸引],愿意多付16-20元,可能会购买,可能会购买,可能不会购买,-,-,材质和功能方面基本满足，但外观设计和配色不太喜欢,200.05s,光栅款,磨砂设计在手感上要好很多，而且更加耐脏和远离指纹,经常会,男,25-30岁,企业职员,二线,偏低,"单身,已有房,已有车",广东省,东莞市
351,是,88906485,726476,1024659,"洗衣液/洗衣凝珠,手机壳,奶茶/咖啡,贴片面膜,洗面奶/洁面乳,抽纸/卷纸,薯片/膨化食品,T恤/裙子,平板电脑",近12个月内,80–99元,完全由我自己决定购买哪个品牌和产品,Apple（苹果）,以上均无,均未参加过,本科,"带笔槽保护套,磁吸不可拆分保护套","防摔防磕/保护性强,支架稳定/角度好用,触控笔收纳和拿取方便,材质手感好,外观好看/有设计感,轻薄便携,耐用不易坏,颜色选择丰富","防摔防磕/保护性强,支架稳定/角度好用,轻薄便携,材质手感好,耐用不易坏,触控笔收纳和拿取方便,外观好看/有设计感,颜色选择丰富",80-99元,可能会,我已认真阅读,购买意愿: [可能会购买],吸引力: [比较吸引],"可旋转使用,磁吸拆分方便,支撑看剧/学习/办公,保护性较好",我已认真阅读,购买意愿: [可能会购买],四角气囊防护外显: [比较吸引];侧面直取笔槽: [一般];更丰富、更个性化的配色选择: [比较吸引],愿意多付11-15元,可能会购买,说不清,-,-,-,安全，防护好，使用方便,我已认真阅读,购买意愿: [可能会购买],光栅纹理背板的视觉效果: [比较吸引];微磨砂质感: [比较吸引];相比普通光面背板更不易沾指纹: [一般];整体看起来更特别/更有设计感: [一般],愿意多付11-15元,说不清,-,-,可能会购买,-,使用方便,8.15s,光栅款,看起来更喜欢,有时会,女,25-30岁,企业职员,二线,中等,"已婚,育婴期,已有房,已有车",浙江省,宁波市
352,是,88906496,726476,1024659,"洗面奶/洁面乳,贴片面膜,平板电脑保护套/壳,手机充电线/数据线,智能手表/手环,桌面收纳,充电宝/移动电源,运动鞋,无线蓝牙耳机,洗衣液/洗衣凝珠,鼠标/机械键盘",近12个月内,120–149元,完全由我自己决定购买哪个品牌和产品,Apple（苹果）,以上均无,均未参加过,本科,"普通翻盖保护套,旋转可拆分磁吸保护套,键盘保护套","防摔防磕/保护性强,不易沾指纹/不易显脏,品牌可信/品质稳定,支架稳定/角度好用,外观好看/有设计感,轻薄便携,价格合适/性价比高","品牌可信/品质稳定,不易沾指纹/不易显脏,轻薄便携,价格合适/性价比高,支架稳定/角度好用,防摔防磕/保护性强,外观好看/有设计感",120-149元,肯定会,我已认真阅读,购买意愿: [肯定会购买],吸引力: [非常吸引],"可旋转使用,磁吸拆分方便,保护性较好,价格合适,外观看起来简洁,支撑看剧/学习/办公,品牌/品质感较好",我已认真阅读,购买意愿: [肯定会购买],四角气囊防护外显: [非常吸引];侧面直取笔槽: [非常吸引];更丰富、更个性化的配色选择: [非常吸引],愿意多付11-15元,肯定会购买,肯定会购买,肯定会购买,-,-,愿意，因为我觉得它外观好看，还有笔槽非常方便，颜色很亮眼比较保护眼睛我挺喜欢的，日常对平板也好,我已认真阅读,购买意愿: [肯定会购买],光栅纹理背板的视觉效果: [非常吸引];微磨砂质感: [非常吸引];相比普通光面背板更不易沾指纹: [非常吸引];整体看起来更特别/更有设计感: [非常吸引],愿意多付11-15元,肯定会购买,肯定会购买,肯定会购买,-,-,挺好的我觉得背板非常方便，防护也到位我愿意购买我觉得非常方便,58.62s,两款都可以，没有明显偏好,价格合适日常使用方便我觉得挺好的，我会购买我喜欢这个品牌,经常会,女,25-30岁,企业职员,三线,偏低,未知,河北省,石家庄市
353,是,88906497,726476,1024659,"平板电脑,平板电脑保护套/壳,室内绿植/花卉,智能手表/手环,桌面收纳,贴片面膜,抽纸/卷纸,无线蓝牙耳机,手机充电线/数据线,直升机",近12个月内,120–149元,完全由我自己决定购买哪个品牌和产品,Apple（苹果）,以上均无,均未参加过,本科,"单壳（不带盖板）保护套,普通翻盖保护套,键盘保护套,透明/半透明保护壳","防摔防磕/保护性强,不易沾指纹/不易显脏,颜色选择丰富,支架稳定/角度好用,外观好看/有设计感,轻薄便携,价格合适/性价比高","支架稳定/角度好用,轻薄便携,价格合适/性价比高,颜色选择丰富,不易沾指纹/不易显脏,外观好看/有设计感,防摔防磕/保护性强",120-149元,肯定会,我已认真阅读,购买意愿: [肯定会购买],吸引力: [非常吸引],"可旋转使用,磁吸拆分方便,支撑看剧/学习/办公,价格合适,外观看起来简洁,保护性较好,品牌/品质感较好",我已认真阅读,购买意愿: [肯定会购买],四角气囊防护外显: [非常吸引];侧面直取笔槽: [非常吸引];更丰富、更个性化的配色选择: [非常吸引],愿意多付11-15元,肯定会购买,肯定会购买,肯定会购买,-,-,有笔槽非常方便，颜色清新，比较护眼，看起来很耐用质量不错防护的比较到位,我已认真阅读,购买意愿: [肯定会购买],光栅纹理背板的视觉效果: [非常吸引];微磨砂质感: [非常吸引];相比普通光面背板更不易沾指纹: [非常吸引];整体看起来更特别/更有设计感: [非常吸引],愿意多付11-15元,可能会购买,肯定会购买,肯定会购买,-,-,质感看起来很好，我觉得挺不错的升级款更耐看了，非常适合我，价格也合适日常使用高,34.16s,两款都可以，没有明显偏好,我喜欢这个，品牌不错升级款耐看颜色好看,经常会,女,25-30岁,企业职员,三线,偏低,未知,河北省,石家庄市
354,是,88906503,726476,1024659,"平板电脑保护套/壳,抽纸/卷纸,奶茶/咖啡,T恤/裙子,手机贴膜,洗面奶/洁面乳,贴片面膜,手机充电线/数据线,洗衣液/洗衣凝珠,手机壳,无线蓝牙耳机,薯片/膨化食品,运动鞋,智能手表/手环,平板电脑",近12个月内,120–149元,完全由我自己决定购买哪个品牌和产品,Apple（苹果）,以上均无,均未参加过,本科,"普通翻盖保护套,带笔槽保护套,键盘保护套","防摔防磕/保护性强,触控笔收纳和拿取方便,不易沾指纹/不易显脏,品牌可信/品质稳定,耐用不易坏,与平板搭配协调,价格合适/性价比高,轻薄便携,外观好看/有设计感,支架稳定/角度好用","防摔防磕/保护性强,不易沾指纹/不易显脏,与平板搭配协调,价格合适/性价比高,外观好看/有设计感,触控笔收纳和拿取方便,支架稳定/角度好用,轻薄便携,耐用不易坏,品牌可信/品质稳定",100-119元,肯定会,我已认真阅读,购买意愿: [肯定会购买],吸引力: [比较吸引],"可旋转使用,支撑看剧/学习/办公,价格合适,品牌/品质感较好,保护性较好,外观看起来简洁,磁吸拆分方便",我已认真阅读,购买意愿: [肯定会购买],四角气囊防护外显: [非常吸引];侧面直取笔槽: [非常吸引];更丰富、更个性化的配色选择: [非常吸引],愿意多付16-20元,肯定会购买,肯定会购买,可能会购买,-,-,笔槽方便取，外观简洁，配色高级,我已认真阅读,购买意愿: [肯定会购买],光栅纹理背板的视觉效果: [比较吸引];相比普通光面背板更不易沾指纹: [非常吸引];微磨砂质感: [非常吸引];整体看起来更特别/更有设计感: [比较吸引],愿意多付5元以内,肯定会购买,可能会购买,可能会购买,-,-,防指纹效果好就愿意多付钱,29.17s,光栅款,防指纹效果更强,经常会,女,25-30岁,自由职业/个体经营,六线,偏低,未知,广东省,梅州市
355,是,88906504,726476,1024659,"手机贴膜,充电宝/移动电源,智能手表/手环,平板电脑,薯片/膨化食品,手机壳,运动鞋,抽纸/卷纸,贴片面膜,室内绿植/花卉,T恤/裙子,鼠标/机械键盘,奶茶/咖啡,洗面奶/洁面乳,洗衣液/洗衣凝珠,手机充电线/数据线,平板电脑保护套/壳,无线蓝牙耳机",近12个月内,120–149元,完全由我自己决定购买哪个品牌和产品,Apple（苹果）,以上均无,均未参加过,硕士及以上,磁吸不可拆分保护套,"防摔防磕/保护性强,支架稳定/角度好用,品牌可信/品质稳定,材质手感好,轻薄便携,价格合适/性价比高,耐用不易坏","防摔防磕/保护性强,品牌可信/品质稳定,价格合适/性价比高,耐用不易坏,支架稳定/角度好用,轻薄便携,材质手感好",120-149元,可能会,我已认真阅读,购买意愿: [肯定会购买],吸引力: [非常吸引],"磁吸拆分方便,价格合适,保护性较好,品牌/品质感较好,可旋转使用,支撑看剧/学习/办公",我已认真阅读,购买意愿: [肯定会购买],四角气囊防护外显: [非常吸引];侧面直取笔槽: [一般];更丰富、更个性化的配色选择: [比较吸引],愿意多付11-15元,肯定会购买,可能会购买,可能会购买,-,-,防护性和日常体验是我比较看重的，这个比较加分，另外几个对我的选择影响没那么重要，我需要最基础的这些功能就好，这几个升级对我吸引没那么大。,我已认真阅读,购买意愿: [肯定会购买],相比普通光面背板更不易沾指纹: [非常吸引];整体看起来更特别/更有设计感: [比较吸引];微磨砂质感: [比较吸引];光栅纹理背板的视觉效果: [比较吸引],愿意多付11-15元,可能会购买,可能会购买,说不清,-,-,外观上虽然比较好看，但是不是我最重要的选择，同样，质感，是否耐看，是否特别也对我影响不太大，主要考虑性价比高的。,136.75s,两款都可以，没有明显偏好,两者的防护功能差不多，就是外观、材质和价格上稍微有点差别，总体上看起来对我得影响都差不多，没有特殊偏好。,有时会,女,25-30岁,企业职员,三线,偏低,"已婚,已育,已有车",广东省,汕头市
356,是,88906527,726476,1024659,"无线蓝牙耳机,洗衣液/洗衣凝珠,抽纸/卷纸,手机壳,室内绿植/花卉,平板电脑保护套/壳,手机贴膜,贴片面膜,薯片/膨化食品,平板电脑,鼠标/机械键盘,T恤/裙子,桌面收纳,运动鞋,奶茶/咖啡,手机充电线/数据线,充电宝/移动电源,洗面奶/洁面乳,智能手表/手环",近13-24个月内,100–119元,完全由我自己决定购买哪个品牌和产品,Apple（苹果）,以上均无,均未参加过,本科,单壳（不带盖板）保护套,"防摔防磕/保护性强,支架稳定/角度好用,材质手感好,不易沾指纹/不易显脏,外观好看/有设计感,轻薄便携,品牌可信/品质稳定,耐用不易坏,与平板搭配协调","防摔防磕/保护性强,与平板搭配协调,品牌可信/品质稳定,材质手感好,外观好看/有设计感,轻薄便携,支架稳定/角度好用,耐用不易坏,不易沾指纹/不易显脏",120-149元,可能会,我已认真阅读,购买意愿: [肯定会购买],吸引力: [非常吸引],"保护性较好,可旋转使用,磁吸拆分方便,外观看起来简洁",我已认真阅读,购买意愿: [肯定会购买],四角气囊防护外显: [非常吸引];侧面直取笔槽: [不太吸引];更丰富、更个性化的配色选择: [比较吸引],愿意多付16-20元,肯定会购买,可能会购买,可能会购买,-,-,四面全包气囊防摔保护这一个点很喜欢，配色外观简洁大方，感觉日常使用应该很方便。但是本人对笔槽便利性方面没有过多的要求。,我已认真阅读,购买意愿: [可能会购买],光栅纹理背板的视觉效果: [非常吸引];微磨砂质感: [非常吸引];相比普通光面背板更不易沾指纹: [非常吸引];整体看起来更特别/更有设计感: [比较吸引],愿意多付11-15元,可能会购买,可能会购买,说不清,-,-,防指纹这一点挺喜欢的，不像光面那样容易沾染指纹，没用多久就会显脏显旧。比光面贵十几块钱左右会考虑这个，但是贵太多就觉得没必要了。,121.36s,光栅款,最重要的是能起到气囊全面保护作用的，外观简洁大方，材质耐用。在这些基础上，更喜欢能防指纹沾染的光栅款，如果价格贵太多的话，升级光面款也可以考虑。,有时会,女,31-35岁,专业人士,五线,偏低,"已婚,育婴期,已有房,已有车",广西壮族自治区,桂林市
357,是,88906528,726476,1024659,"洗衣液/洗衣凝珠,奶茶/咖啡,贴片面膜,桌面收纳,平板电脑,平板电脑保护套/壳,T恤/裙子,薯片/膨化食品,智能手表/手环,鼠标/机械键盘,手机贴膜,手机壳,抽纸/卷纸,手机充电线/数据线,洗面奶/洁面乳,运动鞋,充电宝/移动电源",近12个月内,120–149元,完全由我自己决定购买哪个品牌和产品,Apple（苹果）,以上均无,均未参加过,硕士及以上,"带笔槽保护套,键盘保护套,透明/半透明保护壳","材质手感好,不易沾指纹/不易显脏,品牌可信/品质稳定,防摔防磕/保护性强,支架稳定/角度好用,与平板搭配协调,轻薄便携,颜色选择丰富,外观好看/有设计感","防摔防磕/保护性强,品牌可信/品质稳定,支架稳定/角度好用,不易沾指纹/不易显脏,轻薄便携,材质手感好,外观好看/有设计感,颜色选择丰富,与平板搭配协调",120-149元,肯定会,我已认真阅读,购买意愿: [可能会购买],吸引力: [比较吸引],"磁吸拆分方便,支撑看剧/学习/办公,外观看起来简洁,品牌/品质感较好",我已认真阅读,购买意愿: [可能会购买],四角气囊防护外显: [非常吸引];侧面直取笔槽: [非常吸引];更丰富、更个性化的配色选择: [非常吸引],愿意多付6-10元,可能会购买,可能会购买,说不清,-,-,配色有点单一了，可以更个性化一点。透明的防护功能有点担心。,我已认真阅读,购买意愿: [可能会购买],光栅纹理背板的视觉效果: [非常吸引];微磨砂质感: [非常吸引];相比普通光面背板更不易沾指纹: [非常吸引];整体看起来更特别/更有设计感: [非常吸引],愿意多付16-20元,肯定会购买,肯定会购买,可能会购买,-,-,防指纹使用效果更好，愿意多付钱购买使用。,94.6s,两款都可以，没有明显偏好,主要看整体，外观设计感和价格综合考虑吧。,有时会,女,25-30岁,其他,三线,中等,未知,江西省,南昌市
358,是,88906563,726476,1024659,"奶茶/咖啡,T恤/裙子,手机充电线/数据线,洗面奶/洁面乳,洗衣液/洗衣凝珠,抽纸/卷纸,手机壳,桌面收纳,平板电脑保护套/壳,运动鞋,鼠标/机械键盘,智能手表/手环,无线蓝牙耳机,贴片面膜,手机贴膜,平板电脑,薯片/膨化食品,充电宝/移动电源",近12个月内,50–79元,完全由我自己决定购买哪个品牌和产品,Apple（苹果）,以上均无,均未参加过,本科,"带笔槽保护套,普通翻盖保护套,透明/半透明保护壳","与平板搭配协调,外观好看/有设计感,支架稳定/角度好用,触控笔收纳和拿取方便,颜色选择丰富,耐用不易坏,价格合适/性价比高","耐用不易坏,支架稳定/角度好用,触控笔收纳和拿取方便,外观好看/有设计感,价格合适/性价比高,颜色选择丰富,与平板搭配协调",50-79元,可能会,我已认真阅读,购买意愿: [可能会购买],吸引力: [比较吸引],"可旋转使用,磁吸拆分方便,外观看起来简洁",我已认真阅读,购买意愿: [可能会购买],四角气囊防护外显: [一般];侧面直取笔槽: [比较吸引];更丰富、更个性化的配色选择: [比较吸引],愿意多付6-10元,说不清,-,-,可能会购买,-,感觉可有可无，用处不大,我已认真阅读,购买意愿: [可能不会购买],光栅纹理背板的视觉效果: [不太吸引];微磨砂质感: [一般];相比普通光面背板更不易沾指纹: [比较吸引];整体看起来更特别/更有设计感: [不太吸引],不愿意多付钱,可能不会购买,-,-,可能不会购买,可能会购买,我觉得很丑,5.73s,升级光面款,我觉得光栅很丑,有时会,女,25-30岁,企业职员,一线,偏低,"准备结婚期,育婴期,已育",广东省,深圳市
359,是,88906565,726476,1024659,"贴片面膜,智能手表/手环,抽纸/卷纸,奶茶/咖啡,洗衣液/洗衣凝珠,手机壳,洗面奶/洁面乳,平板电脑保护套/壳,平板电脑,鼠标/机械键盘,充电宝/移动电源,运动鞋,手机贴膜",近12个月内,120–149元,完全由我自己决定购买哪个品牌和产品,Apple（苹果）,以上均无,均未参加过,硕士及以上,"普通翻盖保护套,旋转可拆分磁吸保护套,键盘保护套","防摔防磕/保护性强,触控笔收纳和拿取方便,材质手感好,轻薄便携,品牌可信/品质稳定,耐用不易坏,价格合适/性价比高,支架稳定/角度好用","防摔防磕/保护性强,耐用不易坏,轻薄便携,品牌可信/品质稳定,支架稳定/角度好用,材质手感好,触控笔收纳和拿取方便,价格合适/性价比高",120-149元,可能会,我已认真阅读,购买意愿: [肯定会购买],吸引力: [非常吸引],"可旋转使用,磁吸拆分方便,价格合适,保护性较好,品牌/品质感较好",我已认真阅读,购买意愿: [肯定会购买],四角气囊防护外显: [非常吸引];侧面直取笔槽: [非常吸引];更丰富、更个性化的配色选择: [比较吸引],愿意多付21元及以上,肯定会购买,肯定会购买,肯定会购买,-,-,因为升级版的防护效果更好，能够更好的保护平板，而且日常我用到笔的频率还是蛮高的，所以这样升级以后拿取笔更加方便，也不会担心没地放笔导致笔丢了。此外，配色多，这样可以选择的颜色就多，就可以买到自己喜欢的颜色了。,我已认真阅读,购买意愿: [肯定会购买],光栅纹理背板的视觉效果: [非常吸引];微磨砂质感: [非常吸引];相比普通光面背板更不易沾指纹: [非常吸引];整体看起来更特别/更有设计感: [非常吸引],愿意多付21元及以上,肯定会购买,肯定会购买,肯定会购买,-,-,因为再次升级的版本设计很不错很好看，背面的材质换成了更有质感的材质，看上去就很有质感。而且背面能够减少指纹得留存，为日常使用提供了便利。整理的设计也很特别很耐看，值得加钱购入。,102.36s,光栅款,因为光栅版具有升级光面板所有的优点，价格上应该也不会有太大差别，肯定光栅版的更好了。而且光栅版的外观更加简洁大方，材质是微磨砂膏的材质更有质感，功能也更全，防护效果也更好，此外也很符合我的日常使用习惯，肯定更值得选择。,经常会,女,25-30岁,其他,二线,偏低,"准备结婚期,育婴期",河南省,郑州市
360,是,88906589,726476,1024659,"贴片面膜,平板电脑保护套/壳,薯片/膨化食品,抽纸/卷纸,智能手表/手环,手机贴膜,无线蓝牙耳机,运动鞋,洗面奶/洁面乳,手机壳,T恤/裙子,洗衣液/洗衣凝珠,奶茶/咖啡,手机充电线/数据线,室内绿植/花卉",近12个月内,200元及以上,主要由我自己决定，偶尔参考他人意见,Apple（苹果）,"互联网/IT/软件服务,教育/培训/科研",均未参加过,硕士及以上,磁吸不可拆分保护套,"防摔防磕/保护性强,触控笔收纳和拿取方便,耐用不易坏,支架稳定/角度好用,材质手感好,外观好看/有设计感,轻薄便携,价格合适/性价比高,与平板搭配协调,品牌可信/品质稳定","防摔防磕/保护性强,耐用不易坏,支架稳定/角度好用,材质手感好,与平板搭配协调,外观好看/有设计感,触控笔收纳和拿取方便,轻薄便携,品牌可信/品质稳定,价格合适/性价比高",200元及以上,可能会,我已认真阅读,购买意愿: [肯定会购买],吸引力: [非常吸引],"可旋转使用,磁吸拆分方便,支撑看剧/学习/办公,价格合适,外观看起来简洁,品牌/品质感较好",我已认真阅读,购买意愿: [肯定会购买],四角气囊防护外显: [非常吸引];侧面直取笔槽: [非常吸引];更丰富、更个性化的配色选择: [非常吸引],愿意多付21元及以上,肯定会购买,肯定会购买,肯定会购买,-,-,功能都提升了，多功能的，颜色还好看，看着有质感,我已认真阅读,购买意愿: [说不清],光栅纹理背板的视觉效果: [一般];微磨砂质感: [比较吸引];相比普通光面背板更不易沾指纹: [比较吸引];整体看起来更特别/更有设计感: [一般],即使同价也更倾向升级光面款,可能会购买,可能会购买,可能会购买,-,-,看着还是挺漂亮的,12.97s,升级光面款,简单优雅大方,有时会,女,25-30岁,企业职员,三线,偏低,"单身,育婴期",广东省,惠州市
361,是,88906613,726476,1024659,"奶茶/咖啡,T恤/裙子,薯片/膨化食品,洗面奶/洁面乳,智能手表/手环,手机壳,室内绿植/花卉,桌面收纳,运动鞋,无线蓝牙耳机,贴片面膜,抽纸/卷纸,手机贴膜,洗衣液/洗衣凝珠,鼠标/机械键盘,平板电脑保护套/壳",近12个月内,50–79元,完全由我自己决定购买哪个品牌和产品,Apple（苹果）,教育/培训/科研,均未参加过,硕士及以上,"透明/半透明保护壳,旋转可拆分磁吸保护套","防摔防磕/保护性强,支架稳定/角度好用,外观好看/有设计感","外观好看/有设计感,防摔防磕/保护性强,支架稳定/角度好用",100-119元,可能会,我已认真阅读,购买意愿: [可能会购买],吸引力: [比较吸引],"磁吸拆分方便,支撑看剧/学习/办公,保护性较好",我已认真阅读,购买意愿: [肯定会购买],四角气囊防护外显: [非常吸引];侧面直取笔槽: [非常吸引];更丰富、更个性化的配色选择: [非常吸引],愿意多付16-20元,可能会购买,说不清,-,-,-,都是切实需要的功能，防摔、拿笔方便，还有最重要的颜值,我已认真阅读,购买意愿: [可能不会购买],光栅纹理背板的视觉效果: [不太吸引];微磨砂质感: [比较吸引];相比普通光面背板更不易沾指纹: [一般];整体看起来更特别/更有设计感: [不太吸引],即使同价也更倾向升级光面款,肯定不会购买,-,-,肯定不会购买,肯定不会购买,不喜欢光栅设计，觉得不好看，不如光面高级,23.23s,升级光面款,各方面功能都考虑到了，拿笔方便、防摔气囊，最重要的光面颜值更佳,经常会,女,31-35岁,其他,三线,偏低,"已婚,育婴期,已育,装修期",安徽省,芜湖市
362,是,88906620,726476,1024659,"智能手表/手环,薯片/膨化食品,贴片面膜,手机壳,充电宝/移动电源,洗衣液/洗衣凝珠,T恤/裙子,平板电脑,抽纸/卷纸,桌面收纳,手机贴膜,洗面奶/洁面乳,手机充电线/数据线,运动鞋,奶茶/咖啡,鼠标/机械键盘,无线蓝牙耳机,室内绿植/花卉,平板电脑保护套/壳",近12个月内,80–99元,完全由我自己决定购买哪个品牌和产品,Apple（苹果）,以上均无,均未参加过,本科,普通翻盖保护套,"材质手感好,支架稳定/角度好用,外观好看/有设计感,耐用不易坏,与平板搭配协调,价格合适/性价比高,防摔防磕/保护性强,轻薄便携","价格合适/性价比高,防摔防磕/保护性强,材质手感好,外观好看/有设计感,与平板搭配协调,耐用不易坏,支架稳定/角度好用,轻薄便携",50-79元,可能会,我已认真阅读,购买意愿: [可能会购买],吸引力: [一般],"可旋转使用,支撑看剧/学习/办公",我已认真阅读,购买意愿: [可能会购买],四角气囊防护外显: [比较吸引];侧面直取笔槽: [一般];更丰富、更个性化的配色选择: [比较吸引],愿意多付5元以内,说不清,-,-,可能会购买,-,不是必要条件，不愿意为非实用性的升级买单,我已认真阅读,购买意愿: [可能会购买],微磨砂质感: [比较吸引];光栅纹理背板的视觉效果: [一般];相比普通光面背板更不易沾指纹: [一般];整体看起来更特别/更有设计感: [一般],愿意多付6-10元,说不清,-,-,可能会购买,-,磨砂质感可能比较防滑,17.52s,两款都可以，没有明显偏好,光面款更干净，光栅款更实用,有时会,女,18-24岁,企业职员,五线,高,"已婚,已育",内蒙古自治区,赤峰市
363,是,88906676,726476,1024659,"洗衣液/洗衣凝珠,T恤/裙子,手机充电线/数据线,平板电脑保护套/壳,手机壳,贴片面膜,抽纸/卷纸,奶茶/咖啡,平板电脑,手机贴膜,洗面奶/洁面乳,充电宝/移动电源",近12个月内,120–149元,完全由我自己决定购买哪个品牌和产品,Apple（苹果）,以上均无,均未参加过,本科,"旋转可拆分磁吸保护套,键盘保护套,带笔槽保护套","防摔防磕/保护性强,触控笔收纳和拿取方便,耐用不易坏,材质手感好,支架稳定/角度好用,轻薄便携,价格合适/性价比高","轻薄便携,材质手感好,价格合适/性价比高,防摔防磕/保护性强,耐用不易坏,支架稳定/角度好用,触控笔收纳和拿取方便",120-149元,可能会,我已认真阅读,购买意愿: [可能会购买],吸引力: [非常吸引],"保护性较好,磁吸拆分方便,支撑看剧/学习/办公",我已认真阅读,购买意愿: [可能会购买],四角气囊防护外显: [非常吸引];侧面直取笔槽: [比较吸引];更丰富、更个性化的配色选择: [比较吸引],愿意多付11-15元,可能会购买,说不清,-,-,-,感觉有点贵,我已认真阅读,购买意愿: [肯定会购买],光栅纹理背板的视觉效果: [比较吸引];微磨砂质感: [非常吸引];相比普通光面背板更不易沾指纹: [非常吸引];整体看起来更特别/更有设计感: [比较吸引],愿意多付21元及以上,可能会购买,可能会购买,说不清,-,-,感觉有点贵了,6.11s,光栅款,不易粘上指纹,经常会,女,31-35岁,企业职员,二线,中等,准备结婚期,江苏省,苏州市
364,是,88906696,726476,1024659,"手机壳,平板电脑保护套/壳,平板电脑,手机充电线/数据线,手机贴膜",近12个月内,120–149元,完全由我自己决定购买哪个品牌和产品,Apple（苹果）,以上均无,均未参加过,本科,"磁吸不可拆分保护套,带笔槽保护套,旋转可拆分磁吸保护套","支架稳定/角度好用,外观好看/有设计感,与平板搭配协调,触控笔收纳和拿取方便,防摔防磕/保护性强,材质手感好,不易沾指纹/不易显脏","支架稳定/角度好用,与平板搭配协调,防摔防磕/保护性强,材质手感好,触控笔收纳和拿取方便,外观好看/有设计感,不易沾指纹/不易显脏",100-119元,可能会,我已认真阅读,购买意愿: [肯定会购买],吸引力: [非常吸引],"可旋转使用,磁吸拆分方便,支撑看剧/学习/办公,外观看起来简洁,保护性较好,品牌/品质感较好",我已认真阅读,购买意愿: [肯定会购买],四角气囊防护外显: [非常吸引];侧面直取笔槽: [非常吸引];更丰富、更个性化的配色选择: [非常吸引],愿意多付16-20元,肯定会购买,肯定会购买,可能不会购买,-,-,笔槽拿取便利，防护性强，配色美观，好搭配，日常使用起来舒适便捷,我已认真阅读,购买意愿: [肯定会购买],光栅纹理背板的视觉效果: [非常吸引];微磨砂质感: [非常吸引];相比普通光面背板更不易沾指纹: [非常吸引];整体看起来更特别/更有设计感: [非常吸引],即使同价也更倾向升级光面款,肯定会购买,肯定会购买,可能不会购买,-,-,外观美观，防指纹，颜色耐看，好搭配，性价比高,46.01s,两款都可以，没有明显偏好,都在原有平板保护基础上升级了四角防护，笔槽拿取方便，配色，美观,经常会,女,25-30岁,企业职员,六线,低,"已婚,已育,已有车",广西壮族自治区,来宾市
365,是,88906769,726476,1024659,"无线蓝牙耳机,智能手表/手环,手机充电线/数据线,平板电脑,平板电脑保护套/壳,贴片面膜,手机贴膜,手机壳,充电宝/移动电源,鼠标/机械键盘",近12个月内,120–149元,完全由我自己决定购买哪个品牌和产品,Apple（苹果）,以上均无,均未参加过,本科,普通翻盖保护套,"防摔防磕/保护性强,触控笔收纳和拿取方便,不易沾指纹/不易显脏,颜色选择丰富,外观好看/有设计感,材质手感好,轻薄便携,支架稳定/角度好用,与平板搭配协调","不易沾指纹/不易显脏,材质手感好,外观好看/有设计感,触控笔收纳和拿取方便,颜色选择丰富,防摔防磕/保护性强,轻薄便携,支架稳定/角度好用,与平板搭配协调",120-149元,肯定会,我已认真阅读,购买意愿: [肯定会购买],吸引力: [非常吸引],"可旋转使用,磁吸拆分方便,价格合适,外观看起来简洁,保护性较好",我已认真阅读,购买意愿: [肯定会购买],四角气囊防护外显: [非常吸引];侧面直取笔槽: [非常吸引];更丰富、更个性化的配色选择: [非常吸引],愿意多付16-20元,肯定会购买,肯定会购买,肯定会购买,-,-,使用感好,我已认真阅读,购买意愿: [肯定会购买],光栅纹理背板的视觉效果: [非常吸引];微磨砂质感: [非常吸引];相比普通光面背板更不易沾指纹: [非常吸引];整体看起来更特别/更有设计感: [非常吸引],愿意多付21元及以上,肯定会购买,肯定会购买,肯定会购买,-,-,折叠使用方便,9.45s,升级光面款,使用方便,经常会,女,25-30岁,企业职员,三线,偏高,未知,广东省,惠州市
366,是,88906778,726476,1024659,"手机贴膜,平板电脑保护套/壳,洗衣液/洗衣凝珠,洗面奶/洁面乳,智能手表/手环,手机充电线/数据线,运动鞋,手机壳,抽纸/卷纸,贴片面膜",近13-24个月内,50–79元,完全由我自己决定购买哪个品牌和产品,Apple（苹果）,以上均无,均未参加过,本科,"普通翻盖保护套,磁吸不可拆分保护套","防摔防磕/保护性强,支架稳定/角度好用,不易沾指纹/不易显脏,价格合适/性价比高,品牌可信/品质稳定,与平板搭配协调","防摔防磕/保护性强,品牌可信/品质稳定,不易沾指纹/不易显脏,价格合适/性价比高,支架稳定/角度好用,与平板搭配协调",80-99元,肯定会,我已认真阅读,购买意愿: [可能会购买],吸引力: [比较吸引],"磁吸拆分方便,可旋转使用,保护性较好,外观看起来简洁",我已认真阅读,购买意愿: [可能会购买],四角气囊防护外显: [非常吸引];侧面直取笔槽: [一般];更丰富、更个性化的配色选择: [比较吸引],愿意多付11-15元,肯定会购买,说不清,-,-,-,颜色相对来说比较好看，但是价格太高了性价比不高，因为卖的人多有很多选择性价比比较好,我已认真阅读,购买意愿: [肯定会购买],光栅纹理背板的视觉效果: [非常吸引];微磨砂质感: [非常吸引];相比普通光面背板更不易沾指纹: [非常吸引];整体看起来更特别/更有设计感: [比较吸引],愿意多付6-10元,可能会购买,说不清,-,-,-,标价129之间已经差不多了，背感设计的很好拿起来有手感 可以防滑设计,36.63s,光栅款,背感有防滑设计 颜色相对来说比较好看,经常会,男,25-30岁,其他,三线,偏低,"已婚,已有车",广东省,惠州市
367,是,88906798,726476,1024659,"洗面奶/洁面乳,手机充电线/数据线,贴片面膜,充电宝/移动电源,平板电脑保护套/壳",近12个月内,80–99元,完全由我自己决定购买哪个品牌和产品,Apple（苹果）,医疗/健康/生物制药,均未参加过,本科,普通翻盖保护套,"颜色选择丰富,与平板搭配协调","与平板搭配协调,颜色选择丰富",80-99元,可能会,我已认真阅读,购买意愿: [可能会购买],吸引力: [比较吸引],"可旋转使用,保护性较好",我已认真阅读,购买意愿: [肯定会购买],四角气囊防护外显: [非常吸引];侧面直取笔槽: [非常吸引];更丰富、更个性化的配色选择: [非常吸引],愿意多付6-10元,肯定会购买,可能不会购买,-,-,-,笔槽很便利，配色很重要,我已认真阅读,购买意愿: [可能会购买],光栅纹理背板的视觉效果: [比较吸引];微磨砂质感: [比较吸引];相比普通光面背板更不易沾指纹: [非常吸引];整体看起来更特别/更有设计感: [非常吸引],愿意多付5元以内,可能会购买,肯定不会购买,-,-,-,性价比太低了,11.04s,升级光面款,选性价比比较高的吧,经常会,女,31-35岁,专业人士,三线,低,"已婚,育婴期,已育,已有房,已有车",山东省,威海市
368,是,88906802,726476,1024659,"智能手表/手环,手机贴膜,抽纸/卷纸,无线蓝牙耳机,奶茶/咖啡,洗衣液/洗衣凝珠,薯片/膨化食品,桌面收纳,洗面奶/洁面乳,贴片面膜,手机充电线/数据线,手机壳,充电宝/移动电源,平板电脑保护套/壳,平板电脑,鼠标/机械键盘,T恤/裙子,运动鞋,室内绿植/花卉",近12个月内,200元及以上,完全由我自己决定购买哪个品牌和产品,Apple（苹果）,以上均无,均未参加过,本科,旋转可拆分磁吸保护套,"防摔防磕/保护性强,支架稳定/角度好用,触控笔收纳和拿取方便,材质手感好,不易沾指纹/不易显脏,外观好看/有设计感,颜色选择丰富,轻薄便携,品牌可信/品质稳定,耐用不易坏,与平板搭配协调","支架稳定/角度好用,耐用不易坏,轻薄便携,与平板搭配协调,防摔防磕/保护性强,不易沾指纹/不易显脏,品牌可信/品质稳定,触控笔收纳和拿取方便,材质手感好,外观好看/有设计感,颜色选择丰富",200元及以上,肯定会,我已认真阅读,购买意愿: [肯定会购买],吸引力: [非常吸引],"可旋转使用,磁吸拆分方便,支撑看剧/学习/办公,外观看起来简洁,保护性较好,品牌/品质感较好",我已认真阅读,购买意愿: [肯定会购买],四角气囊防护外显: [非常吸引];侧面直取笔槽: [非常吸引];更丰富、更个性化的配色选择: [非常吸引],愿意多付21元及以上,肯定会购买,肯定会购买,肯定会购买,-,-,这个产品的设计与功能打动了我吸引了我,我已认真阅读,购买意愿: [肯定会购买],光栅纹理背板的视觉效果: [非常吸引];微磨砂质感: [非常吸引];相比普通光面背板更不易沾指纹: [非常吸引];整体看起来更特别/更有设计感: [非常吸引],即使同价也更倾向升级光面款,肯定会购买,肯定会购买,肯定会购买,-,-,这个产品的实用性打动了我吸引了我,27.24s,升级光面款,这个产品的实用性设计打动了我吸引了我,经常会,女,25-30岁,企业职员,三线,低,"已婚,已育,已有房,已有车,孝敬期",山西省,太原市
369,是,88906832,726476,1024659,"奶茶/咖啡,手机充电线/数据线,抽纸/卷纸,鼠标/机械键盘,贴片面膜,洗衣液/洗衣凝珠,T恤/裙子,薯片/膨化食品,手机壳,室内绿植/花卉,平板电脑保护套/壳,运动鞋,无线蓝牙耳机,洗面奶/洁面乳",近12个月内,100–119元,完全由我自己决定购买哪个品牌和产品,Apple（苹果）,以上均无,均未参加过,本科,旋转可拆分磁吸保护套,"防摔防磕/保护性强,材质手感好,颜色选择丰富,品牌可信/品质稳定,耐用不易坏,价格合适/性价比高,轻薄便携,支架稳定/角度好用","防摔防磕/保护性强,支架稳定/角度好用,轻薄便携,耐用不易坏,材质手感好,品牌可信/品质稳定,价格合适/性价比高,颜色选择丰富",100-119元,肯定会,我已认真阅读,购买意愿: [肯定会购买],吸引力: [比较吸引],"可旋转使用,磁吸拆分方便,保护性较好",我已认真阅读,购买意愿: [可能会购买],四角气囊防护外显: [比较吸引];侧面直取笔槽: [一般];更丰富、更个性化的配色选择: [一般],愿意多付5元以内,肯定会购买,可能会购买,可能不会购买,-,-,如果是日常比较关注的，就会愿意多付点钱。如果觉得对我的使用没有任何影响的就不愿意。,我已认真阅读,购买意愿: [可能不会购买],光栅纹理背板的视觉效果: [不太吸引];微磨砂质感: [一般];相比普通光面背板更不易沾指纹: [一般];整体看起来更特别/更有设计感: [不太吸引],不愿意多付钱,说不清,-,-,可能会购买,-,感觉没有什么必要。,6.15s,升级光面款,性价比更高，基本上能够满足我的需求。,有时会,女,31-35岁,企业职员,一线,偏低,"已婚,育婴期,已育,已有房,已有车",广东省,广州市
370,是,88906838,726476,1024659,"贴片面膜,平板电脑,平板电脑保护套/壳,薯片/膨化食品,手机壳,桌面收纳",近12个月内,120–149元,完全由我自己决定购买哪个品牌和产品,Apple（苹果）,以上均无,均未参加过,本科,"旋转可拆分磁吸保护套,带笔槽保护套,磁吸不可拆分保护套","支架稳定/角度好用,材质手感好,不易沾指纹/不易显脏,颜色选择丰富,与平板搭配协调,轻薄便携,外观好看/有设计感,防摔防磕/保护性强,触控笔收纳和拿取方便,耐用不易坏,价格合适/性价比高,品牌可信/品质稳定","支架稳定/角度好用,不易沾指纹/不易显脏,材质手感好,防摔防磕/保护性强,轻薄便携,触控笔收纳和拿取方便,与平板搭配协调,价格合适/性价比高,颜色选择丰富,外观好看/有设计感,品牌可信/品质稳定,耐用不易坏",120-149元,肯定会,我已认真阅读,购买意愿: [肯定会购买],吸引力: [非常吸引],"磁吸拆分方便,保护性较好,可旋转使用,品牌/品质感较好",我已认真阅读,购买意愿: [肯定会购买],四角气囊防护外显: [非常吸引];侧面直取笔槽: [非常吸引];更丰富、更个性化的配色选择: [非常吸引],愿意多付16-20元,肯定会购买,肯定会购买,肯定会购买,-,-,四角有防护气囊，可以旋转放置手机电脑颜色比较简约，看着质感也比较好,我已认真阅读,购买意愿: [肯定会购买],光栅纹理背板的视觉效果: [非常吸引];微磨砂质感: [非常吸引];相比普通光面背板更不易沾指纹: [非常吸引];整体看起来更特别/更有设计感: [非常吸引],愿意多付16-20元,肯定会购买,肯定会购买,肯定会购买,-,-,光栅背板防指纹、不打滑，质感比较好，而且颜色配色非常好看,18.44s,两款都可以，没有明显偏好,两款都是差不多的形状，都可以旋转立放，而且都不留指纹，四角都有防护气囊、防撞,经常会,女,31-35岁,企业职员,二线,偏高,已婚,安徽省,合肥市
371,是,88906861,726476,1024659,"智能手表/手环,贴片面膜,T恤/裙子,平板电脑保护套/壳,平板电脑,薯片/膨化食品,奶茶/咖啡,抽纸/卷纸,桌面收纳,洗面奶/洁面乳,洗衣液/洗衣凝珠,充电宝/移动电源,运动鞋",近12个月内,120–149元,完全由我自己决定购买哪个品牌和产品,Apple（苹果）,以上均无,均未参加过,本科,"带笔槽保护套,透明/半透明保护壳,普通翻盖保护套","防摔防磕/保护性强,颜色选择丰富,品牌可信/品质稳定,外观好看/有设计感,材质手感好,支架稳定/角度好用,价格合适/性价比高,与平板搭配协调","防摔防磕/保护性强,价格合适/性价比高,品牌可信/品质稳定,支架稳定/角度好用,颜色选择丰富,外观好看/有设计感,材质手感好,与平板搭配协调",80-99元,可能会,我已认真阅读,购买意愿: [可能会购买],吸引力: [一般],"支撑看剧/学习/办公,保护性较好,外观看起来简洁",我已认真阅读,购买意愿: [说不清],四角气囊防护外显: [比较吸引];侧面直取笔槽: [一般];更丰富、更个性化的配色选择: [不太吸引],愿意多付5元以内,可能不会购买,-,-,可能不会购买,说不清,感觉这个配色很土 不时尚 外观看起来很冗杂 不简约,我已认真阅读,购买意愿: [说不清],光栅纹理背板的视觉效果: [完全不吸引];微磨砂质感: [比较吸引];相比普通光面背板更不易沾指纹: [比较吸引];整体看起来更特别/更有设计感: [不太吸引],即使同价也更倾向升级光面款,可能不会购买,-,-,可能不会购买,可能不会购买,感觉整个设计、外观很土 不时尚,18.44s,升级光面款,比较时尚简约 而且性能也足够日常使用,经常会,女,25-30岁,专业人士,一线,偏高,"准备结婚期,育婴期,已育",广东省,广州市
372,是,88906871,726476,1024659,"平板电脑保护套/壳,手机充电线/数据线,洗面奶/洁面乳,充电宝/移动电源,薯片/膨化食品,平板电脑,桌面收纳,奶茶/咖啡,智能手表/手环,室内绿植/花卉",近12个月内,120–149元,主要由我自己决定，偶尔参考他人意见,Apple（苹果）,以上均无,均未参加过,本科,"普通翻盖保护套,键盘保护套,旋转可拆分磁吸保护套","防摔防磕/保护性强,外观好看/有设计感,与平板搭配协调,颜色选择丰富,品牌可信/品质稳定,支架稳定/角度好用,材质手感好","防摔防磕/保护性强,材质手感好,与平板搭配协调,品牌可信/品质稳定,支架稳定/角度好用,外观好看/有设计感,颜色选择丰富",100-119元,肯定会,我已认真阅读,购买意愿: [肯定会购买],吸引力: [比较吸引],"外观看起来简洁,保护性较好",我已认真阅读,购买意愿: [肯定会购买],四角气囊防护外显: [比较吸引];侧面直取笔槽: [一般];更丰富、更个性化的配色选择: [比较吸引],愿意多付6-10元,可能会购买,说不清,-,-,-,便利 配色多 防护性较好,我已认真阅读,购买意愿: [可能会购买],光栅纹理背板的视觉效果: [比较吸引];微磨砂质感: [一般];相比普通光面背板更不易沾指纹: [比较吸引];整体看起来更特别/更有设计感: [比较吸引],愿意多付6-10元,可能会购买,说不清,-,-,-,防指纹 比较耐用,21.21s,两款都可以，没有明显偏好,价格 材质 防护,有时会,男,18-24岁,学生,四线,偏高,"已婚,已育,已有房,已有车",江苏省,宿迁市
373,是,88906878,726476,1024659,"运动鞋,T恤/裙子,桌面收纳,平板电脑保护套/壳,抽纸/卷纸,洗面奶/洁面乳,手机贴膜,薯片/膨化食品,洗衣液/洗衣凝珠,贴片面膜,手机壳,鼠标/机械键盘,充电宝/移动电源,智能手表/手环,奶茶/咖啡,无线蓝牙耳机,手机充电线/数据线,平板电脑",近12个月内,150–199元,主要由我自己决定，偶尔参考他人意见,Apple（苹果）,以上均无,均未参加过,本科,旋转可拆分磁吸保护套,"防摔防磕/保护性强,触控笔收纳和拿取方便,不易沾指纹/不易显脏,外观好看/有设计感,支架稳定/角度好用,材质手感好,价格合适/性价比高,耐用不易坏,轻薄便携,品牌可信/品质稳定","防摔防磕/保护性强,价格合适/性价比高,不易沾指纹/不易显脏,触控笔收纳和拿取方便,轻薄便携,材质手感好,耐用不易坏,外观好看/有设计感,品牌可信/品质稳定,支架稳定/角度好用",120-149元,可能会,我已认真阅读,购买意愿: [肯定会购买],吸引力: [非常吸引],"磁吸拆分方便,价格合适,可旋转使用,品牌/品质感较好",我已认真阅读,购买意愿: [肯定会购买],四角气囊防护外显: [比较吸引];侧面直取笔槽: [非常吸引];更丰富、更个性化的配色选择: [非常吸引],愿意多付11-15元,可能会购买,说不清,-,-,-,喜欢更好看的外观,我已认真阅读,购买意愿: [可能会购买],光栅纹理背板的视觉效果: [非常吸引];微磨砂质感: [比较吸引];相比普通光面背板更不易沾指纹: [非常吸引];整体看起来更特别/更有设计感: [比较吸引],愿意多付11-15元,可能会购买,可能不会购买,-,-,-,不值得更多的,5.97s,光栅款,更好看,有时会,女,31-35岁,企业职员,二线,高,"已婚,育婴期,已育,已有房",辽宁省,大连市
374,是,88906879,726476,1024659,"奶茶/咖啡,洗衣液/洗衣凝珠,智能手表/手环,手机充电线/数据线,桌面收纳,无线蓝牙耳机,平板电脑保护套/壳,贴片面膜,手机贴膜,室内绿植/花卉,手机壳,鼠标/机械键盘,抽纸/卷纸,运动鞋,洗面奶/洁面乳,薯片/膨化食品,T恤/裙子,充电宝/移动电源,平板电脑",近12个月内,120–149元,完全由我自己决定购买哪个品牌和产品,Apple（苹果）,以上均无,均未参加过,本科,"磁吸不可拆分保护套,键盘保护套,普通翻盖保护套","防摔防磕/保护性强,触控笔收纳和拿取方便,支架稳定/角度好用,材质手感好,不易沾指纹/不易显脏,轻薄便携,品牌可信/品质稳定,耐用不易坏,与平板搭配协调,外观好看/有设计感","防摔防磕/保护性强,耐用不易坏,与平板搭配协调,品牌可信/品质稳定,材质手感好,支架稳定/角度好用,不易沾指纹/不易显脏,触控笔收纳和拿取方便,轻薄便携,外观好看/有设计感",120-149元,肯定会,我已认真阅读,购买意愿: [肯定会购买],吸引力: [非常吸引],"可旋转使用,磁吸拆分方便,支撑看剧/学习/办公,外观看起来简洁,保护性较好,品牌/品质感较好,价格合适",我已认真阅读,购买意愿: [肯定会购买],四角气囊防护外显: [非常吸引];侧面直取笔槽: [非常吸引];更丰富、更个性化的配色选择: [非常吸引],愿意多付16-20元,肯定会购买,肯定会购买,可能会购买,-,-,性能更好了更值得,我已认真阅读,购买意愿: [肯定会购买],光栅纹理背板的视觉效果: [非常吸引];微磨砂质感: [非常吸引];相比普通光面背板更不易沾指纹: [非常吸引];整体看起来更特别/更有设计感: [非常吸引],愿意多付16-20元,肯定会购买,可能会购买,可能会购买,-,-,性能更好了,11.05s,光栅款,更不容易有指纹,经常会,女,31-35岁,企业职员,二线,中等,"已婚,育婴期,已育,已有房,已有车",江苏省,南通市
375,是,88907189,726476,1024659,"充电宝/移动电源,贴片面膜,平板电脑,洗衣液/洗衣凝珠,薯片/膨化食品,无线蓝牙耳机,鼠标/机械键盘,T恤/裙子,洗面奶/洁面乳,手机贴膜,运动鞋,手机壳,桌面收纳,手机充电线/数据线,智能手表/手环,奶茶/咖啡,平板电脑保护套/壳,室内绿植/花卉",近12个月内,150–199元,完全由我自己决定购买哪个品牌和产品,Apple（苹果）,以上均无,均未参加过,本科,"旋转可拆分磁吸保护套,键盘保护套","防摔防磕/保护性强,品牌可信/品质稳定,外观好看/有设计感,材质手感好,支架稳定/角度好用,轻薄便携","轻薄便携,支架稳定/角度好用,材质手感好,品牌可信/品质稳定,防摔防磕/保护性强,外观好看/有设计感",150-199元,可能会,我已认真阅读,购买意愿: [可能会购买],吸引力: [比较吸引],"磁吸拆分方便,支撑看剧/学习/办公,品牌/品质感较好,可旋转使用",我已认真阅读,购买意愿: [肯定会购买],四角气囊防护外显: [非常吸引];侧面直取笔槽: [非常吸引];更丰富、更个性化的配色选择: [非常吸引],愿意多付16-20元,可能会购买,可能会购买,可能会购买,-,-,外观好,我已认真阅读,购买意愿: [可能会购买],光栅纹理背板的视觉效果: [比较吸引];微磨砂质感: [比较吸引];相比普通光面背板更不易沾指纹: [比较吸引];整体看起来更特别/更有设计感: [比较吸引],愿意多付11-15元,可能会购买,可能会购买,说不清,-,-,贵了,12.49s,升级光面款,新款,经常会,女,31-35岁,企业职员,一线,低,未知,上海,上海市
376,是,88907240,726476,1024659,"手机充电线/数据线,充电宝/移动电源,薯片/膨化食品,T恤/裙子,运动鞋,抽纸/卷纸,平板电脑保护套/壳,贴片面膜,洗衣液/洗衣凝珠,手机壳,洗面奶/洁面乳,无线蓝牙耳机",近13-24个月内,80–99元,完全由我自己决定购买哪个品牌和产品,Apple（苹果）,以上均无,均未参加过,本科,普通翻盖保护套,"支架稳定/角度好用,触控笔收纳和拿取方便,材质手感好,外观好看/有设计感,颜色选择丰富,耐用不易坏,与平板搭配协调","与平板搭配协调,材质手感好,触控笔收纳和拿取方便,外观好看/有设计感,支架稳定/角度好用,颜色选择丰富,耐用不易坏",100-119元,肯定会,我已认真阅读,购买意愿: [肯定会购买],吸引力: [比较吸引],"可旋转使用,磁吸拆分方便,支撑看剧/学习/办公",我已认真阅读,购买意愿: [肯定会购买],侧面直取笔槽: [比较吸引];四角气囊防护外显: [比较吸引];更丰富、更个性化的配色选择: [非常吸引],愿意多付11-15元,肯定会购买,可能会购买,可能会购买,-,-,便携，功能性多样，,我已认真阅读,购买意愿: [可能会购买],光栅纹理背板的视觉效果: [非常吸引];微磨砂质感: [比较吸引];相比普通光面背板更不易沾指纹: [非常吸引];整体看起来更特别/更有设计感: [非常吸引],愿意多付21元及以上,肯定会购买,可能会购买,可能会购买,-,-,功能性很吸引购买意愿,25.34s,两款都可以，没有明显偏好,材质，设计功能性多样，比较喜欢,经常会,女,31-35岁,自由职业/个体经营,六线,中等,"已婚,育婴期,已育,已有车",安徽省,阜阳市
377,是,88907243,726476,1024659,"运动鞋,奶茶/咖啡,洗衣液/洗衣凝珠,平板电脑保护套/壳,抽纸/卷纸,手机壳,智能手表/手环,手机贴膜,充电宝/移动电源,手机充电线/数据线,鼠标/机械键盘,T恤/裙子,薯片/膨化食品,洗面奶/洁面乳,桌面收纳,贴片面膜,无线蓝牙耳机,平板电脑",近12个月内,50–79元,完全由我自己决定购买哪个品牌和产品,Apple（苹果）,以上均无,美妆/个人护理类,本科,"普通翻盖保护套,带笔槽保护套,透明/半透明保护壳","防摔防磕/保护性强,触控笔收纳和拿取方便,不易沾指纹/不易显脏,品牌可信/品质稳定","防摔防磕/保护性强,触控笔收纳和拿取方便,品牌可信/品质稳定,不易沾指纹/不易显脏",100-119元,肯定会,我已认真阅读,购买意愿: [肯定会购买],吸引力: [非常吸引],"可旋转使用,磁吸拆分方便,支撑看剧/学习/办公,价格合适,外观看起来简洁,保护性较好,品牌/品质感较好",我已认真阅读,购买意愿: [肯定会购买],四角气囊防护外显: [非常吸引];侧面直取笔槽: [非常吸引];更丰富、更个性化的配色选择: [比较吸引],愿意多付21元及以上,肯定会购买,肯定会购买,可能会购买,-,-,防护好 更方便,我已认真阅读,购买意愿: [肯定会购买],光栅纹理背板的视觉效果: [非常吸引];微磨砂质感: [非常吸引];相比普通光面背板更不易沾指纹: [非常吸引];整体看起来更特别/更有设计感: [非常吸引],愿意多付21元及以上,肯定会购买,肯定会购买,肯定会购买,-,-,外观设计好,10.52s,升级光面款,更好看,经常会,女,25-30岁,其他,五线,中等,已婚,湖北省,随州市
378,是,88907245,726476,1024659,"桌面收纳,运动鞋,手机贴膜,洗面奶/洁面乳,平板电脑保护套/壳,抽纸/卷纸,薯片/膨化食品,无线蓝牙耳机,充电宝/移动电源,贴片面膜,T恤/裙子,奶茶/咖啡,手机壳,洗衣液/洗衣凝珠,手机充电线/数据线,鼠标/机械键盘",近12个月内,50–79元,主要由我自己决定，偶尔参考他人意见,Apple（苹果）,以上均无,美妆/个人护理类,本科,普通翻盖保护套,"防摔防磕/保护性强,轻薄便携,价格合适/性价比高,与平板搭配协调,耐用不易坏","防摔防磕/保护性强,与平板搭配协调,耐用不易坏,价格合适/性价比高,轻薄便携",80-99元,可能会,我已认真阅读,购买意愿: [可能会购买],吸引力: [比较吸引],可旋转使用,我已认真阅读,购买意愿: [可能会购买],四角气囊防护外显: [一般];侧面直取笔槽: [比较吸引];更丰富、更个性化的配色选择: [比较吸引],愿意多付5元以内,说不清,-,-,可能会购买,-,不需要笔槽,我已认真阅读,购买意愿: [可能会购买],光栅纹理背板的视觉效果: [一般];微磨砂质感: [比较吸引];相比普通光面背板更不易沾指纹: [非常吸引];整体看起来更特别/更有设计感: [比较吸引],愿意多付6-10元,可能会购买,可能会购买,说不清,-,-,可防指纹,19.77s,光栅款,防指纹,有时会,女,41岁及以上,企业职员,三线,偏低,未知,山东省,潍坊市
379,是,88907263,726476,1024659,"奶茶/咖啡,洗衣液/洗衣凝珠,洗面奶/洁面乳,手机充电线/数据线,无线蓝牙耳机,充电宝/移动电源,贴片面膜,平板电脑保护套/壳,桌面收纳,室内绿植/花卉,鼠标/机械键盘,手机贴膜,T恤/裙子,智能手表/手环,抽纸/卷纸,手机壳,运动鞋,平板电脑,薯片/膨化食品",近12个月内,80–99元,完全由我自己决定购买哪个品牌和产品,Apple（苹果）,以上均无,均未参加过,本科,"普通翻盖保护套,透明/半透明保护壳","触控笔收纳和拿取方便,与平板搭配协调,支架稳定/角度好用,轻薄便携","轻薄便携,与平板搭配协调,支架稳定/角度好用,触控笔收纳和拿取方便",80-99元,肯定会,我已认真阅读,购买意愿: [肯定会购买],吸引力: [非常吸引],"磁吸拆分方便,可旋转使用,支撑看剧/学习/办公,外观看起来简洁,价格合适,保护性较好,品牌/品质感较好",我已认真阅读,购买意愿: [肯定会购买],四角气囊防护外显: [非常吸引];侧面直取笔槽: [非常吸引];更丰富、更个性化的配色选择: [比较吸引],愿意多付11-15元,肯定会购买,可能会购买,可能会购买,-,-,可能价格有点贵,我已认真阅读,购买意愿: [肯定会购买],光栅纹理背板的视觉效果: [非常吸引];微磨砂质感: [非常吸引];相比普通光面背板更不易沾指纹: [非常吸引];整体看起来更特别/更有设计感: [非常吸引],愿意多付11-15元,肯定会购买,肯定会购买,可能会购买,-,-,价格超出预期,6.98s,升级光面款,功能好，触感更好,有时会,女,31-35岁,企业职员,二线,偏低,"已婚,已有房,已有车",浙江省,杭州市
380,是,88907264,726476,1024659,"桌面收纳,手机壳,手机贴膜,手机充电线/数据线,无线蓝牙耳机,奶茶/咖啡,室内绿植/花卉,充电宝/移动电源,智能手表/手环,洗衣液/洗衣凝珠,运动鞋,T恤/裙子,平板电脑,贴片面膜,平板电脑保护套/壳,鼠标/机械键盘,薯片/膨化食品,抽纸/卷纸,洗面奶/洁面乳",近12个月内,80–99元,完全由我自己决定购买哪个品牌和产品,Apple（苹果）,以上均无,均未参加过,本科,"普通翻盖保护套,透明/半透明保护壳","触控笔收纳和拿取方便,耐用不易坏,颜色选择丰富,不易沾指纹/不易显脏","耐用不易坏,不易沾指纹/不易显脏,触控笔收纳和拿取方便,颜色选择丰富",80-99元,肯定会,我已认真阅读,购买意愿: [肯定会购买],吸引力: [非常吸引],"可旋转使用,磁吸拆分方便,支撑看剧/学习/办公,价格合适,外观看起来简洁,保护性较好,品牌/品质感较好",我已认真阅读,购买意愿: [肯定会购买],四角气囊防护外显: [非常吸引];侧面直取笔槽: [非常吸引];更丰富、更个性化的配色选择: [比较吸引],愿意多付11-15元,肯定会购买,可能会购买,可能会购买,-,-,价格贵了点,我已认真阅读,购买意愿: [肯定会购买],光栅纹理背板的视觉效果: [非常吸引];微磨砂质感: [非常吸引];相比普通光面背板更不易沾指纹: [非常吸引];整体看起来更特别/更有设计感: [非常吸引],愿意多付16-20元,肯定会购买,肯定会购买,可能会购买,-,-,价格超过预期,14.03s,升级光面款,触感好,有时会,女,31-35岁,企业职员,二线,低,未知,浙江省,杭州市
381,是,88907270,726476,1024659,"桌面收纳,平板电脑保护套/壳,充电宝/移动电源,贴片面膜,薯片/膨化食品,无线蓝牙耳机,室内绿植/花卉",近13-24个月内,200元及以上,完全由我自己决定购买哪个品牌和产品,Apple（苹果）,以上均无,食品/饮料/餐饮类,硕士及以上,带笔槽保护套,"触控笔收纳和拿取方便,防摔防磕/保护性强,轻薄便携,价格合适/性价比高,耐用不易坏,支架稳定/角度好用","支架稳定/角度好用,耐用不易坏,触控笔收纳和拿取方便,轻薄便携,防摔防磕/保护性强,价格合适/性价比高",200元及以上,肯定会,我已认真阅读,购买意愿: [可能会购买],吸引力: [非常吸引],"磁吸拆分方便,可旋转使用,外观看起来简洁,保护性较好",我已认真阅读,购买意愿: [可能会购买],四角气囊防护外显: [非常吸引];侧面直取笔槽: [非常吸引];更丰富、更个性化的配色选择: [非常吸引],愿意多付21元及以上,肯定会购买,肯定会购买,可能会购买,-,-,希望有其他颜色可供选择,我已认真阅读,购买意愿: [可能会购买],光栅纹理背板的视觉效果: [一般];微磨砂质感: [非常吸引];相比普通光面背板更不易沾指纹: [非常吸引];整体看起来更特别/更有设计感: [一般],愿意多付11-15元,肯定会购买,可能会购买,可能会购买,-,-,不太喜欢这种设计，感觉容易卡灰,27.44s,升级光面款,光面看起来更亮，摸起来更舒服,经常会,女,25-30岁,企业职员,三线,低,未知,江苏省,盐城市
382,是,88907275,726476,1024659,"手机贴膜,智能手表/手环,平板电脑保护套/壳,手机壳,平板电脑,手机充电线/数据线,抽纸/卷纸,桌面收纳,充电宝/移动电源,薯片/膨化食品,T恤/裙子,无线蓝牙耳机,运动鞋,洗衣液/洗衣凝珠",近12个月内,150–199元,完全由我自己决定购买哪个品牌和产品,Apple（苹果）,以上均无,均未参加过,本科,"单壳（不带盖板）保护套,普通翻盖保护套,旋转可拆分磁吸保护套,透明/半透明保护壳","防摔防磕/保护性强,支架稳定/角度好用,材质手感好,触控笔收纳和拿取方便,不易沾指纹/不易显脏,外观好看/有设计感,轻薄便携,价格合适/性价比高,与平板搭配协调,耐用不易坏,品牌可信/品质稳定,颜色选择丰富","不易沾指纹/不易显脏,材质手感好,耐用不易坏,支架稳定/角度好用,外观好看/有设计感,防摔防磕/保护性强,品牌可信/品质稳定,轻薄便携,触控笔收纳和拿取方便,颜色选择丰富,价格合适/性价比高,与平板搭配协调",150-199元,肯定会,我已认真阅读,购买意愿: [可能会购买],吸引力: [比较吸引],"可旋转使用,磁吸拆分方便,支撑看剧/学习/办公,价格合适,保护性较好",我已认真阅读,购买意愿: [可能会购买],四角气囊防护外显: [非常吸引];侧面直取笔槽: [非常吸引];更丰富、更个性化的配色选择: [比较吸引],愿意多付16-20元,可能会购买,可能会购买,可能会购买,-,-,功能更完善颜色更丰富体验更好,我已认真阅读,购买意愿: [肯定会购买],光栅纹理背板的视觉效果: [非常吸引];微磨砂质感: [非常吸引];相比普通光面背板更不易沾指纹: [非常吸引];整体看起来更特别/更有设计感: [比较吸引],愿意多付16-20元,可能会购买,可能会购买,可能不会购买,-,-,价格太贵性价比低,16.59s,光栅款,有我需要的功能保护更好体验更好,有时会,女,31-35岁,企业职员,二线,偏低,"准备结婚期,育婴期,已育,已有车",湖北省,武汉市
383,是,88907276,726476,1024659,"手机壳,薯片/膨化食品,抽纸/卷纸,洗衣液/洗衣凝珠,运动鞋,T恤/裙子,奶茶/咖啡,洗面奶/洁面乳,平板电脑保护套/壳,手机贴膜,桌面收纳,室内绿植/花卉",近13-24个月内,80–99元,完全由我自己决定购买哪个品牌和产品,Apple（苹果）,以上均无,均未参加过,本科,普通翻盖保护套,"支架稳定/角度好用,外观好看/有设计感,与平板搭配协调","外观好看/有设计感,支架稳定/角度好用,与平板搭配协调",80-99元,可能会,我已认真阅读,购买意愿: [可能会购买],吸引力: [比较吸引],"可旋转使用,磁吸拆分方便",我已认真阅读,购买意愿: [可能会购买],四角气囊防护外显: [非常吸引];侧面直取笔槽: [一般];更丰富、更个性化的配色选择: [一般],愿意多付6-10元,可能会购买,可能不会购买,-,-,-,价格太高,我已认真阅读,购买意愿: [可能会购买],光栅纹理背板的视觉效果: [一般];微磨砂质感: [比较吸引];相比普通光面背板更不易沾指纹: [一般];整体看起来更特别/更有设计感: [一般],不愿意多付钱,可能不会购买,-,-,说不清,可能会购买,不喜欢这种背板,23.33s,升级光面款,喜欢光面的,有时会,女,25-30岁,企业职员,二线,偏低,"已婚,已育",浙江省,杭州市
384,是,88907292,726476,1024659,"平板电脑,平板电脑保护套/壳,手机壳,手机充电线/数据线,手机贴膜,充电宝/移动电源,贴片面膜,洗面奶/洁面乳,无线蓝牙耳机,薯片/膨化食品",近12个月内,120–149元,完全由我自己决定购买哪个品牌和产品,Apple（苹果）,以上均无,均未参加过,硕士及以上,"带笔槽保护套,旋转可拆分磁吸保护套,磁吸不可拆分保护套","防摔防磕/保护性强,支架稳定/角度好用,触控笔收纳和拿取方便,外观好看/有设计感,轻薄便携,品牌可信/品质稳定,耐用不易坏,与平板搭配协调","防摔防磕/保护性强,与平板搭配协调,轻薄便携,外观好看/有设计感,触控笔收纳和拿取方便,耐用不易坏,支架稳定/角度好用,品牌可信/品质稳定",150-199元,肯定会,我已认真阅读,购买意愿: [肯定会购买],吸引力: [非常吸引],"可旋转使用,磁吸拆分方便,支撑看剧/学习/办公,品牌/品质感较好,外观看起来简洁,价格合适,保护性较好",我已认真阅读,购买意愿: [肯定会购买],四角气囊防护外显: [非常吸引];侧面直取笔槽: [非常吸引];更丰富、更个性化的配色选择: [非常吸引],愿意多付21元及以上,肯定会购买,肯定会购买,肯定会购买,-,-,颜值更好了，取笔很方便，很适合看剧工作使用，防护效果也很好,我已认真阅读,购买意愿: [肯定会购买],光栅纹理背板的视觉效果: [非常吸引];微磨砂质感: [比较吸引];相比普通光面背板更不易沾指纹: [非常吸引];整体看起来更特别/更有设计感: [比较吸引],愿意多付16-20元,肯定会购买,可能会购买,可能会购买,-,-,颜色搭配好看1不沾指纹，很耐看，选择性也很多,29.23s,光栅款,两款差不太多，但是，不沾指纹会更好,经常会,女,25-30岁,专业人士,四线,中等,未知,江苏省,连云港市
385,是,88907327,726476,1024659,"智能手表/手环,洗面奶/洁面乳,手机贴膜,手机壳,手机充电线/数据线,平板电脑保护套/壳",近12个月内,100–119元,完全由我自己决定购买哪个品牌和产品,Apple（苹果）,以上均无,均未参加过,本科,旋转可拆分磁吸保护套,"防摔防磕/保护性强,支架稳定/角度好用,外观好看/有设计感,品牌可信/品质稳定,与平板搭配协调","外观好看/有设计感,防摔防磕/保护性强,与平板搭配协调,支架稳定/角度好用,品牌可信/品质稳定",120-149元,肯定会,我已认真阅读,购买意愿: [肯定会购买],吸引力: [非常吸引],"可旋转使用,价格合适,外观看起来简洁,保护性较好",我已认真阅读,购买意愿: [肯定会购买],四角气囊防护外显: [非常吸引];侧面直取笔槽: [比较吸引];更丰富、更个性化的配色选择: [非常吸引],愿意多付5元以内,肯定会购买,肯定会购买,可能会购买,-,-,外观好看，功能强大,我已认真阅读,购买意愿: [肯定会购买],光栅纹理背板的视觉效果: [非常吸引];微磨砂质感: [非常吸引];相比普通光面背板更不易沾指纹: [非常吸引];整体看起来更特别/更有设计感: [非常吸引],愿意多付5元以内,肯定会购买,肯定会购买,可能会购买,-,-,外观设计漂亮，材质好，功能强大,80.09s,升级光面款,更漂亮，好用。,经常会,女,31-35岁,企业职员,二线,低,未知,湖南省,长沙市
386,是,88907346,726476,1024659,"鼠标/机械键盘,充电宝/移动电源,平板电脑保护套/壳,洗衣液/洗衣凝珠,T恤/裙子,奶茶/咖啡,洗面奶/洁面乳,手机壳,手机充电线/数据线,智能手表/手环,贴片面膜,手机贴膜,运动鞋,薯片/膨化食品,无线蓝牙耳机,平板电脑,抽纸/卷纸",近12个月内,120–149元,完全由我自己决定购买哪个品牌和产品,Apple（苹果）,以上均无,均未参加过,本科,"普通翻盖保护套,磁吸不可拆分保护套,带笔槽保护套","防摔防磕/保护性强,支架稳定/角度好用,耐用不易坏,不易沾指纹/不易显脏,轻薄便携","防摔防磕/保护性强,轻薄便携,支架稳定/角度好用,耐用不易坏,不易沾指纹/不易显脏",120-149元,肯定会,我已认真阅读,购买意愿: [肯定会购买],吸引力: [非常吸引],"磁吸拆分方便,支撑看剧/学习/办公,品牌/品质感较好,可旋转使用,保护性较好",我已认真阅读,购买意愿: [肯定会购买],四角气囊防护外显: [非常吸引];侧面直取笔槽: [非常吸引];更丰富、更个性化的配色选择: [非常吸引],愿意多付21元及以上,肯定会购买,肯定会购买,肯定会购买,-,-,愿意为更好的功能花钱,我已认真阅读,购买意愿: [肯定会购买],光栅纹理背板的视觉效果: [非常吸引];微磨砂质感: [非常吸引];相比普通光面背板更不易沾指纹: [非常吸引];整体看起来更特别/更有设计感: [非常吸引],愿意多付21元及以上,肯定会购买,肯定会购买,肯定会购买,-,-,感觉这个功能值得,14.51s,两款都可以，没有明显偏好,方便携带，保护性好、颜值高,经常会,女,25-30岁,企业职员,四线,中等,准备结婚期,海南省,海口市
387,是,88907351,726476,1024659,"鼠标/机械键盘,手机壳,手机贴膜,智能手表/手环,充电宝/移动电源,薯片/膨化食品,平板电脑,洗衣液/洗衣凝珠,平板电脑保护套/壳,运动鞋,奶茶/咖啡,T恤/裙子,手机充电线/数据线,洗面奶/洁面乳,贴片面膜,抽纸/卷纸",近13-24个月内,200元及以上,完全由我自己决定购买哪个品牌和产品,Apple（苹果）,以上均无,均未参加过,本科,键盘保护套,"防摔防磕/保护性强,支架稳定/角度好用,品牌可信/品质稳定,与平板搭配协调,颜色选择丰富","防摔防磕/保护性强,与平板搭配协调,支架稳定/角度好用,品牌可信/品质稳定,颜色选择丰富",200元及以上,可能会,我已认真阅读,购买意愿: [可能会购买],吸引力: [比较吸引],"磁吸拆分方便,支撑看剧/学习/办公,保护性较好",我已认真阅读,购买意愿: [可能会购买],四角气囊防护外显: [一般];侧面直取笔槽: [比较吸引];更丰富、更个性化的配色选择: [比较吸引],愿意多付21元及以上,可能会购买,可能会购买,可能会购买,-,-,功能更丰富，防护性更好，色差选择更多,我已认真阅读,购买意愿: [可能会购买],光栅纹理背板的视觉效果: [比较吸引];微磨砂质感: [比较吸引];相比普通光面背板更不易沾指纹: [比较吸引];整体看起来更特别/更有设计感: [比较吸引],愿意多付21元及以上,可能会购买,可能会购买,可能会购买,-,-,质感更好，更喜欢磨砂防指纹外壳,49.27s,光栅款,个人更喜欢磨砂外壳,有时会,男,36-40岁,企业职员,二线,偏低,"已婚,装修期",辽宁省,沈阳市
388,是,88907354,726476,1024659,"智能手表/手环,手机充电线/数据线,运动鞋,手机壳,奶茶/咖啡,洗面奶/洁面乳,平板电脑保护套/壳,抽纸/卷纸,充电宝/移动电源,无线蓝牙耳机",近12个月内,120–149元,完全由我自己决定购买哪个品牌和产品,Apple（苹果）,互联网/IT/软件服务,均未参加过,硕士及以上,键盘保护套,"支架稳定/角度好用,防摔防磕/保护性强,品牌可信/品质稳定,耐用不易坏,与平板搭配协调","与平板搭配协调,品牌可信/品质稳定,耐用不易坏,防摔防磕/保护性强,支架稳定/角度好用",120-149元,肯定会,我已认真阅读,购买意愿: [可能会购买],吸引力: [比较吸引],"可旋转使用,价格合适,品牌/品质感较好",我已认真阅读,购买意愿: [可能会购买],侧面直取笔槽: [比较吸引];更丰富、更个性化的配色选择: [非常吸引];四角气囊防护外显: [非常吸引],愿意多付21元及以上,可能会购买,可能会购买,可能会购买,-,-,颜值高，功能完备，特别好,我已认真阅读,购买意愿: [可能会购买],光栅纹理背板的视觉效果: [比较吸引];相比普通光面背板更不易沾指纹: [非常吸引];微磨砂质感: [比较吸引];整体看起来更特别/更有设计感: [非常吸引],愿意多付21元及以上,可能会购买,可能会购买,可能会购买,-,-,质感好，外观颜值高,16.45s,光栅款,视觉好，材质安全，防指纹效果好,有时会,女,25-30岁,企业职员,五线,中等,"已婚,育婴期,装修期,已有车",河南省,开封市
389,是,88907369,726476,1024659,"无线蓝牙耳机,手机壳,平板电脑,平板电脑保护套/壳,洗衣液/洗衣凝珠,抽纸/卷纸,奶茶/咖啡,T恤/裙子,薯片/膨化食品",近12个月内,120–149元,完全由我自己决定购买哪个品牌和产品,Apple（苹果）,以上均无,均未参加过,本科,"磁吸不可拆分保护套,键盘保护套,单壳（不带盖板）保护套","支架稳定/角度好用,材质手感好,不易沾指纹/不易显脏,与平板搭配协调,防摔防磕/保护性强","防摔防磕/保护性强,支架稳定/角度好用,与平板搭配协调,材质手感好,不易沾指纹/不易显脏",120-149元,可能会,我已认真阅读,购买意愿: [可能会购买],吸引力: [比较吸引],"可旋转使用,磁吸拆分方便,外观看起来简洁",我已认真阅读,购买意愿: [可能会购买],四角气囊防护外显: [比较吸引];侧面直取笔槽: [比较吸引];更丰富、更个性化的配色选择: [非常吸引],愿意多付16-20元,可能会购买,可能会购买,可能会购买,-,-,日常使用场景不同，需要不同的侧重点,我已认真阅读,购买意愿: [可能会购买],光栅纹理背板的视觉效果: [一般];微磨砂质感: [比较吸引];相比普通光面背板更不易沾指纹: [比较吸引];整体看起来更特别/更有设计感: [比较吸引],愿意多付16-20元,可能会购买,可能会购买,可能会购买,-,-,看起来不错试一试,14.49s,升级光面款,外观上更符合审美,经常会,女,25-30岁,专业人士,二线,中等,"恋爱期,育婴期,装修期,已有车",四川省,成都市
390,是,88907374,726476,1024659,"薯片/膨化食品,洗衣液/洗衣凝珠,洗面奶/洁面乳,无线蓝牙耳机,运动鞋,智能手表/手环,奶茶/咖啡,桌面收纳,室内绿植/花卉,手机充电线/数据线,抽纸/卷纸,手机壳,平板电脑保护套/壳,鼠标/机械键盘,手机贴膜,贴片面膜,充电宝/移动电源,T恤/裙子,平板电脑",近12个月内,120–149元,完全由我自己决定购买哪个品牌和产品,Apple（苹果）,以上均无,均未参加过,本科,"普通翻盖保护套,磁吸不可拆分保护套,带笔槽保护套","防摔防磕/保护性强,支架稳定/角度好用,材质手感好,触控笔收纳和拿取方便,不易沾指纹/不易显脏,轻薄便携,耐用不易坏","防摔防磕/保护性强,耐用不易坏,支架稳定/角度好用,不易沾指纹/不易显脏,触控笔收纳和拿取方便,轻薄便携,材质手感好",120-149元,肯定会,我已认真阅读,购买意愿: [可能会购买],吸引力: [比较吸引],"磁吸拆分方便,外观看起来简洁,保护性较好,可旋转使用",我已认真阅读,购买意愿: [肯定会购买],四角气囊防护外显: [非常吸引];侧面直取笔槽: [一般];更丰富、更个性化的配色选择: [比较吸引],愿意多付16-20元,肯定会购买,可能会购买,可能不会购买,-,-,保护套会经常换，要买就要买性价比高的，用久了会发黄发臭的，这些都是锦上添花的功能，基础功能便宜一些也能用,我已认真阅读,购买意愿: [可能会购买],光栅纹理背板的视觉效果: [比较吸引];相比普通光面背板更不易沾指纹: [非常吸引];微磨砂质感: [比较吸引];整体看起来更特别/更有设计感: [比较吸引],愿意多付16-20元,肯定会购买,可能会购买,说不清,-,-,不是必须的作用，锦上添花的功能，保护套需要经常换，性价比高很重要,59.36s,光栅款,在基础功能都齐全的基础上，高端大气上档次的设计比较有趣，磨砂质感比较喜欢，性价比高一点更好,有时会,女,25-30岁,企业职员,二线,低,"已婚,装修期",江苏省,南京市
391,是,88907394,726476,1024659,"室内绿植/花卉,T恤/裙子,薯片/膨化食品,手机充电线/数据线,充电宝/移动电源,鼠标/机械键盘,奶茶/咖啡,洗衣液/洗衣凝珠,智能手表/手环,洗面奶/洁面乳,桌面收纳,手机壳,手机贴膜,平板电脑保护套/壳",近12个月内,150–199元,完全由我自己决定购买哪个品牌和产品,Apple（苹果）,以上均无,均未参加过,本科,"普通翻盖保护套,带笔槽保护套","价格合适/性价比高,品牌可信/品质稳定,触控笔收纳和拿取方便,防摔防磕/保护性强,支架稳定/角度好用,不易沾指纹/不易显脏,颜色选择丰富,外观好看/有设计感","不易沾指纹/不易显脏,触控笔收纳和拿取方便,外观好看/有设计感,价格合适/性价比高,品牌可信/品质稳定,颜色选择丰富,支架稳定/角度好用,防摔防磕/保护性强",120-149元,可能会,我已认真阅读,购买意愿: [肯定会购买],吸引力: [比较吸引],"磁吸拆分方便,外观看起来简洁,品牌/品质感较好,支撑看剧/学习/办公,保护性较好,价格合适",我已认真阅读,购买意愿: [可能会购买],四角气囊防护外显: [非常吸引];侧面直取笔槽: [比较吸引];更丰富、更个性化的配色选择: [非常吸引],愿意多付16-20元,肯定会购买,可能会购买,可能会购买,-,-,价格合适，日常生活适合，可拆分磁吸,我已认真阅读,购买意愿: [肯定会购买],光栅纹理背板的视觉效果: [比较吸引];微磨砂质感: [非常吸引];相比普通光面背板更不易沾指纹: [非常吸引];整体看起来更特别/更有设计感: [比较吸引],愿意多付6-10元,可能会购买,可能会购买,可能会购买,-,-,不沾指纹，外观紫色好看的,16.85s,光栅款,价格合适磁吸比较适合我,有时会,女,25-30岁,专业人士,三线,低,未知,福建省,厦门市
392,是,88907395,726476,1024659,"无线蓝牙耳机,充电宝/移动电源,平板电脑保护套/壳,手机充电线/数据线,智能手表/手环,鼠标/机械键盘",近12个月内,120–149元,完全由我自己决定购买哪个品牌和产品,Apple（苹果）,以上均无,均未参加过,本科,"磁吸不可拆分保护套,旋转可拆分磁吸保护套,带笔槽保护套","防摔防磕/保护性强,触控笔收纳和拿取方便,外观好看/有设计感,颜色选择丰富,价格合适/性价比高,耐用不易坏,与平板搭配协调","价格合适/性价比高,触控笔收纳和拿取方便,防摔防磕/保护性强,与平板搭配协调,颜色选择丰富,外观好看/有设计感,耐用不易坏",120-149元,肯定会,我已认真阅读,购买意愿: [肯定会购买],吸引力: [非常吸引],"可旋转使用,磁吸拆分方便,价格合适,外观看起来简洁",我已认真阅读,购买意愿: [可能会购买],四角气囊防护外显: [比较吸引];侧面直取笔槽: [比较吸引];更丰富、更个性化的配色选择: [比较吸引],愿意多付5元以内,肯定会购买,可能不会购买,-,-,-,119作为一款保护壳，已经是我能接受的价格了，139就太贵了，无论是性能方面，就不值太高价格。,我已认真阅读,购买意愿: [可能会购买],光栅纹理背板的视觉效果: [比较吸引];微磨砂质感: [比较吸引];相比普通光面背板更不易沾指纹: [比较吸引];整体看起来更特别/更有设计感: [比较吸引],愿意多付11-15元,可能会购买,说不清,-,-,-,功能升级了肯定愿意多付费,14.32s,光栅款,产品设计更符合我的审美，功能也很强大，能更好的起到保护屏保的屏幕作用，,经常会,女,25-30岁,企业职员,二线,低,"已婚,已育,已有车",福建省,福州市
393,是,88907400,726476,1024659,"智能手表/手环,充电宝/移动电源,T恤/裙子,洗面奶/洁面乳,平板电脑保护套/壳,手机充电线/数据线,薯片/膨化食品,手机壳,鼠标/机械键盘,手机贴膜,桌面收纳,洗衣液/洗衣凝珠,奶茶/咖啡,平板电脑",近12个月内,80–99元,完全由我自己决定购买哪个品牌和产品,Apple（苹果）,以上均无,均未参加过,本科,磁吸不可拆分保护套,"防摔防磕/保护性强,触控笔收纳和拿取方便,不易沾指纹/不易显脏,价格合适/性价比高,与平板搭配协调,颜色选择丰富,轻薄便携,材质手感好,外观好看/有设计感","防摔防磕/保护性强,触控笔收纳和拿取方便,不易沾指纹/不易显脏,轻薄便携,材质手感好,外观好看/有设计感,价格合适/性价比高,与平板搭配协调,颜色选择丰富",80-99元,肯定会,我已认真阅读,购买意愿: [肯定会购买],吸引力: [比较吸引],"可旋转使用,磁吸拆分方便,外观看起来简洁,品牌/品质感较好,价格合适",我已认真阅读,购买意愿: [肯定会购买],四角气囊防护外显: [非常吸引];侧面直取笔槽: [比较吸引];更丰富、更个性化的配色选择: [非常吸引],不愿意多付钱,可能会购买,可能不会购买,-,-,-,没有更多的功效性，这个价格有点虚高,我已认真阅读,购买意愿: [可能会购买],光栅纹理背板的视觉效果: [一般];微磨砂质感: [比较吸引];相比普通光面背板更不易沾指纹: [非常吸引];整体看起来更特别/更有设计感: [比较吸引],愿意多付6-10元,可能不会购买,-,-,说不清,可能会购买,必须期贵了10元，在可以接受的范围。只要颜色清爽好看,29.52s,升级光面款,更加简洁明了，颜色清爽干净。比较好看高级,经常会,女,25-30岁,企业职员,二线,低,"已婚,育婴期",浙江省,杭州市
394,是,88907404,726476,1024659,"T恤/裙子,运动鞋,手机充电线/数据线,奶茶/咖啡,抽纸/卷纸,手机贴膜,充电宝/移动电源,室内绿植/花卉,无线蓝牙耳机,洗衣液/洗衣凝珠,平板电脑,鼠标/机械键盘,手机壳,洗面奶/洁面乳,桌面收纳,贴片面膜,薯片/膨化食品,智能手表/手环,平板电脑保护套/壳",近12个月内,120–149元,完全由我自己决定购买哪个品牌和产品,Apple（苹果）,以上均无,均未参加过,本科,带笔槽保护套,"触控笔收纳和拿取方便,材质手感好,轻薄便携","触控笔收纳和拿取方便,材质手感好,轻薄便携",120-149元,可能会,我已认真阅读,购买意愿: [可能会购买],吸引力: [比较吸引],"可旋转使用,磁吸拆分方便",我已认真阅读,购买意愿: [肯定会购买],四角气囊防护外显: [非常吸引];侧面直取笔槽: [非常吸引];更丰富、更个性化的配色选择: [非常吸引],愿意多付16-20元,肯定会购买,肯定会购买,可能会购买,-,-,愿意多付钱，但是有额度，多付太多就不行了。,我已认真阅读,购买意愿: [可能会购买],光栅纹理背板的视觉效果: [比较吸引];微磨砂质感: [比较吸引];相比普通光面背板更不易沾指纹: [非常吸引];整体看起来更特别/更有设计感: [非常吸引],愿意多付16-20元,可能会购买,可能会购买,可能不会购买,-,-,太贵了，溢价太多。,12.61s,两款都可以，没有明显偏好,个人感觉差不多，区别不明显。,有时会,女,25-30岁,企业职员,五线,偏低,"已婚,育婴期,已育,装修期,已有房,已有车",广西壮族自治区,南宁市
395,是,88907418,726476,1024659,"平板电脑保护套/壳,手机壳,手机充电线/数据线,桌面收纳",近12个月内,120–149元,完全由我自己决定购买哪个品牌和产品,Apple（苹果）,以上均无,均未参加过,本科,"普通翻盖保护套,键盘保护套,磁吸不可拆分保护套","支架稳定/角度好用,外观好看/有设计感,轻薄便携,防摔防磕/保护性强,耐用不易坏,触控笔收纳和拿取方便","耐用不易坏,防摔防磕/保护性强,轻薄便携,支架稳定/角度好用,外观好看/有设计感,触控笔收纳和拿取方便",120-149元,可能会,我已认真阅读,购买意愿: [肯定会购买],吸引力: [非常吸引],"磁吸拆分方便,保护性较好,品牌/品质感较好,价格合适,可旋转使用,支撑看剧/学习/办公",我已认真阅读,购买意愿: [肯定会购买],四角气囊防护外显: [非常吸引];侧面直取笔槽: [非常吸引];更丰富、更个性化的配色选择: [比较吸引],愿意多付21元及以上,肯定会购买,肯定会购买,可能会购买,-,-,保护性好，有笔槽方便，配色更好看更多选择,我已认真阅读,购买意愿: [肯定会购买],光栅纹理背板的视觉效果: [非常吸引];微磨砂质感: [非常吸引];相比普通光面背板更不易沾指纹: [比较吸引];整体看起来更特别/更有设计感: [比较吸引],愿意多付21元及以上,肯定会购买,肯定会购买,可能会购买,-,-,保护性好，同时防指纹，功能比较全面，外观配色比较好看。,53.13s,光栅款,保护性好，可以防指纹，功能比较全面，外观颜色比较好看。,经常会,女,31-35岁,专业人士,三线,偏低,"单身,育婴期",河北省,石家庄市
396,是,88907429,726476,1024659,"平板电脑,奶茶/咖啡,手机贴膜,室内绿植/花卉,平板电脑保护套/壳,手机充电线/数据线,智能手表/手环,洗衣液/洗衣凝珠,抽纸/卷纸,充电宝/移动电源,T恤/裙子,手机壳,洗面奶/洁面乳,运动鞋,贴片面膜",近13-24个月内,100–119元,完全由我自己决定购买哪个品牌和产品,Apple（苹果）,以上均无,均未参加过,本科,磁吸不可拆分保护套,"支架稳定/角度好用,防摔防磕/保护性强,不易沾指纹/不易显脏,轻薄便携,耐用不易坏,品牌可信/品质稳定","防摔防磕/保护性强,支架稳定/角度好用,轻薄便携,耐用不易坏,不易沾指纹/不易显脏,品牌可信/品质稳定",100-119元,可能会,我已认真阅读,购买意愿: [可能会购买],吸引力: [非常吸引],"可旋转使用,磁吸拆分方便,价格合适,保护性较好",我已认真阅读,购买意愿: [可能会购买],四角气囊防护外显: [不太吸引];侧面直取笔槽: [比较吸引];更丰富、更个性化的配色选择: [不太吸引],不愿意多付钱,可能不会购买,-,-,可能不会购买,可能会购买,太丑了，那些配色加外显设计欣赏不来,我已认真阅读,购买意愿: [可能不会购买],光栅纹理背板的视觉效果: [不太吸引];微磨砂质感: [比较吸引];相比普通光面背板更不易沾指纹: [比较吸引];整体看起来更特别/更有设计感: [不太吸引],不愿意多付钱,可能不会购买,-,-,可能不会购买,可能不会购买,更丑了，谁想出来的啊，真的没必要弄成一条一条的，还是鲜艳配色 欣赏不来，太不耐看了,46.43s,升级光面款,主要是光栅太丑了，这名字也不好听啊拜托,有时会,女,31-35岁,企业职员,二线,低,已婚,福建省,泉州市
397,是,88907458,726476,1024659,"奶茶/咖啡,贴片面膜,手机壳,手机充电线/数据线,桌面收纳,抽纸/卷纸,洗衣液/洗衣凝珠,T恤/裙子,室内绿植/花卉,无线蓝牙耳机,充电宝/移动电源,运动鞋,薯片/膨化食品,平板电脑",近12个月内,50–79元,完全由我自己决定购买哪个品牌和产品,Apple（苹果）,以上均无,均未参加过,硕士及以上,"普通翻盖保护套,磁吸不可拆分保护套","防摔防磕/保护性强,支架稳定/角度好用,外观好看/有设计感","外观好看/有设计感,防摔防磕/保护性强,支架稳定/角度好用",50-79元,肯定会,我已认真阅读,购买意愿: [可能会购买],吸引力: [比较吸引],磁吸拆分方便,我已认真阅读,购买意愿: [肯定会购买],四角气囊防护外显: [非常吸引];侧面直取笔槽: [非常吸引];更丰富、更个性化的配色选择: [非常吸引],愿意多付6-10元,可能会购买,说不清,-,-,-,性价比不够高,我已认真阅读,购买意愿: [可能会购买],光栅纹理背板的视觉效果: [一般];微磨砂质感: [比较吸引];相比普通光面背板更不易沾指纹: [比较吸引];整体看起来更特别/更有设计感: [比较吸引],愿意多付5元以内,可能会购买,可能不会购买,-,-,-,光栅设计不太吸引我,11.2s,升级光面款,外观更好看些,有时会,女,31-35岁,企业职员,二线,偏低,"已婚,育婴期,已育,已有房,已有车",山东省,济南市
398,是,88907472,726476,1024659,"手机贴膜,平板电脑保护套/壳,奶茶/咖啡,无线蓝牙耳机,手机充电线/数据线,洗面奶/洁面乳,手机壳,T恤/裙子,薯片/膨化食品",近12个月内,120–149元,完全由我自己决定购买哪个品牌和产品,Apple（苹果）,以上均无,均未参加过,本科,"普通翻盖保护套,磁吸不可拆分保护套,带笔槽保护套","防摔防磕/保护性强,触控笔收纳和拿取方便,颜色选择丰富,耐用不易坏,材质手感好,与平板搭配协调,支架稳定/角度好用","防摔防磕/保护性强,支架稳定/角度好用,耐用不易坏,触控笔收纳和拿取方便,材质手感好,颜色选择丰富,与平板搭配协调",120-149元,肯定会,我已认真阅读,购买意愿: [肯定会购买],吸引力: [比较吸引],"可旋转使用,磁吸拆分方便,外观看起来简洁,保护性较好",我已认真阅读,购买意愿: [可能会购买],四角气囊防护外显: [非常吸引];侧面直取笔槽: [比较吸引];更丰富、更个性化的配色选择: [一般],愿意多付16-20元,肯定会购买,可能会购买,可能会购买,-,-,防护更多更便利,我已认真阅读,购买意愿: [肯定会购买],光栅纹理背板的视觉效果: [非常吸引];微磨砂质感: [非常吸引];相比普通光面背板更不易沾指纹: [非常吸引];整体看起来更特别/更有设计感: [比较吸引],愿意多付16-20元,肯定会购买,可能会购买,说不清,-,-,性价比,15.65s,两款都可以，没有明显偏好,更喜欢软的材质,经常会,女,18-24岁,企业职员,四线,偏低,单身,河北省,廊坊市
399,是,88907498,726476,1024659,"充电宝/移动电源,平板电脑保护套/壳,奶茶/咖啡,T恤/裙子,手机壳,手机充电线/数据线,运动鞋,洗面奶/洁面乳,平板电脑",近12个月内,120–149元,完全由我自己决定购买哪个品牌和产品,Apple（苹果）,以上均无,均未参加过,本科,"普通翻盖保护套,键盘保护套,旋转可拆分磁吸保护套","防摔防磕/保护性强,支架稳定/角度好用,轻薄便携,材质手感好,外观好看/有设计感,品牌可信/品质稳定,耐用不易坏,颜色选择丰富,不易沾指纹/不易显脏,触控笔收纳和拿取方便,与平板搭配协调,价格合适/性价比高","防摔防磕/保护性强,支架稳定/角度好用,轻薄便携,颜色选择丰富,材质手感好,触控笔收纳和拿取方便,外观好看/有设计感,不易沾指纹/不易显脏,耐用不易坏,品牌可信/品质稳定,与平板搭配协调,价格合适/性价比高",120-149元,肯定会,我已认真阅读,购买意愿: [肯定会购买],吸引力: [非常吸引],"可旋转使用,磁吸拆分方便,支撑看剧/学习/办公,外观看起来简洁,价格合适,品牌/品质感较好,保护性较好",我已认真阅读,购买意愿: [肯定会购买],四角气囊防护外显: [非常吸引];更丰富、更个性化的配色选择: [非常吸引];侧面直取笔槽: [比较吸引],愿意多付16-20元,肯定会购买,肯定会购买,肯定会购买,-,-,更更好的保护我的平板电脑，四个角有气囊，防护性更强，而且磁吸可旋转，能任意调节角度，更方便使用，能取笔槽，方便使用，颜色可选更多,我已认真阅读,购买意愿: [肯定会购买],光栅纹理背板的视觉效果: [非常吸引];微磨砂质感: [比较吸引];相比普通光面背板更不易沾指纹: [非常吸引];整体看起来更特别/更有设计感: [非常吸引],愿意多付6-10元,肯定会购买,肯定会购买,可能会购买,-,-,嗯，感觉从功能上没有特别的需求，嗯，不至于是必付钱的选项，如果性价比更高一些，感觉更好,22.8s,升级光面款,光面款性价比上更高，而且基本功能就已经能够满足了，效果也比较好，使用上感觉也很便利了呃，当价格要加很多的时候，就没有必要额外的功能,经常会,女,25-30岁,企业职员,二线,偏低,准备结婚期,天津,天津市
400,是,88907505,726476,1024659,"桌面收纳,手机贴膜,无线蓝牙耳机,手机充电线/数据线,室内绿植/花卉,智能手表/手环,手机壳,充电宝/移动电源,洗衣液/洗衣凝珠,运动鞋,贴片面膜,鼠标/机械键盘,平板电脑,洗面奶/洁面乳,奶茶/咖啡,平板电脑保护套/壳,抽纸/卷纸,T恤/裙子",近12个月内,80–99元,完全由我自己决定购买哪个品牌和产品,Apple（苹果）,以上均无,均未参加过,大专,"磁吸不可拆分保护套,带笔槽保护套","防摔防磕/保护性强,价格合适/性价比高,品牌可信/品质稳定,支架稳定/角度好用","价格合适/性价比高,防摔防磕/保护性强,支架稳定/角度好用,品牌可信/品质稳定",80-99元,肯定会,我已认真阅读,购买意愿: [可能会购买],吸引力: [比较吸引],"可旋转使用,磁吸拆分方便,支撑看剧/学习/办公,保护性较好",我已认真阅读,购买意愿: [肯定会购买],四角气囊防护外显: [非常吸引];侧面直取笔槽: [比较吸引];更丰富、更个性化的配色选择: [一般],愿意多付6-10元,可能会购买,可能会购买,可能不会购买,-,-,一体化支架设计，设备防护很到位，,我已认真阅读,购买意愿: [肯定会购买],光栅纹理背板的视觉效果: [非常吸引];微磨砂质感: [非常吸引];相比普通光面背板更不易沾指纹: [非常吸引];整体看起来更特别/更有设计感: [非常吸引],愿意多付11-15元,肯定会购买,可能会购买,可能不会购买,-,-,外观更满足审美,30.61s,光栅款,防滑，散热性能优化，颜值高，不沾指纹,经常会,女,25-30岁,专业人士,二线,偏高,"准备结婚期,已有车",重庆,重庆市
401,是,88907507,726476,1024659,"薯片/膨化食品,桌面收纳,无线蓝牙耳机,贴片面膜,抽纸/卷纸,奶茶/咖啡,充电宝/移动电源,手机贴膜,洗衣液/洗衣凝珠,鼠标/机械键盘,手机壳,手机充电线/数据线,洗面奶/洁面乳,平板电脑,平板电脑保护套/壳,室内绿植/花卉",近12个月内,120–149元,完全由我自己决定购买哪个品牌和产品,Apple（苹果）,以上均无,均未参加过,本科,"单壳（不带盖板）保护套,普通翻盖保护套,磁吸不可拆分保护套","防摔防磕/保护性强,支架稳定/角度好用,颜色选择丰富,不易沾指纹/不易显脏,触控笔收纳和拿取方便,材质手感好,外观好看/有设计感,轻薄便携,价格合适/性价比高,与平板搭配协调","防摔防磕/保护性强,支架稳定/角度好用,不易沾指纹/不易显脏,价格合适/性价比高,轻薄便携,触控笔收纳和拿取方便,材质手感好,与平板搭配协调,颜色选择丰富,外观好看/有设计感",120-149元,肯定会,我已认真阅读,购买意愿: [肯定会购买],吸引力: [非常吸引],"可旋转使用,保护性较好",我已认真阅读,购买意愿: [可能会购买],四角气囊防护外显: [非常吸引];侧面直取笔槽: [比较吸引];更丰富、更个性化的配色选择: [非常吸引],愿意多付16-20元,肯定会购买,可能会购买,可能会购买,-,-,安全性更高,我已认真阅读,购买意愿: [可能会购买],光栅纹理背板的视觉效果: [比较吸引];微磨砂质感: [比较吸引];相比普通光面背板更不易沾指纹: [比较吸引];整体看起来更特别/更有设计感: [一般],愿意多付6-10元,可能会购买,可能会购买,可能不会购买,-,-,溢价太多了,8.29s,光栅款,不易沾指纹,有时会,女,25-30岁,自由职业/个体经营,三线,偏低,"已婚,育婴期",浙江省,金华市
402,是,88907521,726476,1024659,"智能手表/手环,薯片/膨化食品,平板电脑,室内绿植/花卉,桌面收纳,洗面奶/洁面乳,抽纸/卷纸,奶茶/咖啡,无线蓝牙耳机,平板电脑保护套/壳,手机充电线/数据线,鼠标/机械键盘",近12个月内,50–79元,完全由我自己决定购买哪个品牌和产品,Apple（苹果）,以上均无,均未参加过,硕士及以上,磁吸不可拆分保护套,"防摔防磕/保护性强,材质手感好,外观好看/有设计感,价格合适/性价比高,轻薄便携","防摔防磕/保护性强,外观好看/有设计感,轻薄便携,材质手感好,价格合适/性价比高",50-79元,说不清,我已认真阅读,购买意愿: [说不清],吸引力: [比较吸引],"磁吸拆分方便,可旋转使用",我已认真阅读,购买意愿: [说不清],四角气囊防护外显: [比较吸引];侧面直取笔槽: [一般];更丰富、更个性化的配色选择: [比较吸引],愿意多付5元以内,说不清,-,-,说不清,说不清,这些材料感觉没那么贵，虽然设计还可以,我已认真阅读,购买意愿: [可能会购买],光栅纹理背板的视觉效果: [比较吸引];微磨砂质感: [非常吸引];相比普通光面背板更不易沾指纹: [比较吸引];整体看起来更特别/更有设计感: [比较吸引],愿意多付6-10元,说不清,-,-,说不清,说不清,比普通的贵了，还是希望可以优惠,23.8s,光栅款,耐脏耐摩,有时会,女,36-40岁,专业人士,三线,低,未知,福建省,厦门市
403,是,88907523,726476,1024659,"抽纸/卷纸,充电宝/移动电源,贴片面膜,智能手表/手环,洗面奶/洁面乳,无线蓝牙耳机,室内绿植/花卉,平板电脑,桌面收纳,薯片/膨化食品,鼠标/机械键盘,平板电脑保护套/壳,T恤/裙子,手机充电线/数据线,手机壳,运动鞋,奶茶/咖啡,手机贴膜,洗衣液/洗衣凝珠",近12个月内,120–149元,完全由我自己决定购买哪个品牌和产品,Apple（苹果）,以上均无,均未参加过,本科,磁吸不可拆分保护套,"防摔防磕/保护性强,外观好看/有设计感,品牌可信/品质稳定,耐用不易坏,材质手感好,触控笔收纳和拿取方便,不易沾指纹/不易显脏,与平板搭配协调,价格合适/性价比高","价格合适/性价比高,耐用不易坏,不易沾指纹/不易显脏,外观好看/有设计感,与平板搭配协调,防摔防磕/保护性强,材质手感好,触控笔收纳和拿取方便,品牌可信/品质稳定",100-119元,肯定会,我已认真阅读,购买意愿: [可能会购买],吸引力: [比较吸引],"磁吸拆分方便,外观看起来简洁",我已认真阅读,购买意愿: [可能不会购买],四角气囊防护外显: [比较吸引];侧面直取笔槽: [比较吸引];更丰富、更个性化的配色选择: [比较吸引],愿意多付5元以内,可能会购买,可能会购买,说不清,-,-,这几个点不应该自动升级吗？,我已认真阅读,购买意愿: [说不清],光栅纹理背板的视觉效果: [不太吸引];微磨砂质感: [一般];相比普通光面背板更不易沾指纹: [一般];整体看起来更特别/更有设计感: [一般],不愿意多付钱,可能不会购买,-,-,可能不会购买,说不清,不好看这个设计很奇怪,8.93s,升级光面款,这个设计简洁大方，不复杂,有时会,女,25-30岁,企业职员,五线,偏高,"准备结婚期,育婴期,已育",广东省,揭阳市
404,是,88907545,726476,1024659,"洗面奶/洁面乳,薯片/膨化食品,奶茶/咖啡,平板电脑,抽纸/卷纸,洗衣液/洗衣凝珠",近13-24个月内,120–149元,完全由我自己决定购买哪个品牌和产品,Apple（苹果）,以上均无,均未参加过,本科,磁吸不可拆分保护套,"支架稳定/角度好用,外观好看/有设计感","外观好看/有设计感,支架稳定/角度好用",150-199元,可能会,我已认真阅读,购买意愿: [可能会购买],吸引力: [非常吸引],"可旋转使用,价格合适",我已认真阅读,购买意愿: [可能会购买],四角气囊防护外显: [比较吸引];侧面直取笔槽: [一般];更丰富、更个性化的配色选择: [比较吸引],愿意多付16-20元,可能会购买,可能会购买,说不清,-,-,没有太本质的变化,我已认真阅读,购买意愿: [说不清],光栅纹理背板的视觉效果: [一般];微磨砂质感: [比较吸引];相比普通光面背板更不易沾指纹: [比较吸引];整体看起来更特别/更有设计感: [比较吸引],愿意多付16-20元,可能会购买,可能会购买,说不清,-,-,提升不多,23.23s,光栅款,防指纹,有时会,男,36-40岁,企业职员,二线,中等,单身,四川省,成都市
405,是,88907557,726476,1024659,"平板电脑保护套/壳,鼠标/机械键盘,薯片/膨化食品,奶茶/咖啡,平板电脑,洗衣液/洗衣凝珠,无线蓝牙耳机,手机贴膜,充电宝/移动电源,手机壳,运动鞋,贴片面膜,手机充电线/数据线,T恤/裙子,桌面收纳,洗面奶/洁面乳,室内绿植/花卉,智能手表/手环,抽纸/卷纸",近12个月内,120–149元,完全由我自己决定购买哪个品牌和产品,Apple（苹果）,以上均无,均未参加过,硕士及以上,"磁吸不可拆分保护套,旋转可拆分磁吸保护套,透明/半透明保护壳","防摔防磕/保护性强,触控笔收纳和拿取方便,品牌可信/品质稳定,与平板搭配协调,价格合适/性价比高,外观好看/有设计感,材质手感好","防摔防磕/保护性强,与平板搭配协调,品牌可信/品质稳定,触控笔收纳和拿取方便,外观好看/有设计感,材质手感好,价格合适/性价比高",120-149元,肯定会,我已认真阅读,购买意愿: [肯定会购买],吸引力: [比较吸引],"可旋转使用,磁吸拆分方便,支撑看剧/学习/办公,外观看起来简洁",我已认真阅读,购买意愿: [可能会购买],四角气囊防护外显: [非常吸引];侧面直取笔槽: [比较吸引];更丰富、更个性化的配色选择: [比较吸引],愿意多付6-10元,可能会购买,可能会购买,可能会购买,-,-,这个配色不是很好看，而且太简洁啦，,我已认真阅读,购买意愿: [可能会购买],微磨砂质感: [非常吸引];光栅纹理背板的视觉效果: [比较吸引];相比普通光面背板更不易沾指纹: [比较吸引];整体看起来更特别/更有设计感: [一般],愿意多付11-15元,可能会购买,肯定会购买,说不清,-,-,好像并不是很需要这个功能，而且这个配色真的不太适合女生吧,22.35s,升级光面款,一方面是我的心里价位，另外一方面是配色问题，而且多出来的几个功能好像并不是很有用啊,有时会,女,25-30岁,企业职员,六线,中等,"准备结婚期,育婴期,已育",云南省,曲靖市
406,是,88907566,726476,1024659,"手机充电线/数据线,充电宝/移动电源,洗面奶/洁面乳,抽纸/卷纸,T恤/裙子,鼠标/机械键盘,手机贴膜,桌面收纳,贴片面膜,奶茶/咖啡,手机壳,平板电脑保护套/壳,洗衣液/洗衣凝珠,薯片/膨化食品",近12个月内,150–199元,完全由我自己决定购买哪个品牌和产品,Apple（苹果）,以上均无,均未参加过,本科,"键盘保护套,带笔槽保护套","防摔防磕/保护性强,支架稳定/角度好用,触控笔收纳和拿取方便,材质手感好,轻薄便携,品牌可信/品质稳定,颜色选择丰富,与平板搭配协调","支架稳定/角度好用,防摔防磕/保护性强,轻薄便携,颜色选择丰富,材质手感好,品牌可信/品质稳定,触控笔收纳和拿取方便,与平板搭配协调",150-199元,可能会,我已认真阅读,购买意愿: [可能会购买],吸引力: [比较吸引],"可旋转使用,磁吸拆分方便,价格合适,外观看起来简洁,品牌/品质感较好",我已认真阅读,购买意愿: [可能会购买],四角气囊防护外显: [非常吸引];侧面直取笔槽: [比较吸引];更丰富、更个性化的配色选择: [非常吸引],愿意多付16-20元,可能会购买,可能会购买,可能会购买,-,-,因为升级过后，我觉得功能性有加强吧，材质肯定是有升级，我主要是觉得他的颜色丰富，价格合理,我已认真阅读,购买意愿: [可能会购买],光栅纹理背板的视觉效果: [比较吸引];相比普通光面背板更不易沾指纹: [非常吸引];整体看起来更特别/更有设计感: [非常吸引];微磨砂质感: [比较吸引],愿意多付16-20元,肯定会购买,可能会购买,可能会购买,-,-,因为他能够不留下指纹，我觉得很干净，不容易粘灰粘东西,11.08s,两款都可以，没有明显偏好,感觉各有各的特点，我觉得价格是我能够接受的,经常会,女,25-30岁,企业职员,二线,偏低,"准备结婚期,已有车",四川省,成都市
407,是,88907582,726476,1024659,"平板电脑保护套/壳,手机壳,桌面收纳",近12个月内,120–149元,完全由我自己决定购买哪个品牌和产品,Apple（苹果）,以上均无,均未参加过,硕士及以上,"普通翻盖保护套,旋转可拆分磁吸保护套,带笔槽保护套,透明/半透明保护壳","防摔防磕/保护性强,支架稳定/角度好用,材质手感好,触控笔收纳和拿取方便,耐用不易坏,轻薄便携","防摔防磕/保护性强,耐用不易坏,轻薄便携,支架稳定/角度好用,材质手感好,触控笔收纳和拿取方便",120-149元,肯定会,我已认真阅读,购买意愿: [肯定会购买],吸引力: [非常吸引],"可旋转使用,磁吸拆分方便,支撑看剧/学习/办公,价格合适,外观看起来简洁,保护性较好,品牌/品质感较好",我已认真阅读,购买意愿: [肯定会购买],四角气囊防护外显: [非常吸引];侧面直取笔槽: [非常吸引];更丰富、更个性化的配色选择: [非常吸引],愿意多付21元及以上,肯定会购买,肯定会购买,肯定会购买,-,-,因为它这个保护套能够足够的保护平板不被磕碰，不去刮伤，而且还有防滑减震的功效，这样在日常中就特别的需要。很方便，而且颜值也很高,我已认真阅读,购买意愿: [肯定会购买],光栅纹理背板的视觉效果: [非常吸引];微磨砂质感: [非常吸引];相比普通光面背板更不易沾指纹: [非常吸引];整体看起来更特别/更有设计感: [非常吸引],愿意多付21元及以上,肯定会购买,肯定会购买,肯定会购买,-,-,我感觉光格背板它有很强的摩擦力，它不会一下子手滑掉到地上，对平板有一定的保护作用。我觉得这一点就很好，日常用起来一定是很方便的,26.61s,升级光面款,首先它有一定的防滑功效，然后呢它再是光面的，用起来手感就一定是很好的，然后它的颜值上也是很高的，所以我愿意去选它,经常会,女,25-30岁,其他,五线,中等,恋爱期,辽宁省,锦州市
409,是,88907716,726476,1024659,"平板电脑保护套/壳,贴片面膜,手机壳,手机充电线/数据线,薯片/膨化食品,洗面奶/洁面乳,T恤/裙子,奶茶/咖啡",近12个月内,100–119元,完全由我自己决定购买哪个品牌和产品,Apple（苹果）,"医疗/健康/生物制药,教育/培训/科研","食品/饮料/餐饮类,美妆/个人护理类",本科,键盘保护套,"不易沾指纹/不易显脏,支架稳定/角度好用,防摔防磕/保护性强","防摔防磕/保护性强,不易沾指纹/不易显脏,支架稳定/角度好用",100-119元,可能会,我已认真阅读,购买意愿: [肯定会购买],吸引力: [非常吸引],"可旋转使用,磁吸拆分方便,保护性较好",我已认真阅读,购买意愿: [肯定会购买],四角气囊防护外显: [非常吸引];更丰富、更个性化的配色选择: [非常吸引];侧面直取笔槽: [比较吸引],愿意多付6-10元,可能会购买,可能会购买,可能会购买,-,-,配色简单,我已认真阅读,购买意愿: [可能会购买],光栅纹理背板的视觉效果: [比较吸引];微磨砂质感: [比较吸引];相比普通光面背板更不易沾指纹: [非常吸引];整体看起来更特别/更有设计感: [比较吸引],愿意多付5元以内,可能会购买,可能会购买,可能会购买,-,-,防指纹效果好,22.42s,升级光面款,价格合理,经常会,女,31-35岁,专业人士,二线,偏低,准备结婚期,四川省,成都市
410,是,88907789,726476,1024659,"无线蓝牙耳机,洗衣液/洗衣凝珠,洗面奶/洁面乳,抽纸/卷纸,贴片面膜,室内绿植/花卉,薯片/膨化食品,T恤/裙子,运动鞋,奶茶/咖啡,平板电脑保护套/壳,手机充电线/数据线",近12个月内,80–99元,完全由我自己决定购买哪个品牌和产品,Apple（苹果）,以上均无,均未参加过,本科,键盘保护套,"防摔防磕/保护性强,支架稳定/角度好用,触控笔收纳和拿取方便,轻薄便携,颜色选择丰富,与平板搭配协调,耐用不易坏","与平板搭配协调,防摔防磕/保护性强,触控笔收纳和拿取方便,轻薄便携,支架稳定/角度好用,颜色选择丰富,耐用不易坏",100-119元,可能会,我已认真阅读,购买意愿: [可能会购买],吸引力: [非常吸引],"可旋转使用,磁吸拆分方便,支撑看剧/学习/办公,外观看起来简洁,价格合适",我已认真阅读,购买意愿: [可能会购买],四角气囊防护外显: [非常吸引];侧面直取笔槽: [比较吸引];更丰富、更个性化的配色选择: [非常吸引],愿意多付21元及以上,肯定会购买,可能会购买,可能会购买,-,-,四角防摔气囊，颜色多选比较有吸引力，另外可拆分也可以，现在的这款是一体的，特别不方便。,我已认真阅读,购买意愿: [可能会购买],光栅纹理背板的视觉效果: [比较吸引];微磨砂质感: [比较吸引];相比普通光面背板更不易沾指纹: [比较吸引];整体看起来更特别/更有设计感: [一般],愿意多付16-20元,可能会购买,可能会购买,可能不会购买,-,-,相较光面背板来说，防指纹也没有多大的吸引力，多个10元左右可以接受，多了就不值得了。,93.01s,升级光面款,平时使用，比较在意误摔会不会损坏平板，所以有防撞气囊很重要，另外本人比较喜欢个性化的颜色，讨厌千篇一律的黑白灰。,经常会,女,31-35岁,企业职员,四线,低,"已婚,已育,已有房,已有车",山东省,枣庄市
411,是,88907796,726476,1024659,"薯片/膨化食品,手机充电线/数据线,洗衣液/洗衣凝珠,桌面收纳,无线蓝牙耳机,贴片面膜,鼠标/机械键盘,平板电脑,手机壳,手机贴膜,智能手表/手环,奶茶/咖啡,室内绿植/花卉,平板电脑保护套/壳,运动鞋,T恤/裙子,抽纸/卷纸,洗面奶/洁面乳",近12个月内,120–149元,完全由我自己决定购买哪个品牌和产品,Apple（苹果）,以上均无,均未参加过,本科,带笔槽保护套,"防摔防磕/保护性强,支架稳定/角度好用,触控笔收纳和拿取方便,不易沾指纹/不易显脏,轻薄便携,品牌可信/品质稳定,价格合适/性价比高,与平板搭配协调","防摔防磕/保护性强,与平板搭配协调,触控笔收纳和拿取方便,不易沾指纹/不易显脏,支架稳定/角度好用,轻薄便携,品牌可信/品质稳定,价格合适/性价比高",120-149元,肯定会,我已认真阅读,购买意愿: [肯定会购买],吸引力: [非常吸引],"可旋转使用,磁吸拆分方便,价格合适,保护性较好,外观看起来简洁,支撑看剧/学习/办公",我已认真阅读,购买意愿: [肯定会购买],四角气囊防护外显: [非常吸引];侧面直取笔槽: [非常吸引];更丰富、更个性化的配色选择: [非常吸引],愿意多付16-20元,肯定会购买,肯定会购买,肯定会购买,-,-,愿意为这升级的三个点多付钱的原因是因为他保护他的质量，品格有有上升，然后他的笔槽的便利性，还有从保护电脑的这个防护性上面还有这个外观，外观和日常体验这个方面是愿意多加这个钱的。,我已认真阅读,购买意愿: [肯定会购买],光栅纹理背板的视觉效果: [非常吸引];微磨砂质感: [非常吸引];相比普通光面背板更不易沾指纹: [非常吸引];整体看起来更特别/更有设计感: [非常吸引],愿意多付16-20元,肯定会购买,肯定会购买,肯定会购买,-,-,这款看起来更高级些,20.22s,光栅款,这款看起来更高级，外观看起来是我的菜,经常会,女,25-30岁,企业职员,六线,偏高,"已婚,育婴期,已育,装修期",安徽省,六安市
412,是,88907811,726476,1024659,"平板电脑保护套/壳,手机充电线/数据线,充电宝/移动电源,运动鞋,手机壳,贴片面膜,鼠标/机械键盘,手机贴膜",近12个月内,120–149元,完全由我自己决定购买哪个品牌和产品,Apple（苹果）,以上均无,均未参加过,本科,"带笔槽保护套,磁吸不可拆分保护套","防摔防磕/保护性强,触控笔收纳和拿取方便,支架稳定/角度好用,不易沾指纹/不易显脏,材质手感好,外观好看/有设计感,与平板搭配协调,品牌可信/品质稳定,轻薄便携","防摔防磕/保护性强,支架稳定/角度好用,触控笔收纳和拿取方便,不易沾指纹/不易显脏,材质手感好,与平板搭配协调,外观好看/有设计感,轻薄便携,品牌可信/品质稳定",120-149元,肯定会,我已认真阅读,购买意愿: [肯定会购买],吸引力: [非常吸引],"可旋转使用,磁吸拆分方便,保护性较好,品牌/品质感较好,支撑看剧/学习/办公,外观看起来简洁",我已认真阅读,购买意愿: [可能会购买],四角气囊防护外显: [非常吸引];侧面直取笔槽: [比较吸引];更丰富、更个性化的配色选择: [比较吸引],愿意多付16-20元,肯定会购买,肯定会购买,可能会购买,-,-,愿意付费是因为有边角保护，而且磁吸可拆分，还能定制自己喜欢的配色,我已认真阅读,购买意愿: [肯定会购买],光栅纹理背板的视觉效果: [非常吸引];微磨砂质感: [非常吸引];相比普通光面背板更不易沾指纹: [非常吸引];整体看起来更特别/更有设计感: [非常吸引],愿意多付16-20元,肯定会购买,肯定会购买,肯定会购买,-,-,磨砂壳是我一生最爱，高端大气上档次，手感又好又不容易滑落,23.17s,光栅款,我更喜欢磨砂感的平板壳，更有质感，手感也好，不容易滑落,经常会,女,31-35岁,自由职业/个体经营,一线,中等,"已婚,育婴期,已育,孝敬期",广东省,深圳市
413,是,88907820,726476,1024659,"手机壳,抽纸/卷纸,手机充电线/数据线,桌面收纳,无线蓝牙耳机,平板电脑,充电宝/移动电源,奶茶/咖啡,贴片面膜,T恤/裙子,鼠标/机械键盘,薯片/膨化食品,洗衣液/洗衣凝珠,运动鞋,智能手表/手环,平板电脑保护套/壳,手机贴膜,洗面奶/洁面乳",近12个月内,120–149元,完全由我自己决定购买哪个品牌和产品,Apple（苹果）,以上均无,均未参加过,硕士及以上,"普通翻盖保护套,透明/半透明保护壳,带笔槽保护套","防摔防磕/保护性强,支架稳定/角度好用,材质手感好,不易沾指纹/不易显脏,触控笔收纳和拿取方便,颜色选择丰富,轻薄便携,外观好看/有设计感,与平板搭配协调,价格合适/性价比高,品牌可信/品质稳定","防摔防磕/保护性强,支架稳定/角度好用,价格合适/性价比高,不易沾指纹/不易显脏,品牌可信/品质稳定,材质手感好,外观好看/有设计感,轻薄便携,与平板搭配协调,触控笔收纳和拿取方便,颜色选择丰富",50-79元,可能会,我已认真阅读,购买意愿: [肯定会购买],吸引力: [非常吸引],"可旋转使用,磁吸拆分方便,价格合适,保护性较好",我已认真阅读,购买意愿: [肯定会购买],四角气囊防护外显: [非常吸引];侧面直取笔槽: [非常吸引];更丰富、更个性化的配色选择: [比较吸引],愿意多付6-10元,肯定会购买,可能会购买,可能不会购买,-,-,溢价太高，便宜点还可以。,我已认真阅读,购买意愿: [肯定会购买],光栅纹理背板的视觉效果: [非常吸引];微磨砂质感: [非常吸引];相比普通光面背板更不易沾指纹: [非常吸引];整体看起来更特别/更有设计感: [非常吸引],愿意多付6-10元,可能会购买,可能会购买,可能不会购买,-,-,不沾指纹这个功能很好。所以可以多付一点。,11.73s,光栅款,主要是不沾指纹这个功能。很适合我。夏天手比较容易出汗，张指纹不太好。,经常会,女,31-35岁,企业职员,一线,偏低,"准备结婚期,已有车",北京,北京市
414,是,88907873,726476,1024659,"平板电脑保护套/壳,薯片/膨化食品,洗衣液/洗衣凝珠,贴片面膜,洗面奶/洁面乳,运动鞋,手机贴膜,奶茶/咖啡,充电宝/移动电源,智能手表/手环,平板电脑,手机壳",近12个月内,120–149元,完全由我自己决定购买哪个品牌和产品,Apple（苹果）,以上均无,均未参加过,本科,"普通翻盖保护套,磁吸不可拆分保护套,带笔槽保护套,透明/半透明保护壳","防摔防磕/保护性强,支架稳定/角度好用,材质手感好,品牌可信/品质稳定,耐用不易坏,外观好看/有设计感","防摔防磕/保护性强,品牌可信/品质稳定,支架稳定/角度好用,材质手感好,外观好看/有设计感,耐用不易坏",120-149元,可能会,我已认真阅读,购买意愿: [可能会购买],吸引力: [比较吸引],"磁吸拆分方便,保护性较好",我已认真阅读,购买意愿: [可能会购买],四角气囊防护外显: [比较吸引];侧面直取笔槽: [比较吸引];更丰富、更个性化的配色选择: [不太吸引],愿意多付5元以内,说不清,-,-,说不清,说不清,配色好难看，不喜欢，防护还可以，多做点配色吧,我已认真阅读,购买意愿: [可能会购买],光栅纹理背板的视觉效果: [一般];微磨砂质感: [比较吸引];相比普通光面背板更不易沾指纹: [比较吸引];整体看起来更特别/更有设计感: [不太吸引],不愿意多付钱,说不清,-,-,说不清,可能不会购买,不喜欢这个纹路,17.3s,升级光面款,都不好看，其实，相比之下更不喜欢光栅的纹路，跟窗帘布一样,有时会,女,25-30岁,企业职员,一线,中等,单身,广东省,广州市
415,是,88907916,726476,1024659,"抽纸/卷纸,无线蓝牙耳机,贴片面膜,平板电脑保护套/壳,奶茶/咖啡,室内绿植/花卉,手机壳,手机充电线/数据线,洗面奶/洁面乳,T恤/裙子,洗衣液/洗衣凝珠,运动鞋,充电宝/移动电源,手机贴膜,桌面收纳,薯片/膨化食品",近12个月内,50–79元,完全由我自己决定购买哪个品牌和产品,Apple（苹果）,以上均无,均未参加过,本科,磁吸不可拆分保护套,"材质手感好,触控笔收纳和拿取方便,防摔防磕/保护性强","防摔防磕/保护性强,材质手感好,触控笔收纳和拿取方便",50-79元,肯定会,我已认真阅读,购买意愿: [可能会购买],吸引力: [比较吸引],可旋转使用,我已认真阅读,购买意愿: [可能会购买],四角气囊防护外显: [非常吸引];侧面直取笔槽: [比较吸引];更丰富、更个性化的配色选择: [一般],愿意多付6-10元,可能会购买,可能会购买,说不清,-,-,防护,我已认真阅读,购买意愿: [可能会购买],光栅纹理背板的视觉效果: [非常吸引];微磨砂质感: [非常吸引];相比普通光面背板更不易沾指纹: [非常吸引];整体看起来更特别/更有设计感: [非常吸引],愿意多付6-10元,肯定会购买,可能会购买,说不清,-,-,喜欢磨砂质感,16.16s,光栅款,更喜欢磨砂质感,经常会,女,25-30岁,自由职业/个体经营,二线,偏低,"已婚,已育,已有房,已有车",江苏省,南京市
416,是,88908113,726476,1024659,"平板电脑保护套/壳,奶茶/咖啡,智能手表/手环,手机壳,洗衣液/洗衣凝珠,T恤/裙子,无线蓝牙耳机,平板电脑,运动鞋,手机充电线/数据线,抽纸/卷纸,洗面奶/洁面乳,桌面收纳,薯片/膨化食品,室内绿植/花卉,充电宝/移动电源,手机贴膜,鼠标/机械键盘,贴片面膜",近12个月内,200元及以上,完全由我自己决定购买哪个品牌和产品,Apple（苹果）,教育/培训/科研,均未参加过,硕士及以上,"普通翻盖保护套,磁吸不可拆分保护套,键盘保护套","防摔防磕/保护性强,支架稳定/角度好用,材质手感好,颜色选择丰富,品牌可信/品质稳定","材质手感好,支架稳定/角度好用,防摔防磕/保护性强,品牌可信/品质稳定,颜色选择丰富",200元及以上,可能会,我已认真阅读,购买意愿: [可能会购买],吸引力: [一般],"支撑看剧/学习/办公,外观看起来简洁",我已认真阅读,购买意愿: [可能会购买],四角气囊防护外显: [一般];侧面直取笔槽: [一般];更丰富、更个性化的配色选择: [比较吸引],愿意多付16-20元,可能会购买,说不清,-,-,-,就是比之前那款功能更多吧,我已认真阅读,购买意愿: [说不清],光栅纹理背板的视觉效果: [一般];微磨砂质感: [一般];相比普通光面背板更不易沾指纹: [比较吸引];整体看起来更特别/更有设计感: [一般],愿意多付16-20元,说不清,-,-,说不清,可能会购买,说实在的 我不怎么喜欢,9.63s,两款都可以，没有明显偏好,我不喜欢保护壳的设计,经常会,男,25-30岁,企业职员,三线,低,"已婚,装修期,已有房,已有车",江苏省,镇江市
417,是,88908116,726476,1024659,"洗面奶/洁面乳,充电宝/移动电源,平板电脑保护套/壳,贴片面膜,洗衣液/洗衣凝珠,桌面收纳,无线蓝牙耳机,平板电脑,运动鞋,薯片/膨化食品,奶茶/咖啡,室内绿植/花卉,抽纸/卷纸,T恤/裙子,手机充电线/数据线,智能手表/手环,鼠标/机械键盘,手机壳,手机贴膜",近12个月内,150–199元,主要由我自己决定，偶尔参考他人意见,Apple（苹果）,教育/培训/科研,均未参加过,硕士及以上,"旋转可拆分磁吸保护套,带笔槽保护套,键盘保护套","支架稳定/角度好用,触控笔收纳和拿取方便,材质手感好,不易沾指纹/不易显脏,外观好看/有设计感,颜色选择丰富,与平板搭配协调","支架稳定/角度好用,触控笔收纳和拿取方便,材质手感好,不易沾指纹/不易显脏,与平板搭配协调,外观好看/有设计感,颜色选择丰富",150-199元,肯定会,我已认真阅读,购买意愿: [肯定会购买],吸引力: [比较吸引],"磁吸拆分方便,外观看起来简洁,可旋转使用",我已认真阅读,购买意愿: [肯定会购买],四角气囊防护外显: [非常吸引];更丰富、更个性化的配色选择: [比较吸引];侧面直取笔槽: [非常吸引],愿意多付21元及以上,肯定会购买,可能会购买,肯定会购买,-,-,材质和设计都增加了亮点，而且价格增加幅度也不大,我已认真阅读,购买意愿: [肯定会购买],光栅纹理背板的视觉效果: [非常吸引];微磨砂质感: [非常吸引];相比普通光面背板更不易沾指纹: [非常吸引];整体看起来更特别/更有设计感: [比较吸引],愿意多付21元及以上,可能会购买,可能会购买,可能会购买,-,-,设计了磨砂的手感是我很喜欢的,12.17s,升级光面款,设计了磨砂的手感但我还是喜欢光面的设计，使用时候有笔槽的习惯,经常会,女,25-30岁,专业人士,二线,中等,"已婚,育婴期,已育,装修期,已有车",天津,天津市
418,是,88908120,726476,1024659,"充电宝/移动电源,洗面奶/洁面乳,手机壳,平板电脑保护套/壳,室内绿植/花卉,智能手表/手环,抽纸/卷纸,薯片/膨化食品,平板电脑,桌面收纳,T恤/裙子,手机贴膜,手机充电线/数据线,运动鞋,无线蓝牙耳机,奶茶/咖啡,鼠标/机械键盘,洗衣液/洗衣凝珠,贴片面膜",近12个月内,100–119元,完全由我自己决定购买哪个品牌和产品,Apple（苹果）,以上均无,均未参加过,本科,"透明/半透明保护壳,旋转可拆分磁吸保护套,磁吸不可拆分保护套,键盘保护套","防摔防磕/保护性强,支架稳定/角度好用,材质手感好,不易沾指纹/不易显脏,外观好看/有设计感,颜色选择丰富,轻薄便携,与平板搭配协调,耐用不易坏,品牌可信/品质稳定","防摔防磕/保护性强,不易沾指纹/不易显脏,材质手感好,与平板搭配协调,外观好看/有设计感,颜色选择丰富,支架稳定/角度好用,品牌可信/品质稳定,轻薄便携,耐用不易坏",120-149元,肯定会,我已认真阅读,购买意愿: [肯定会购买],吸引力: [非常吸引],"磁吸拆分方便,可旋转使用,外观看起来简洁,保护性较好",我已认真阅读,购买意愿: [肯定会购买],四角气囊防护外显: [非常吸引];侧面直取笔槽: [比较吸引];更丰富、更个性化的配色选择: [非常吸引],愿意多付16-20元,肯定会购买,肯定会购买,可能会购买,-,-,防护措施齐全,我已认真阅读,购买意愿: [肯定会购买],光栅纹理背板的视觉效果: [比较吸引];微磨砂质感: [非常吸引];相比普通光面背板更不易沾指纹: [非常吸引];整体看起来更特别/更有设计感: [比较吸引],愿意多付11-15元,肯定会购买,可能会购买,可能会购买,-,-,防指纹,13.99s,光栅款,防指纹,经常会,女,25-30岁,企业职员,一线,偏低,单身,北京,北京市
419,是,88908124,726476,1024659,"洗衣液/洗衣凝珠,抽纸/卷纸,无线蓝牙耳机,奶茶/咖啡,鼠标/机械键盘,手机壳,运动鞋,手机充电线/数据线,手机贴膜,薯片/膨化食品,充电宝/移动电源,T恤/裙子,贴片面膜,平板电脑,智能手表/手环,洗面奶/洁面乳,室内绿植/花卉,平板电脑保护套/壳,桌面收纳",近12个月内,150–199元,完全由我自己决定购买哪个品牌和产品,Apple（苹果）,以上均无,均未参加过,硕士及以上,"磁吸不可拆分保护套,旋转可拆分磁吸保护套,键盘保护套,透明/半透明保护壳","防摔防磕/保护性强,支架稳定/角度好用,触控笔收纳和拿取方便,材质手感好,外观好看/有设计感,不易沾指纹/不易显脏,轻薄便携,颜色选择丰富,品牌可信/品质稳定,价格合适/性价比高,耐用不易坏,与平板搭配协调","支架稳定/角度好用,防摔防磕/保护性强,耐用不易坏,不易沾指纹/不易显脏,价格合适/性价比高,品牌可信/品质稳定,与平板搭配协调,材质手感好,轻薄便携,颜色选择丰富,外观好看/有设计感,触控笔收纳和拿取方便",150-199元,肯定会,我已认真阅读,购买意愿: [肯定会购买],吸引力: [非常吸引],"磁吸拆分方便,可旋转使用,支撑看剧/学习/办公,外观看起来简洁,保护性较好,品牌/品质感较好,价格合适",我已认真阅读,购买意愿: [肯定会购买],四角气囊防护外显: [非常吸引];侧面直取笔槽: [非常吸引];更丰富、更个性化的配色选择: [非常吸引],愿意多付21元及以上,肯定会购买,肯定会购买,肯定会购买,-,-,防护好，外观好看，日常使用方便,我已认真阅读,购买意愿: [肯定会购买],光栅纹理背板的视觉效果: [非常吸引];微磨砂质感: [非常吸引];相比普通光面背板更不易沾指纹: [非常吸引];整体看起来更特别/更有设计感: [非常吸引],愿意多付21元及以上,肯定会购买,肯定会购买,可能会购买,-,-,外观设计风格简约，质感非常不错,13.87s,光栅款,外观设计理念很不错，材质更好，功能强大,经常会,女,25-30岁,专业人士,六线,偏低,已婚,山西省,运城市
420,是,88908129,726476,1024659,"手机壳,手机贴膜,充电宝/移动电源,洗衣液/洗衣凝珠,智能手表/手环,抽纸/卷纸,平板电脑保护套/壳,洗面奶/洁面乳,运动鞋,鼠标/机械键盘,薯片/膨化食品,无线蓝牙耳机,手机充电线/数据线,贴片面膜",近12个月内,150–199元,完全由我自己决定购买哪个品牌和产品,Apple（苹果）,以上均无,均未参加过,本科,"旋转可拆分磁吸保护套,带笔槽保护套","防摔防磕/保护性强,材质手感好,支架稳定/角度好用,价格合适/性价比高,触控笔收纳和拿取方便,不易沾指纹/不易显脏","防摔防磕/保护性强,支架稳定/角度好用,材质手感好,价格合适/性价比高,不易沾指纹/不易显脏,触控笔收纳和拿取方便",150-199元,肯定会,我已认真阅读,购买意愿: [肯定会购买],吸引力: [比较吸引],"可旋转使用,磁吸拆分方便,支撑看剧/学习/办公",我已认真阅读,购买意愿: [肯定会购买],四角气囊防护外显: [非常吸引];侧面直取笔槽: [比较吸引];更丰富、更个性化的配色选择: [非常吸引],愿意多付16-20元,可能会购买,肯定会购买,可能会购买,-,-,如果防护比较好，笔比较好拿，我愿意支付溢价，因为对于我来说非常方便的,我已认真阅读,购买意愿: [肯定会购买],光栅纹理背板的视觉效果: [比较吸引];微磨砂质感: [非常吸引];相比普通光面背板更不易沾指纹: [比较吸引];整体看起来更特别/更有设计感: [非常吸引],愿意多付16-20元,肯定会购买,可能会购买,肯定会购买,-,-,因为不容易留指纹还有脏东西,25.47s,升级光面款,我喜欢光面的东西,经常会,女,25-30岁,自由职业/个体经营,五线,中等,未知,江西省,赣州市
421,是,88908133,726476,1024659,"充电宝/移动电源,手机贴膜,平板电脑,室内绿植/花卉,薯片/膨化食品,桌面收纳,洗衣液/洗衣凝珠,平板电脑保护套/壳,鼠标/机械键盘,抽纸/卷纸,无线蓝牙耳机,T恤/裙子,运动鞋,手机充电线/数据线,贴片面膜,洗面奶/洁面乳,智能手表/手环,奶茶/咖啡,手机壳",近12个月内,100–119元,完全由我自己决定购买哪个品牌和产品,Apple（苹果）,以上均无,均未参加过,本科,"单壳（不带盖板）保护套,普通翻盖保护套,磁吸不可拆分保护套,旋转可拆分磁吸保护套,带笔槽保护套,键盘保护套,透明/半透明保护壳","防摔防磕/保护性强,触控笔收纳和拿取方便,颜色选择丰富,不易沾指纹/不易显脏,品牌可信/品质稳定,耐用不易坏,与平板搭配协调,价格合适/性价比高,轻薄便携,外观好看/有设计感,材质手感好,支架稳定/角度好用","防摔防磕/保护性强,耐用不易坏,品牌可信/品质稳定,不易沾指纹/不易显脏,支架稳定/角度好用,材质手感好,触控笔收纳和拿取方便,与平板搭配协调,外观好看/有设计感,价格合适/性价比高,颜色选择丰富,轻薄便携",100-119元,肯定会,我已认真阅读,购买意愿: [肯定会购买],吸引力: [非常吸引],"支撑看剧/学习/办公,价格合适,保护性较好,磁吸拆分方便,可旋转使用,外观看起来简洁,品牌/品质感较好",我已认真阅读,购买意愿: [肯定会购买],四角气囊防护外显: [非常吸引];侧面直取笔槽: [非常吸引];更丰富、更个性化的配色选择: [比较吸引],愿意多付21元及以上,肯定会购买,肯定会购买,肯定会购买,-,-,安全，好看好用,我已认真阅读,购买意愿: [肯定会购买],光栅纹理背板的视觉效果: [非常吸引];微磨砂质感: [非常吸引];相比普通光面背板更不易沾指纹: [非常吸引];整体看起来更特别/更有设计感: [比较吸引],愿意多付21元及以上,肯定会购买,肯定会购买,肯定会购买,-,-,高端大气，颜色鲜艳,9.35s,两款都可以，没有明显偏好,高端大气上档次,经常会,女,25-30岁,企业职员,一线,低,"准备结婚期,已有车",广东省,广州市
422,是,88908138,726476,1024659,"室内绿植/花卉,抽纸/卷纸,奶茶/咖啡,桌面收纳,手机贴膜,平板电脑保护套/壳,手机壳,运动鞋,薯片/膨化食品,洗衣液/洗衣凝珠,贴片面膜",近12个月内,150–199元,完全由我自己决定购买哪个品牌和产品,Apple（苹果）,以上均无,美妆/个人护理类,本科,旋转可拆分磁吸保护套,"防摔防磕/保护性强,支架稳定/角度好用,轻薄便携,不易沾指纹/不易显脏,材质手感好,与平板搭配协调,耐用不易坏,品牌可信/品质稳定","防摔防磕/保护性强,与平板搭配协调,品牌可信/品质稳定,轻薄便携,支架稳定/角度好用,不易沾指纹/不易显脏,材质手感好,耐用不易坏",150-199元,可能会,我已认真阅读,购买意愿: [可能会购买],吸引力: [比较吸引],"磁吸拆分方便,价格合适,保护性较好,外观看起来简洁",我已认真阅读,购买意愿: [肯定会购买],四角气囊防护外显: [非常吸引];侧面直取笔槽: [比较吸引];更丰富、更个性化的配色选择: [比较吸引],愿意多付16-20元,肯定会购买,可能会购买,可能会购买,-,-,防护气囊,我已认真阅读,购买意愿: [可能会购买],光栅纹理背板的视觉效果: [比较吸引];微磨砂质感: [比较吸引];相比普通光面背板更不易沾指纹: [比较吸引];整体看起来更特别/更有设计感: [比较吸引],即使同价也更倾向升级光面款,可能会购买,可能会购买,说不清,-,-,防指纹,35.16s,光栅款,达到需要,有时会,女,36-40岁,自由职业/个体经营,二线,偏低,"已婚,育婴期,已育,装修期,已有房,已有车",江苏省,苏州市
423,是,88908164,726476,1024659,"智能手表/手环,平板电脑保护套/壳,T恤/裙子,无线蓝牙耳机,手机贴膜,手机充电线/数据线,充电宝/移动电源,鼠标/机械键盘,贴片面膜,洗衣液/洗衣凝珠,室内绿植/花卉,抽纸/卷纸,桌面收纳,奶茶/咖啡,洗面奶/洁面乳,手机壳,运动鞋",近13-24个月内,80–99元,完全由我自己决定购买哪个品牌和产品,Apple（苹果）,以上均无,均未参加过,本科,"磁吸不可拆分保护套,透明/半透明保护壳","防摔防磕/保护性强,支架稳定/角度好用,外观好看/有设计感,价格合适/性价比高,耐用不易坏","防摔防磕/保护性强,外观好看/有设计感,价格合适/性价比高,支架稳定/角度好用,耐用不易坏",80-99元,可能会,我已认真阅读,购买意愿: [可能会购买],吸引力: [比较吸引],"可旋转使用,磁吸拆分方便,外观看起来简洁,支撑看剧/学习/办公,价格合适",我已认真阅读,购买意愿: [可能会购买],四角气囊防护外显: [比较吸引];侧面直取笔槽: [非常吸引];更丰富、更个性化的配色选择: [非常吸引],愿意多付6-10元,可能会购买,说不清,-,-,-,感觉升级的功能的质感没有那么强烈，而且变得更厚重一些,我已认真阅读,购买意愿: [可能会购买],光栅纹理背板的视觉效果: [比较吸引];微磨砂质感: [非常吸引];相比普通光面背板更不易沾指纹: [比较吸引];整体看起来更特别/更有设计感: [比较吸引],愿意多付6-10元,说不清,-,-,可能会购买,-,感觉是比较普通的一个升级和功能,40.24s,光栅款,感觉质感会更好一些，摸起来更舒适,有时会,女,31-35岁,企业职员,二线,低,已婚,浙江省,杭州市
424,是,88908200,726476,1024659,"平板电脑,平板电脑保护套/壳,鼠标/机械键盘,奶茶/咖啡",近12个月内,120–149元,完全由我自己决定购买哪个品牌和产品,Apple（苹果）,以上均无,均未参加过,硕士及以上,带笔槽保护套,"防摔防磕/保护性强,支架稳定/角度好用,触控笔收纳和拿取方便,不易沾指纹/不易显脏,材质手感好,外观好看/有设计感,颜色选择丰富,品牌可信/品质稳定","防摔防磕/保护性强,支架稳定/角度好用,品牌可信/品质稳定,材质手感好,颜色选择丰富,外观好看/有设计感,触控笔收纳和拿取方便,不易沾指纹/不易显脏",120-149元,肯定会,我已认真阅读,购买意愿: [肯定会购买],吸引力: [非常吸引],"磁吸拆分方便,品牌/品质感较好,保护性较好,价格合适,可旋转使用",我已认真阅读,购买意愿: [肯定会购买],四角气囊防护外显: [非常吸引];侧面直取笔槽: [非常吸引];更丰富、更个性化的配色选择: [非常吸引],愿意多付11-15元,肯定会购买,肯定会购买,肯定会购买,-,-,还是更想要外形上多一些设计感的,我已认真阅读,购买意愿: [肯定会购买],光栅纹理背板的视觉效果: [非常吸引];相比普通光面背板更不易沾指纹: [非常吸引];微磨砂质感: [非常吸引];整体看起来更特别/更有设计感: [非常吸引],即使同价也更倾向升级光面款,肯定会购买,肯定会购买,可能会购买,-,-,对比下光面更吸引人,11.68s,升级光面款,光面感看起来更时尚有质感,经常会,男,25-30岁,其他,一线,低,"准备结婚期,育婴期,已育,装修期,已有房",广东省,广州市
425,是,88908211,726476,1024659,"室内绿植/花卉,手机壳,T恤/裙子,抽纸/卷纸,洗面奶/洁面乳,奶茶/咖啡,桌面收纳,手机充电线/数据线,运动鞋,薯片/膨化食品,平板电脑保护套/壳,无线蓝牙耳机,充电宝/移动电源,手机贴膜,洗衣液/洗衣凝珠,贴片面膜",近12个月内,120–149元,完全由我自己决定购买哪个品牌和产品,Apple（苹果）,以上均无,均未参加过,本科,"普通翻盖保护套,磁吸不可拆分保护套","防摔防磕/保护性强,支架稳定/角度好用,外观好看/有设计感,轻薄便携,品牌可信/品质稳定,价格合适/性价比高,触控笔收纳和拿取方便","防摔防磕/保护性强,外观好看/有设计感,品牌可信/品质稳定,轻薄便携,支架稳定/角度好用,价格合适/性价比高,触控笔收纳和拿取方便",150-199元,可能会,我已认真阅读,购买意愿: [可能会购买],吸引力: [比较吸引],"可旋转使用,磁吸拆分方便,价格合适,外观看起来简洁",我已认真阅读,购买意愿: [可能会购买],四角气囊防护外显: [一般];侧面直取笔槽: [比较吸引];更丰富、更个性化的配色选择: [比较吸引],愿意多付11-15元,可能会购买,说不清,-,-,-,更多的颜色选择比较需要，四个角的气囊，担心外形变丑,我已认真阅读,购买意愿: [可能会购买],光栅纹理背板的视觉效果: [比较吸引];微磨砂质感: [比较吸引];相比普通光面背板更不易沾指纹: [非常吸引];整体看起来更特别/更有设计感: [比较吸引],愿意多付6-10元,说不清,-,-,可能会购买,-,不容易留指纹比较吸引我,14.89s,两款都可以，没有明显偏好,两种都可以，就要看综合性能,经常会,女,25-30岁,企业职员,二线,中等,"已婚,育婴期,已育,装修期,已有房,已有车",江苏省,苏州市
426,是,88908223,726476,1024659,"手机贴膜,奶茶/咖啡,薯片/膨化食品,洗面奶/洁面乳,智能手表/手环,手机充电线/数据线,手机壳,桌面收纳,洗衣液/洗衣凝珠,抽纸/卷纸,运动鞋,T恤/裙子,贴片面膜,无线蓝牙耳机,平板电脑保护套/壳,充电宝/移动电源",近12个月内,50–79元,完全由我自己决定购买哪个品牌和产品,Apple（苹果）,教育/培训/科研,均未参加过,本科,"带笔槽保护套,普通翻盖保护套","防摔防磕/保护性强,触控笔收纳和拿取方便,不易沾指纹/不易显脏,支架稳定/角度好用,耐用不易坏,轻薄便携","防摔防磕/保护性强,支架稳定/角度好用,触控笔收纳和拿取方便,轻薄便携,耐用不易坏,不易沾指纹/不易显脏",50-79元,肯定会,我已认真阅读,购买意愿: [肯定会购买],吸引力: [比较吸引],"外观看起来简洁,可旋转使用,磁吸拆分方便,保护性较好",我已认真阅读,购买意愿: [可能会购买],四角气囊防护外显: [非常吸引];侧面直取笔槽: [比较吸引];更丰富、更个性化的配色选择: [一般],愿意多付16-20元,可能会购买,可能会购买,肯定会购买,-,-,感觉这个设计材质都是我喜欢的，而且又能比较好的保护平板，更稳定起到更好的保护效果，款式也很好看，用着也更放心,我已认真阅读,购买意愿: [肯定会购买],光栅纹理背板的视觉效果: [比较吸引];微磨砂质感: [比较吸引];相比普通光面背板更不易沾指纹: [一般];整体看起来更特别/更有设计感: [比较吸引],愿意多付11-15元,可能会购买,可能会购买,可能会购买,-,-,愿意买，外观款式和颜色感觉都很好看，而且又能减震效果，还能起到很好的保护作用，感觉平常携带或使用时会更放心些,49.21s,升级光面款,感觉这个价位有这些防震，保护，折叠便捷等功能很方便，又用着安心，而且这个价位能拿到感觉挺实惠的，同时颜色款式我都觉得都很好看,有时会,女,25-30岁,其他,二线,偏高,"准备结婚期,已育",福建省,福州市
427,是,88908230,726476,1024659,"平板电脑保护套/壳,手机充电线/数据线,智能手表/手环,充电宝/移动电源,洗衣液/洗衣凝珠,手机贴膜,手机壳,运动鞋,奶茶/咖啡,抽纸/卷纸,薯片/膨化食品,无线蓝牙耳机",近12个月内,120–149元,完全由我自己决定购买哪个品牌和产品,Apple（苹果）,以上均无,均未参加过,本科,"磁吸不可拆分保护套,普通翻盖保护套,单壳（不带盖板）保护套","防摔防磕/保护性强,支架稳定/角度好用,耐用不易坏,与平板搭配协调","防摔防磕/保护性强,耐用不易坏,支架稳定/角度好用,与平板搭配协调",120-149元,肯定会,我已认真阅读,购买意愿: [可能会购买],吸引力: [比较吸引],"可旋转使用,磁吸拆分方便,外观看起来简洁,价格合适,保护性较好",我已认真阅读,购买意愿: [可能会购买],四角气囊防护外显: [比较吸引];侧面直取笔槽: [比较吸引];更丰富、更个性化的配色选择: [比较吸引],愿意多付21元及以上,可能会购买,可能会购买,可能会购买,-,-,各方面都有升级，配色简单大方，好看，多花钱是应该的。,我已认真阅读,购买意愿: [可能会购买],光栅纹理背板的视觉效果: [比较吸引];微磨砂质感: [比较吸引];相比普通光面背板更不易沾指纹: [比较吸引];整体看起来更特别/更有设计感: [比较吸引],愿意多付21元及以上,可能会购买,可能会购买,可能会购买,-,-,看起来更加高级，不容易沾上指纹，更好看。,16.09s,光栅款,更加简单，好看，不容易沾上指纹，感觉是升级了款式和功效。,经常会,女,25-30岁,企业职员,一线,偏低,"已婚,育婴期,已育,已有房,已有车",广东省,深圳市
428,是,88908238,726476,1024659,"T恤/裙子,洗衣液/洗衣凝珠,洗面奶/洁面乳,手机充电线/数据线,平板电脑,奶茶/咖啡,运动鞋,平板电脑保护套/壳,手机贴膜,桌面收纳,抽纸/卷纸,智能手表/手环,鼠标/机械键盘,薯片/膨化食品,充电宝/移动电源,无线蓝牙耳机,手机壳,贴片面膜",近12个月内,120–149元,完全由我自己决定购买哪个品牌和产品,Apple（苹果）,以上均无,均未参加过,本科,"普通翻盖保护套,键盘保护套,磁吸不可拆分保护套","防摔防磕/保护性强,轻薄便携,颜色选择丰富,支架稳定/角度好用","防摔防磕/保护性强,颜色选择丰富,支架稳定/角度好用,轻薄便携",120-149元,可能会,我已认真阅读,购买意愿: [可能会购买],吸引力: [比较吸引],"磁吸拆分方便,保护性较好",我已认真阅读,购买意愿: [可能会购买],四角气囊防护外显: [比较吸引];侧面直取笔槽: [比较吸引];更丰富、更个性化的配色选择: [非常吸引],愿意多付21元及以上,可能会购买,说不清,-,-,-,气囊能提供更好的保护，拿去触控笔更加方便，配色丰富鲜艳，日常使用更加便捷，看起来很清新简洁,我已认真阅读,购买意愿: [说不清],光栅纹理背板的视觉效果: [不太吸引];微磨砂质感: [一般];相比普通光面背板更不易沾指纹: [比较吸引];整体看起来更特别/更有设计感: [一般],即使同价也更倾向升级光面款,说不清,-,-,说不清,可能会购买,设计不符合我的审美，不喜欢这种竖条条的，看着像袜子之类的纺织纹路，看着不好看,42.91s,升级光面款,外观更符合我的审美，实用性都差不多，那当然选好看的了，不好看整天看着变扭，不是白花钱吗,经常会,女,25-30岁,专业人士,一线,低,恋爱期,北京,北京市
429,是,88908259,726476,1024659,"洗衣液/洗衣凝珠,智能手表/手环,奶茶/咖啡,薯片/膨化食品,洗面奶/洁面乳,运动鞋,手机充电线/数据线,鼠标/机械键盘,T恤/裙子,充电宝/移动电源,手机贴膜,平板电脑保护套/壳,室内绿植/花卉,抽纸/卷纸,手机壳,桌面收纳,平板电脑,贴片面膜",近13-24个月内,100–119元,完全由我自己决定购买哪个品牌和产品,Apple（苹果）,以上均无,均未参加过,硕士及以上,磁吸不可拆分保护套,"防摔防磕/保护性强,材质手感好,外观好看/有设计感,轻薄便携,品牌可信/品质稳定,支架稳定/角度好用,与平板搭配协调","防摔防磕/保护性强,品牌可信/品质稳定,材质手感好,轻薄便携,外观好看/有设计感,与平板搭配协调,支架稳定/角度好用",120-149元,肯定会,我已认真阅读,购买意愿: [肯定会购买],吸引力: [非常吸引],"磁吸拆分方便,保护性较好,可旋转使用",我已认真阅读,购买意愿: [肯定会购买],四角气囊防护外显: [非常吸引];侧面直取笔槽: [一般];更丰富、更个性化的配色选择: [比较吸引],愿意多付11-15元,肯定会购买,可能会购买,可能会购买,-,-,看起来实用高档,我已认真阅读,购买意愿: [可能会购买],光栅纹理背板的视觉效果: [一般];微磨砂质感: [非常吸引];相比普通光面背板更不易沾指纹: [非常吸引];整体看起来更特别/更有设计感: [非常吸引],愿意多付6-10元,肯定会购买,可能会购买,可能不会购买,-,-,防指纹。,9.07s,升级光面款,不喜欢光栅,经常会,女,25-30岁,企业职员,一线,中等,"已婚,已育,已有房,已有车",北京,北京市
430,是,88908261,726476,1024659,"贴片面膜,充电宝/移动电源,薯片/膨化食品,手机贴膜,室内绿植/花卉,T恤/裙子,抽纸/卷纸,平板电脑保护套/壳,鼠标/机械键盘,平板电脑,手机壳,运动鞋,桌面收纳,手机充电线/数据线,无线蓝牙耳机,洗面奶/洁面乳,智能手表/手环,奶茶/咖啡,洗衣液/洗衣凝珠",近12个月内,120–149元,完全由我自己决定购买哪个品牌和产品,Apple（苹果）,以上均无,均未参加过,本科,"单壳（不带盖板）保护套,磁吸不可拆分保护套,带笔槽保护套","防摔防磕/保护性强,与平板搭配协调,外观好看/有设计感,轻薄便携,支架稳定/角度好用,材质手感好,颜色选择丰富,耐用不易坏","防摔防磕/保护性强,支架稳定/角度好用,轻薄便携,与平板搭配协调,材质手感好,外观好看/有设计感,颜色选择丰富,耐用不易坏",120-149元,肯定会,我已认真阅读,购买意愿: [肯定会购买],吸引力: [非常吸引],"可旋转使用,磁吸拆分方便,保护性较好,外观看起来简洁,品牌/品质感较好",我已认真阅读,购买意愿: [肯定会购买],四角气囊防护外显: [非常吸引];侧面直取笔槽: [非常吸引];更丰富、更个性化的配色选择: [非常吸引],愿意多付16-20元,肯定会购买,肯定会购买,肯定会购买,-,-,整体功能升级了，外观也更好看了,我已认真阅读,购买意愿: [肯定会购买],相比普通光面背板更不易沾指纹: [非常吸引];整体看起来更特别/更有设计感: [非常吸引];微磨砂质感: [非常吸引];光栅纹理背板的视觉效果: [非常吸引],愿意多付11-15元,肯定会购买,肯定会购买,可能会购买,-,-,整体设计感更强了，更具特别性,22.06s,光栅款,整体设计感更强，更特别,经常会,女,25-30岁,企业职员,一线,中等,"已婚,已有房",广东省,深圳市
431,是,88908282,726476,1024659,"手机充电线/数据线,平板电脑保护套/壳,手机壳,无线蓝牙耳机",近12个月内,120–149元,完全由我自己决定购买哪个品牌和产品,Apple（苹果）,以上均无,均未参加过,硕士及以上,磁吸不可拆分保护套,"防摔防磕/保护性强,材质手感好,轻薄便携,与平板搭配协调","材质手感好,与平板搭配协调,防摔防磕/保护性强,轻薄便携",120-149元,说不清,我已认真阅读,购买意愿: [可能会购买],吸引力: [非常吸引],"外观看起来简洁,保护性较好,磁吸拆分方便",我已认真阅读,购买意愿: [肯定会购买],四角气囊防护外显: [非常吸引];侧面直取笔槽: [比较吸引];更丰富、更个性化的配色选择: [比较吸引],愿意多付6-10元,可能会购买,说不清,-,-,-,有些功能我不需要,我已认真阅读,购买意愿: [可能不会购买],光栅纹理背板的视觉效果: [不太吸引];微磨砂质感: [一般];相比普通光面背板更不易沾指纹: [不太吸引];整体看起来更特别/更有设计感: [一般],不愿意多付钱,可能不会购买,-,-,可能会购买,-,这个材质不太吸引我,8.48s,升级光面款,符合我的审美,说不清,女,36-40岁,专业人士,五线,中等,"已婚,育婴期,已育,装修期,已有房,已有车",青海省,西宁市
432,是,88908294,726476,1024659,"运动鞋,鼠标/机械键盘,充电宝/移动电源,抽纸/卷纸,洗面奶/洁面乳,室内绿植/花卉,平板电脑,贴片面膜,桌面收纳,洗衣液/洗衣凝珠,奶茶/咖啡,手机贴膜,智能手表/手环,T恤/裙子,平板电脑保护套/壳,手机壳,手机充电线/数据线,无线蓝牙耳机,薯片/膨化食品",近12个月内,120–149元,完全由我自己决定购买哪个品牌和产品,Apple（苹果）,以上均无,均未参加过,硕士及以上,"磁吸不可拆分保护套,带笔槽保护套,普通翻盖保护套","防摔防磕/保护性强,支架稳定/角度好用,材质手感好,轻薄便携,耐用不易坏,不易沾指纹/不易显脏,触控笔收纳和拿取方便","防摔防磕/保护性强,支架稳定/角度好用,材质手感好,触控笔收纳和拿取方便,轻薄便携,耐用不易坏,不易沾指纹/不易显脏",120-149元,肯定会,我已认真阅读,购买意愿: [可能会购买],吸引力: [比较吸引],"磁吸拆分方便,外观看起来简洁,保护性较好,可旋转使用",我已认真阅读,购买意愿: [肯定会购买],四角气囊防护外显: [非常吸引];侧面直取笔槽: [一般];更丰富、更个性化的配色选择: [比较吸引],愿意多付16-20元,肯定会购买,可能会购买,可能不会购买,-,-,多付20元差不多了，一般的保护套都具备保护功能，锦上添花的功能也是需要具有性价比的，保护套会经常换，价格太高不合适,我已认真阅读,购买意愿: [可能会购买],光栅纹理背板的视觉效果: [比较吸引];相比普通光面背板更不易沾指纹: [非常吸引];微磨砂质感: [比较吸引];整体看起来更特别/更有设计感: [比较吸引],愿意多付16-20元,肯定会购买,可能会购买,说不清,-,-,这种工艺材质不是必须品，保护套需要经常换，价格便宜一点，性价比高一点比较好,29.41s,光栅款,更好看，高端大气上档次，更加防滑，磨砂质感很舒服，性价比高一点更好,有时会,女,25-30岁,企业职员,二线,低,已婚,江苏省,南京市
433,是,88908296,726476,1024659,"平板电脑保护套/壳,手机壳",近12个月内,200元及以上,完全由我自己决定购买哪个品牌和产品,Apple（苹果）,以上均无,均未参加过,本科,"磁吸不可拆分保护套,键盘保护套,透明/半透明保护壳","防摔防磕/保护性强,支架稳定/角度好用,材质手感好,轻薄便携,品牌可信/品质稳定,耐用不易坏,触控笔收纳和拿取方便","耐用不易坏,防摔防磕/保护性强,材质手感好,品牌可信/品质稳定,轻薄便携,支架稳定/角度好用,触控笔收纳和拿取方便",200元及以上,肯定会,我已认真阅读,购买意愿: [肯定会购买],吸引力: [非常吸引],"可旋转使用,磁吸拆分方便,外观看起来简洁,保护性较好,品牌/品质感较好",我已认真阅读,购买意愿: [肯定会购买],四角气囊防护外显: [非常吸引];侧面直取笔槽: [非常吸引];更丰富、更个性化的配色选择: [非常吸引],愿意多付21元及以上,肯定会购买,肯定会购买,肯定会购买,-,-,防护性能好，覆盖力强，配色简单大气，好携带,我已认真阅读,购买意愿: [肯定会购买],光栅纹理背板的视觉效果: [非常吸引];微磨砂质感: [非常吸引];相比普通光面背板更不易沾指纹: [非常吸引];整体看起来更特别/更有设计感: [非常吸引],愿意多付21元及以上,肯定会购买,肯定会购买,肯定会购买,-,-,不易沾指纹，纹路清晰有质感，非常喜欢,24.83s,光栅款,防护性能更好，材质更好，还不易沾指纹，非常棒的设计,经常会,女,31-35岁,自由职业/个体经营,四线,偏低,未知,河南省,南阳市
434,是,88908303,726476,1024659,"充电宝/移动电源,薯片/膨化食品,抽纸/卷纸,手机充电线/数据线,手机壳,手机贴膜,T恤/裙子,平板电脑保护套/壳,洗面奶/洁面乳,奶茶/咖啡,桌面收纳,运动鞋,洗衣液/洗衣凝珠",近12个月内,120–149元,完全由我自己决定购买哪个品牌和产品,Apple（苹果）,以上均无,均未参加过,本科,"普通翻盖保护套,磁吸不可拆分保护套,键盘保护套","防摔防磕/保护性强,价格合适/性价比高,耐用不易坏,不易沾指纹/不易显脏,颜色选择丰富,轻薄便携,支架稳定/角度好用,材质手感好,外观好看/有设计感","防摔防磕/保护性强,价格合适/性价比高,支架稳定/角度好用,耐用不易坏,材质手感好,轻薄便携,外观好看/有设计感,颜色选择丰富,不易沾指纹/不易显脏",120-149元,肯定会,我已认真阅读,购买意愿: [肯定会购买],吸引力: [比较吸引],"可旋转使用,外观看起来简洁,磁吸拆分方便",我已认真阅读,购买意愿: [可能会购买],四角气囊防护外显: [非常吸引];侧面直取笔槽: [比较吸引];更丰富、更个性化的配色选择: [比较吸引],愿意多付5元以内,可能会购买,可能会购买,说不清,-,-,价格贵了,我已认真阅读,购买意愿: [可能会购买],光栅纹理背板的视觉效果: [一般];微磨砂质感: [比较吸引];相比普通光面背板更不易沾指纹: [比较吸引];整体看起来更特别/更有设计感: [比较吸引],愿意多付5元以内,可能会购买,可能不会购买,-,-,-,贵,5.1s,升级光面款,更符合需求,很少会,女,25-30岁,其他,六线,低,未知,辽宁省,葫芦岛市
435,是,88908312,726476,1024659,"平板电脑保护套/壳,平板电脑,抽纸/卷纸,手机充电线/数据线,充电宝/移动电源,智能手表/手环,室内绿植/花卉,薯片/膨化食品,桌面收纳,无线蓝牙耳机,洗面奶/洁面乳,贴片面膜,鼠标/机械键盘,T恤/裙子,奶茶/咖啡,洗衣液/洗衣凝珠,运动鞋,手机壳,手机贴膜",近12个月内,100–119元,完全由我自己决定购买哪个品牌和产品,Apple（苹果）,以上均无,均未参加过,本科,"单壳（不带盖板）保护套,普通翻盖保护套,磁吸不可拆分保护套,旋转可拆分磁吸保护套,带笔槽保护套,键盘保护套,透明/半透明保护壳","防摔防磕/保护性强,支架稳定/角度好用,材质手感好,不易沾指纹/不易显脏,品牌可信/品质稳定,耐用不易坏,价格合适/性价比高,轻薄便携","品牌可信/品质稳定,防摔防磕/保护性强,耐用不易坏,不易沾指纹/不易显脏,材质手感好,轻薄便携,价格合适/性价比高,支架稳定/角度好用",100-119元,可能会,我已认真阅读,购买意愿: [可能会购买],吸引力: [比较吸引],"可旋转使用,磁吸拆分方便",我已认真阅读,购买意愿: [可能会购买],四角气囊防护外显: [非常吸引];侧面直取笔槽: [比较吸引];更丰富、更个性化的配色选择: [比较吸引],不愿意多付钱,可能会购买,说不清,-,-,-,为啥多付钱,我已认真阅读,购买意愿: [可能会购买],光栅纹理背板的视觉效果: [比较吸引];微磨砂质感: [比较吸引];相比普通光面背板更不易沾指纹: [非常吸引];整体看起来更特别/更有设计感: [比较吸引],不愿意多付钱,可能会购买,说不清,-,-,-,为什么要多付钱,11.8s,两款都可以，没有明显偏好,都可以,很少会,女,31-35岁,企业职员,三线,低,未知,浙江省,嘉兴市
436,是,88908325,726476,1024659,"鼠标/机械键盘,薯片/膨化食品,平板电脑保护套/壳,T恤/裙子,桌面收纳,奶茶/咖啡,抽纸/卷纸,手机壳,室内绿植/花卉,洗衣液/洗衣凝珠,运动鞋",近12个月内,120–149元,完全由我自己决定购买哪个品牌和产品,Apple（苹果）,以上均无,均未参加过,本科,"单壳（不带盖板）保护套,磁吸不可拆分保护套,普通翻盖保护套","支架稳定/角度好用,材质手感好,轻薄便携,不易沾指纹/不易显脏,防摔防磕/保护性强,耐用不易坏,与平板搭配协调","材质手感好,支架稳定/角度好用,不易沾指纹/不易显脏,防摔防磕/保护性强,与平板搭配协调,轻薄便携,耐用不易坏",120-149元,可能会,我已认真阅读,购买意愿: [可能会购买],吸引力: [比较吸引],"支撑看剧/学习/办公,外观看起来简洁,磁吸拆分方便,可旋转使用",我已认真阅读,购买意愿: [可能会购买],四角气囊防护外显: [比较吸引];侧面直取笔槽: [一般];更丰富、更个性化的配色选择: [比较吸引],愿意多付6-10元,可能会购买,可能会购买,说不清,-,-,外观更高级，感觉比较耐脏，质量可以,我已认真阅读,购买意愿: [可能会购买],光栅纹理背板的视觉效果: [比较吸引];微磨砂质感: [非常吸引];相比普通光面背板更不易沾指纹: [非常吸引];整体看起来更特别/更有设计感: [比较吸引],愿意多付16-20元,可能会购买,说不清,-,-,-,感觉不到实际的质量手感,25.21s,升级光面款,感觉不容易脏，比较好清理,有时会,女,25-30岁,企业职员,二线,中等,"已婚,已育,已有房",重庆,重庆市
437,是,88908337,726476,1024659,"手机壳,平板电脑保护套/壳,智能手表/手环,手机贴膜,手机充电线/数据线,贴片面膜,平板电脑",近12个月内,120–149元,完全由我自己决定购买哪个品牌和产品,Apple（苹果）,以上均无,均未参加过,本科,"磁吸不可拆分保护套,旋转可拆分磁吸保护套,带笔槽保护套,键盘保护套","材质手感好,外观好看/有设计感,品牌可信/品质稳定,不易沾指纹/不易显脏","品牌可信/品质稳定,材质手感好,不易沾指纹/不易显脏,外观好看/有设计感",120-149元,肯定会,我已认真阅读,购买意愿: [可能会购买],吸引力: [非常吸引],"磁吸拆分方便,支撑看剧/学习/办公,价格合适",我已认真阅读,购买意愿: [可能会购买],四角气囊防护外显: [非常吸引];侧面直取笔槽: [比较吸引];更丰富、更个性化的配色选择: [非常吸引],愿意多付21元及以上,肯定会购买,肯定会购买,肯定会购买,-,-,他的外观好看,我已认真阅读,购买意愿: [肯定会购买],整体看起来更特别/更有设计感: [非常吸引];光栅纹理背板的视觉效果: [非常吸引];微磨砂质感: [比较吸引];相比普通光面背板更不易沾指纹: [非常吸引],愿意多付21元及以上,肯定会购买,肯定会购买,可能会购买,-,-,我觉得他的设计非常有科技感，很喜欢 ,6.17s,光栅款,设计有科技感，然后我觉得很新鲜 ,经常会,女,31-35岁,自由职业/个体经营,二线,中等,"已婚,已有车",江苏省,苏州市
438,是,88908341,726476,1024659,"平板电脑,充电宝/移动电源,平板电脑保护套/壳,手机贴膜,手机充电线/数据线,运动鞋,T恤/裙子,抽纸/卷纸,奶茶/咖啡,洗面奶/洁面乳,智能手表/手环,薯片/膨化食品,手机壳",近12个月内,120–149元,完全由我自己决定购买哪个品牌和产品,Apple（苹果）,以上均无,均未参加过,本科,"单壳（不带盖板）保护套,普通翻盖保护套,磁吸不可拆分保护套,键盘保护套","外观好看/有设计感,颜色选择丰富,防摔防磕/保护性强,支架稳定/角度好用","支架稳定/角度好用,防摔防磕/保护性强,颜色选择丰富,外观好看/有设计感",120-149元,肯定会,我已认真阅读,购买意愿: [可能会购买],吸引力: [非常吸引],"可旋转使用,支撑看剧/学习/办公,价格合适,外观看起来简洁,品牌/品质感较好",我已认真阅读,购买意愿: [肯定会购买],四角气囊防护外显: [比较吸引];侧面直取笔槽: [非常吸引];更丰富、更个性化的配色选择: [非常吸引],愿意多付16-20元,肯定会购买,肯定会购买,可能会购买,-,-,外观耐用好用就行,我已认真阅读,购买意愿: [肯定会购买],光栅纹理背板的视觉效果: [非常吸引];微磨砂质感: [比较吸引];相比普通光面背板更不易沾指纹: [比较吸引];整体看起来更特别/更有设计感: [比较吸引],愿意多付21元及以上,可能会购买,肯定会购买,肯定会购买,-,-,耐用不要久了磨损严重,10.54s,升级光面款,耐用颜色好用,经常会,女,25-30岁,企业职员,三线,中等,"已婚,已育,已有房,已有车",浙江省,温州市
439,是,88908360,726476,1024659,"贴片面膜,手机壳,洗衣液/洗衣凝珠,抽纸/卷纸,平板电脑,洗面奶/洁面乳,平板电脑保护套/壳,运动鞋,T恤/裙子,薯片/膨化食品,奶茶/咖啡",近12个月内,120–149元,完全由我自己决定购买哪个品牌和产品,Apple（苹果）,以上均无,均未参加过,本科,"旋转可拆分磁吸保护套,带笔槽保护套","防摔防磕/保护性强,不易沾指纹/不易显脏,与平板搭配协调,材质手感好,支架稳定/角度好用,触控笔收纳和拿取方便,耐用不易坏,品牌可信/品质稳定","与平板搭配协调,防摔防磕/保护性强,触控笔收纳和拿取方便,支架稳定/角度好用,耐用不易坏,材质手感好,品牌可信/品质稳定,不易沾指纹/不易显脏",100-119元,可能会,我已认真阅读,购买意愿: [可能会购买],吸引力: [一般],"保护性较好,品牌/品质感较好,外观看起来简洁",我已认真阅读,购买意愿: [可能会购买],侧面直取笔槽: [一般];四角气囊防护外显: [比较吸引];更丰富、更个性化的配色选择: [非常吸引],愿意多付11-15元,可能会购买,可能不会购买,-,-,-,"一是笔槽便利性我会担心直取式的设计我的笔会掉
二是防护太多了会不会特别重，但是如果又轻包裹性又好的话会愿意付溢价。
三是配色丰富这点我会很喜欢。",我已认真阅读,购买意愿: [可能会购买],光栅纹理背板的视觉效果: [非常吸引];相比普通光面背板更不易沾指纹: [非常吸引];整体看起来更特别/更有设计感: [比较吸引];微磨砂质感: [比较吸引],即使同价也更倾向升级光面款,肯定会购买,可能会购买,说不清,-,-,我愿意多付部分溢价，但是如果高出了我的心理预期价格我就会放弃购买。,40.41s,光栅款,很喜欢这种磨砂的材质，看起来不仅比较高级也更符合我自己的审美，而且还防粘指纹。,经常会,女,25-30岁,学生,五线,低,未知,贵州省,遵义市
440,是,88908369,726476,1024659,"手机壳,桌面收纳,抽纸/卷纸,室内绿植/花卉,手机贴膜,充电宝/移动电源,平板电脑保护套/壳,贴片面膜,智能手表/手环,手机充电线/数据线,鼠标/机械键盘,无线蓝牙耳机,T恤/裙子,奶茶/咖啡,运动鞋,薯片/膨化食品,洗面奶/洁面乳,洗衣液/洗衣凝珠,平板电脑",近12个月内,100–119元,完全由我自己决定购买哪个品牌和产品,Apple（苹果）,以上均无,均未参加过,大专,旋转可拆分磁吸保护套,"防摔防磕/保护性强,支架稳定/角度好用,材质手感好,不易沾指纹/不易显脏,外观好看/有设计感,颜色选择丰富,轻薄便携,价格合适/性价比高,品牌可信/品质稳定,耐用不易坏,与平板搭配协调","防摔防磕/保护性强,外观好看/有设计感,支架稳定/角度好用,颜色选择丰富,品牌可信/品质稳定,与平板搭配协调,不易沾指纹/不易显脏,价格合适/性价比高,材质手感好,轻薄便携,耐用不易坏",100-119元,肯定会,我已认真阅读,购买意愿: [肯定会购买],吸引力: [非常吸引],"可旋转使用,磁吸拆分方便,支撑看剧/学习/办公,价格合适,外观看起来简洁,保护性较好,品牌/品质感较好",我已认真阅读,购买意愿: [肯定会购买],四角气囊防护外显: [非常吸引];侧面直取笔槽: [一般];更丰富、更个性化的配色选择: [非常吸引],愿意多付16-20元,肯定会购买,可能会购买,可能会购买,-,-,各项功能都在我的心里预算内,我已认真阅读,购买意愿: [可能会购买],光栅纹理背板的视觉效果: [非常吸引];微磨砂质感: [非常吸引];相比普通光面背板更不易沾指纹: [比较吸引];整体看起来更特别/更有设计感: [比较吸引],即使同价也更倾向升级光面款,可能会购买,可能会购买,可能会购买,-,-,3Y磁吸折叠都很喜欢,19.4s,升级光面款,保护囊能很好保护平板,经常会,女,25-30岁,自由职业/个体经营,二线,低,未知,福建省,福州市
441,是,88908370,726476,1024659,"洗面奶/洁面乳,智能手表/手环,无线蓝牙耳机,抽纸/卷纸,洗衣液/洗衣凝珠,平板电脑保护套/壳,平板电脑,运动鞋,手机充电线/数据线,薯片/膨化食品,室内绿植/花卉,奶茶/咖啡,T恤/裙子,充电宝/移动电源,手机壳,鼠标/机械键盘,贴片面膜,手机贴膜,桌面收纳",近12个月内,80–99元,完全由我自己决定购买哪个品牌和产品,Apple（苹果）,教育/培训/科研,"食品/饮料/餐饮类,美妆/个人护理类",硕士及以上,旋转可拆分磁吸保护套,"防摔防磕/保护性强,支架稳定/角度好用,材质手感好,外观好看/有设计感,颜色选择丰富,轻薄便携,与平板搭配协调","支架稳定/角度好用,防摔防磕/保护性强,轻薄便携,外观好看/有设计感,颜色选择丰富,与平板搭配协调,材质手感好",80-99元,肯定会,我已认真阅读,购买意愿: [肯定会购买],吸引力: [非常吸引],"可旋转使用,磁吸拆分方便,支撑看剧/学习/办公,保护性较好,品牌/品质感较好,外观看起来简洁,价格合适",我已认真阅读,购买意愿: [肯定会购买],四角气囊防护外显: [非常吸引];侧面直取笔槽: [非常吸引];更丰富、更个性化的配色选择: [非常吸引],愿意多付21元及以上,肯定会购买,肯定会购买,肯定会购买,-,-,升级后更人性化了，更适合现代人的使用习惯，方便，安全，有保障，多付点钱非常值得,我已认真阅读,购买意愿: [肯定会购买],光栅纹理背板的视觉效果: [非常吸引];微磨砂质感: [非常吸引];相比普通光面背板更不易沾指纹: [非常吸引];整体看起来更特别/更有设计感: [非常吸引],愿意多付21元及以上,肯定会购买,肯定会购买,肯定会购买,-,-,磨沙面料沾指纹，高端大气上档次，低调奢华有内涵,37.84s,光栅款,光栅款更高端大气上档次，有现代感，有质感，适合我,经常会,女,31-35岁,专业人士,一线,低,已有房,广东省,广州市
442,是,88908384,726476,1024659,平板电脑保护套/壳,近12个月内,120–149元,完全由我自己决定购买哪个品牌和产品,Apple（苹果）,以上均无,均未参加过,本科,"磁吸不可拆分保护套,透明/半透明保护壳,带笔槽保护套","防摔防磕/保护性强,支架稳定/角度好用,与平板搭配协调","防摔防磕/保护性强,支架稳定/角度好用,与平板搭配协调",120-149元,肯定会,我已认真阅读,购买意愿: [肯定会购买],吸引力: [非常吸引],"保护性较好,支撑看剧/学习/办公,磁吸拆分方便,可旋转使用,外观看起来简洁,价格合适",我已认真阅读,购买意愿: [肯定会购买],侧面直取笔槽: [非常吸引];更丰富、更个性化的配色选择: [比较吸引];四角气囊防护外显: [非常吸引],愿意多付21元及以上,肯定会购买,肯定会购买,肯定会购买,-,-,防护方面比较重要我愿意多花钱去买这个设计,我已认真阅读,购买意愿: [可能会购买],光栅纹理背板的视觉效果: [比较吸引];微磨砂质感: [非常吸引];相比普通光面背板更不易沾指纹: [非常吸引];整体看起来更特别/更有设计感: [比较吸引],即使同价也更倾向升级光面款,肯定会购买,肯定会购买,可能会购买,-,-,主要看重防护,11.99s,光栅款,磨砂不容易滑，我喜欢这个设计,经常会,女,25-30岁,企业职员,五线,偏低,未知,江西省,萍乡市
443,是,88908388,726476,1024659,"洗衣液/洗衣凝珠,奶茶/咖啡,抽纸/卷纸,手机充电线/数据线,贴片面膜,无线蓝牙耳机,手机壳,充电宝/移动电源,室内绿植/花卉,T恤/裙子,手机贴膜,洗面奶/洁面乳,智能手表/手环,平板电脑保护套/壳",近12个月内,50–79元,完全由我自己决定购买哪个品牌和产品,Apple（苹果）,以上均无,均未参加过,硕士及以上,磁吸不可拆分保护套,"防摔防磕/保护性强,品牌可信/品质稳定,支架稳定/角度好用,不易沾指纹/不易显脏,外观好看/有设计感","防摔防磕/保护性强,支架稳定/角度好用,品牌可信/品质稳定,不易沾指纹/不易显脏,外观好看/有设计感",100-119元,可能会,我已认真阅读,购买意愿: [可能会购买],吸引力: [比较吸引],"可旋转使用,磁吸拆分方便,保护性较好",我已认真阅读,购买意愿: [可能会购买],四角气囊防护外显: [非常吸引];侧面直取笔槽: [比较吸引];更丰富、更个性化的配色选择: [比较吸引],愿意多付16-20元,可能会购买,可能会购买,可能会购买,-,-,我愿意为这些升级点多付钱，主要是因为它们能切实提升日常使用体验：软边防摔和晶透背板既保护了平板不被刮花、磕碰，又能还原原机颜值且久用不发黄，防护和外观都兼顾到了；弹性防丢笔槽解决了Apple Pencil易丢的痛点，磁吸拆分和多形态支架则让追剧、学习、画画等场景都更方便顺手，整体的实用性和质感都比普通保护套提升明显，这些细节升级对我来说很有价值，值得额外投入。,我已认真阅读,购买意愿: [可能会购买],光栅纹理背板的视觉效果: [比较吸引];微磨砂质感: [比较吸引];整体看起来更特别/更有设计感: [比较吸引];相比普通光面背板更不易沾指纹: [比较吸引],愿意多付6-10元,可能会购买,可能会购买,说不清,-,-,我愿意为光栅背板多付钱，主要是因为它相比普通背板更不容易留指纹、不显脏，日常用起来清爽干净；独特的纹理设计既比纯透明款更有质感，又比单调的纯色款更耐看、不容易撞款，长期使用也不容易审美疲劳，质感和实用性都有提升，我觉得值得为这些细节升级买单。,1.79s,升级光面款,我更愿意选择光面背板，主要是因为它质感清爽耐看，能还原平板本身的设计美感，而且和光栅背板相比，光面背板工艺更成熟，不容易藏污纳垢，日常擦拭更方便，价格也更友好，对我来说，这种简约干净、实用省心的设计更符合我的使用习惯，也更值得选择。,有时会,女,31-35岁,专业人士,二线,中等,"已婚,育婴期,已育,已有房,已有车",天津,天津市
444,是,88908428,726476,1024659,"平板电脑,平板电脑保护套/壳,智能手表/手环,手机壳,手机贴膜,充电宝/移动电源,运动鞋,手机充电线/数据线,贴片面膜",近12个月内,120–149元,完全由我自己决定购买哪个品牌和产品,Apple（苹果）,以上均无,均未参加过,硕士及以上,"普通翻盖保护套,磁吸不可拆分保护套,旋转可拆分磁吸保护套,带笔槽保护套,键盘保护套","防摔防磕/保护性强,支架稳定/角度好用,不易沾指纹/不易显脏,耐用不易坏,触控笔收纳和拿取方便,价格合适/性价比高","耐用不易坏,防摔防磕/保护性强,支架稳定/角度好用,触控笔收纳和拿取方便,不易沾指纹/不易显脏,价格合适/性价比高",120-149元,肯定会,我已认真阅读,购买意愿: [可能会购买],吸引力: [非常吸引],"磁吸拆分方便,支撑看剧/学习/办公,保护性较好",我已认真阅读,购买意愿: [说不清],四角气囊防护外显: [非常吸引];侧面直取笔槽: [比较吸引];更丰富、更个性化的配色选择: [不太吸引],愿意多付6-10元,可能会购买,可能会购买,可能不会购买,-,-,涨价却没有带来有实际意义上的保护壳升级,我已认真阅读,购买意愿: [可能会购买],光栅纹理背板的视觉效果: [一般];微磨砂质感: [比较吸引];相比普通光面背板更不易沾指纹: [非常吸引];整体看起来更特别/更有设计感: [完全不吸引],愿意多付6-10元,可能会购买,可能不会购买,-,-,-,并没有太吸引我购买的优点,12.77s,两款都可以，没有明显偏好,两者没有太大区别,有时会,女,25-30岁,学生,五线,低,已婚,湖南省,永州市
445,是,88908439,726476,1024659,"智能手表/手环,平板电脑保护套/壳,手机贴膜,贴片面膜,抽纸/卷纸,充电宝/移动电源,手机充电线/数据线,洗衣液/洗衣凝珠,手机壳,洗面奶/洁面乳,T恤/裙子",近12个月内,120–149元,完全由我自己决定购买哪个品牌和产品,Apple（苹果）,以上均无,均未参加过,本科,旋转可拆分磁吸保护套,"防摔防磕/保护性强,外观好看/有设计感,材质手感好,触控笔收纳和拿取方便,耐用不易坏,品牌可信/品质稳定,轻薄便携","防摔防磕/保护性强,触控笔收纳和拿取方便,材质手感好,耐用不易坏,品牌可信/品质稳定,轻薄便携,外观好看/有设计感",100-119元,可能会,我已认真阅读,购买意愿: [可能会购买],吸引力: [比较吸引],"磁吸拆分方便,外观看起来简洁,保护性较好,品牌/品质感较好",我已认真阅读,购买意愿: [可能会购买],四角气囊防护外显: [比较吸引];侧面直取笔槽: [一般];更丰富、更个性化的配色选择: [一般],愿意多付16-20元,可能会购买,说不清,-,-,-,日常在家里使用不用特别小心翼翼，也不用很好的保护，包括配色都不是特别重要,我已认真阅读,购买意愿: [说不清],光栅纹理背板的视觉效果: [一般];微磨砂质感: [比较吸引];相比普通光面背板更不易沾指纹: [比较吸引];整体看起来更特别/更有设计感: [一般],愿意多付6-10元,说不清,-,-,可能会购买,-,不是特别喜欢这个配色，而且价格超出了我的预算,17.98s,两款都可以，没有明显偏好,价格上差不多，材质也差不多，我的选择可能在于性价比高的一款,有时会,女,25-30岁,企业职员,六线,偏高,"准备结婚期,育婴期",安徽省,池州市
446,是,88908444,726476,1024659,"无线蓝牙耳机,手机壳,充电宝/移动电源,薯片/膨化食品,平板电脑,抽纸/卷纸,T恤/裙子,奶茶/咖啡,洗衣液/洗衣凝珠,运动鞋,鼠标/机械键盘,手机充电线/数据线,洗面奶/洁面乳",近12个月内,50–79元,完全由我自己决定购买哪个品牌和产品,Apple（苹果）,医疗/健康/生物制药,均未参加过,本科,带笔槽保护套,"防摔防磕/保护性强,支架稳定/角度好用","支架稳定/角度好用,防摔防磕/保护性强",50-79元,可能会,我已认真阅读,购买意愿: [可能会购买],吸引力: [比较吸引],"可旋转使用,磁吸拆分方便",我已认真阅读,购买意愿: [可能不会购买],四角气囊防护外显: [一般];侧面直取笔槽: [一般];更丰富、更个性化的配色选择: [一般],不愿意多付钱,可能会购买,可能会购买,可能不会购买,-,-,实用性，追剧，打游戏,我已认真阅读,购买意愿: [说不清],光栅纹理背板的视觉效果: [一般];微磨砂质感: [一般];相比普通光面背板更不易沾指纹: [一般];整体看起来更特别/更有设计感: [不太吸引],不愿意多付钱,说不清,-,-,可能会购买,-,没这种需求,25.26s,升级光面款,实用就好,有时会,女,41岁及以上,自由职业/个体经营,二线,中等,"已婚,育婴期,已育,已有房,已有车",江苏省,无锡市
447,是,88908451,726476,1024659,"洗面奶/洁面乳,T恤/裙子,智能手表/手环,手机充电线/数据线,平板电脑,平板电脑保护套/壳,运动鞋,鼠标/机械键盘,贴片面膜,手机贴膜,洗衣液/洗衣凝珠,无线蓝牙耳机,手机壳,薯片/膨化食品,充电宝/移动电源,桌面收纳,抽纸/卷纸,奶茶/咖啡",近12个月内,150–199元,完全由我自己决定购买哪个品牌和产品,Apple（苹果）,以上均无,均未参加过,本科,"带笔槽保护套,磁吸不可拆分保护套","防摔防磕/保护性强,支架稳定/角度好用,触控笔收纳和拿取方便,耐用不易坏,不易沾指纹/不易显脏,材质手感好","防摔防磕/保护性强,支架稳定/角度好用,触控笔收纳和拿取方便,耐用不易坏,不易沾指纹/不易显脏,材质手感好",150-199元,可能会,我已认真阅读,购买意愿: [可能会购买],吸引力: [比较吸引],"可旋转使用,磁吸拆分方便,支撑看剧/学习/办公,保护性较好",我已认真阅读,购买意愿: [可能会购买],四角气囊防护外显: [非常吸引];侧面直取笔槽: [非常吸引];更丰富、更个性化的配色选择: [一般],愿意多付21元及以上,可能会购买,可能会购买,可能不会购买,-,-,四角防护更好，拿笔也比较方便。,我已认真阅读,购买意愿: [可能会购买],光栅纹理背板的视觉效果: [比较吸引];微磨砂质感: [比较吸引];相比普通光面背板更不易沾指纹: [比较吸引];整体看起来更特别/更有设计感: [一般],愿意多付21元及以上,可能会购买,可能会购买,可能不会购买,-,-,光栅背板不易沾指纹很实用，防滑也很实用。,58.62s,光栅款,光栅比光面更防滑，还防沾指纹，所以更倾向选择光栅版。,有时会,女,31-35岁,企业职员,二线,偏低,"已婚,已育,已有房",河南省,郑州市
448,是,88908454,726476,1024659,"贴片面膜,洗面奶/洁面乳,抽纸/卷纸,手机壳,手机充电线/数据线,无线蓝牙耳机,平板电脑保护套/壳,手机贴膜,运动鞋,T恤/裙子,桌面收纳",近12个月内,100–119元,完全由我自己决定购买哪个品牌和产品,Apple（苹果）,以上均无,美妆/个人护理类,本科,"带笔槽保护套,旋转可拆分磁吸保护套","防摔防磕/保护性强,触控笔收纳和拿取方便,支架稳定/角度好用,轻薄便携","防摔防磕/保护性强,支架稳定/角度好用,触控笔收纳和拿取方便,轻薄便携",100-119元,可能会,我已认真阅读,购买意愿: [可能会购买],吸引力: [比较吸引],"可旋转使用,磁吸拆分方便,保护性较好",我已认真阅读,购买意愿: [可能会购买],四角气囊防护外显: [比较吸引];侧面直取笔槽: [比较吸引];更丰富、更个性化的配色选择: [一般],愿意多付16-20元,可能会购买,可能会购买,说不清,-,-,防摔功能更完善，收纳方便不容易丢失,我已认真阅读,购买意愿: [可能不会购买],光栅纹理背板的视觉效果: [不太吸引];微磨砂质感: [不太吸引];相比普通光面背板更不易沾指纹: [比较吸引];整体看起来更特别/更有设计感: [一般],愿意多付11-15元,说不清,-,-,可能会购买,-,不沾指纹,16.51s,升级光面款,为了不沾指纹贵很多的话就没必要了,有时会,女,41岁及以上,自由职业/个体经营,一线,中等,"已婚,育婴期,已育,装修期,已有房,已有车",上海,上海市
449,是,88908464,726476,1024659,"平板电脑,贴片面膜,无线蓝牙耳机,平板电脑保护套/壳,手机充电线/数据线,鼠标/机械键盘,充电宝/移动电源,智能手表/手环",近12个月内,120–149元,完全由我自己决定购买哪个品牌和产品,Apple（苹果）,以上均无,均未参加过,硕士及以上,"普通翻盖保护套,旋转可拆分磁吸保护套,透明/半透明保护壳,键盘保护套","防摔防磕/保护性强,不易沾指纹/不易显脏,轻薄便携,支架稳定/角度好用,外观好看/有设计感","外观好看/有设计感,支架稳定/角度好用,轻薄便携,不易沾指纹/不易显脏,防摔防磕/保护性强",120-149元,可能会,我已认真阅读,购买意愿: [可能会购买],吸引力: [比较吸引],"磁吸拆分方便,外观看起来简洁,品牌/品质感较好",我已认真阅读,购买意愿: [可能会购买],四角气囊防护外显: [比较吸引];侧面直取笔槽: [比较吸引];更丰富、更个性化的配色选择: [比较吸引],愿意多付21元及以上,可能会购买,可能会购买,可能会购买,-,-,物有所值，符合需求,我已认真阅读,购买意愿: [可能会购买],光栅纹理背板的视觉效果: [比较吸引];微磨砂质感: [比较吸引];相比普通光面背板更不易沾指纹: [比较吸引];整体看起来更特别/更有设计感: [比较吸引],愿意多付21元及以上,可能会购买,可能会购买,可能会购买,-,-,质感很好,7.06s,升级光面款,功能齐全,经常会,女,25-30岁,专业人士,二线,低,"已婚,育婴期,已育,已有车",浙江省,杭州市
450,是,88908468,726476,1024659,"无线蓝牙耳机,智能手表/手环,鼠标/机械键盘,薯片/膨化食品,平板电脑,手机贴膜,运动鞋,T恤/裙子,奶茶/咖啡,洗面奶/洁面乳,手机充电线/数据线,洗衣液/洗衣凝珠,手机壳,贴片面膜",近12个月内,50–79元,完全由我自己决定购买哪个品牌和产品,Apple（苹果）,以上均无,食品/饮料/餐饮类,本科,磁吸不可拆分保护套,"防摔防磕/保护性强,外观好看/有设计感,支架稳定/角度好用,与平板搭配协调,品牌可信/品质稳定,材质手感好","防摔防磕/保护性强,与平板搭配协调,支架稳定/角度好用,品牌可信/品质稳定,材质手感好,外观好看/有设计感",80-99元,可能会,我已认真阅读,购买意愿: [可能会购买],吸引力: [比较吸引],"可旋转使用,磁吸拆分方便,外观看起来简洁,支撑看剧/学习/办公,品牌/品质感较好,保护性较好",我已认真阅读,购买意愿: [可能会购买],四角气囊防护外显: [非常吸引];侧面直取笔槽: [一般];更丰富、更个性化的配色选择: [比较吸引],不愿意多付钱,可能会购买,可能会购买,可能不会购买,-,-,我感觉这个保护套的防护性能比较好，配色也丰富，而且支撑性还有外观也比较符合我的审美,我已认真阅读,购买意愿: [可能会购买],光栅纹理背板的视觉效果: [非常吸引];微磨砂质感: [比较吸引];相比普通光面背板更不易沾指纹: [非常吸引];整体看起来更特别/更有设计感: [非常吸引],即使同价也更倾向升级光面款,可能会购买,可能不会购买,-,-,-,光栅背板的颜值和质感都非常高，而且防指纹，手感好,50.31s,光栅款,光面款可能有指纹的问题而且容易刮花，防护性能不如光栅款的,有时会,男,25-30岁,企业职员,五线,低,"单身,装修期",湖南省,益阳市
451,是,88908479,726476,1024659,"抽纸/卷纸,平板电脑保护套/壳,平板电脑,智能手表/手环,贴片面膜,洗面奶/洁面乳",近12个月内,120–149元,完全由我自己决定购买哪个品牌和产品,Apple（苹果）,以上均无,均未参加过,大专,旋转可拆分磁吸保护套,"支架稳定/角度好用,轻薄便携,耐用不易坏","支架稳定/角度好用,耐用不易坏,轻薄便携",120-149元,肯定会,我已认真阅读,购买意愿: [肯定会购买],吸引力: [非常吸引],"可旋转使用,外观看起来简洁,磁吸拆分方便",我已认真阅读,购买意愿: [可能会购买],四角气囊防护外显: [比较吸引];侧面直取笔槽: [非常吸引];更丰富、更个性化的配色选择: [非常吸引],愿意多付6-10元,肯定会购买,肯定会购买,肯定会购买,-,-,如果价钱相差不大，我会选择更好的,我已认真阅读,购买意愿: [肯定会购买],光栅纹理背板的视觉效果: [比较吸引];微磨砂质感: [非常吸引];相比普通光面背板更不易沾指纹: [比较吸引];整体看起来更特别/更有设计感: [比较吸引],愿意多付16-20元,可能会购买,肯定会购买,可能会购买,-,-,设计感,9.0s,光栅款,设计与质感,经常会,女,31-35岁,其他,一线,中等,"准备结婚期,已有车",广东省,深圳市
452,是,88908482,726476,1024659,"平板电脑,手机充电线/数据线,平板电脑保护套/壳,充电宝/移动电源",近12个月内,120–149元,完全由我自己决定购买哪个品牌和产品,Apple（苹果）,以上均无,均未参加过,本科,"普通翻盖保护套,旋转可拆分磁吸保护套,磁吸不可拆分保护套,键盘保护套","防摔防磕/保护性强,材质手感好,轻薄便携,价格合适/性价比高,品牌可信/品质稳定,不易沾指纹/不易显脏","材质手感好,品牌可信/品质稳定,防摔防磕/保护性强,不易沾指纹/不易显脏,轻薄便携,价格合适/性价比高",120-149元,肯定会,我已认真阅读,购买意愿: [肯定会购买],吸引力: [非常吸引],"可旋转使用,支撑看剧/学习/办公,外观看起来简洁,价格合适,品牌/品质感较好",我已认真阅读,购买意愿: [肯定会购买],四角气囊防护外显: [比较吸引];侧面直取笔槽: [比较吸引];更丰富、更个性化的配色选择: [非常吸引],愿意多付11-15元,可能会购买,可能会购买,可能会购买,-,-,因为我买东西比较考虑的是性价比。防护我认为普通款也一样，不需要额外多付钱。,我已认真阅读,购买意愿: [肯定会购买],光栅纹理背板的视觉效果: [比较吸引];微磨砂质感: [比较吸引];相比普通光面背板更不易沾指纹: [非常吸引];整体看起来更特别/更有设计感: [非常吸引],愿意多付11-15元,可能会购买,可能会购买,肯定会购买,-,-,如果这个背板不沾指纹的话，我愿意多付钱。,22.25s,光栅款,我愿意给好的设计多付钱。,经常会,女,25-30岁,其他,一线,偏低,"已婚,育婴期,已育,已有房,已有车",上海,上海市
453,是,88908501,726476,1024659,"洗面奶/洁面乳,T恤/裙子,桌面收纳,贴片面膜,运动鞋,手机壳,平板电脑保护套/壳,洗衣液/洗衣凝珠,无线蓝牙耳机,奶茶/咖啡,室内绿植/花卉,鼠标/机械键盘,薯片/膨化食品,抽纸/卷纸,充电宝/移动电源,手机贴膜,手机充电线/数据线",近12个月内,80–99元,完全由我自己决定购买哪个品牌和产品,Apple（苹果）,以上均无,美妆/个人护理类,本科,旋转可拆分磁吸保护套,"支架稳定/角度好用,轻薄便携,不易沾指纹/不易显脏,防摔防磕/保护性强,材质手感好,外观好看/有设计感,耐用不易坏,品牌可信/品质稳定,与平板搭配协调","轻薄便携,与平板搭配协调,防摔防磕/保护性强,不易沾指纹/不易显脏,材质手感好,支架稳定/角度好用,品牌可信/品质稳定,耐用不易坏,外观好看/有设计感",100-119元,肯定会,我已认真阅读,购买意愿: [可能会购买],吸引力: [比较吸引],"磁吸拆分方便,支撑看剧/学习/办公,保护性较好",我已认真阅读,购买意愿: [肯定会购买],四角气囊防护外显: [非常吸引];侧面直取笔槽: [比较吸引];更丰富、更个性化的配色选择: [非常吸引],愿意多付11-15元,肯定会购买,可能会购买,说不清,-,-,防护方面更到位，配色更高级，使用感更好,我已认真阅读,购买意愿: [可能会购买],光栅纹理背板的视觉效果: [一般];微磨砂质感: [比较吸引];相比普通光面背板更不易沾指纹: [非常吸引];整体看起来更特别/更有设计感: [比较吸引],愿意多付6-10元,可能会购买,可能不会购买,-,-,-,不好看不高级不喜欢,13.14s,升级光面款,光面款更简约大气,有时会,女,25-30岁,专业人士,二线,中等,"准备结婚期,育婴期,已育",湖南省,长沙市
454,是,88908550,726476,1024659,"智能手表/手环,平板电脑保护套/壳,手机贴膜,抽纸/卷纸,手机壳,薯片/膨化食品,平板电脑",近12个月内,100–119元,完全由我自己决定购买哪个品牌和产品,Apple（苹果）,以上均无,均未参加过,本科,旋转可拆分磁吸保护套,"防摔防磕/保护性强,外观好看/有设计感,轻薄便携,与平板搭配协调,支架稳定/角度好用","支架稳定/角度好用,外观好看/有设计感,防摔防磕/保护性强,轻薄便携,与平板搭配协调",80-99元,可能会,我已认真阅读,购买意愿: [可能会购买],吸引力: [比较吸引],"可旋转使用,外观看起来简洁,品牌/品质感较好",我已认真阅读,购买意愿: [可能会购买],四角气囊防护外显: [非常吸引];侧面直取笔槽: [比较吸引];更丰富、更个性化的配色选择: [非常吸引],愿意多付6-10元,可能会购买,说不清,-,-,-,有点贵啊,我已认真阅读,购买意愿: [可能会购买],光栅纹理背板的视觉效果: [非常吸引];微磨砂质感: [比较吸引];相比普通光面背板更不易沾指纹: [非常吸引];整体看起来更特别/更有设计感: [非常吸引],愿意多付16-20元,可能会购买,可能会购买,说不清,-,-,太贵了,3.03s,光栅款,看起来很高级,有时会,女,31-35岁,企业职员,三线,中等,"已婚,育婴期,已育,已有车",浙江省,嘉兴市
455,是,88908552,726476,1024659,"洗面奶/洁面乳,鼠标/机械键盘,薯片/膨化食品,手机壳,奶茶/咖啡,手机充电线/数据线,手机贴膜,智能手表/手环,洗衣液/洗衣凝珠,运动鞋,T恤/裙子,桌面收纳,平板电脑,平板电脑保护套/壳,充电宝/移动电源,抽纸/卷纸",近12个月内,80–99元,完全由我自己决定购买哪个品牌和产品,Apple（苹果）,以上均无,均未参加过,本科,普通翻盖保护套,"防摔防磕/保护性强,支架稳定/角度好用,触控笔收纳和拿取方便,材质手感好,不易沾指纹/不易显脏,轻薄便携,品牌可信/品质稳定,耐用不易坏,与平板搭配协调","品牌可信/品质稳定,轻薄便携,防摔防磕/保护性强,耐用不易坏,触控笔收纳和拿取方便,支架稳定/角度好用,材质手感好,不易沾指纹/不易显脏,与平板搭配协调",100-119元,可能会,我已认真阅读,购买意愿: [可能会购买],吸引力: [比较吸引],"可旋转使用,磁吸拆分方便,支撑看剧/学习/办公,外观看起来简洁,保护性较好",我已认真阅读,购买意愿: [可能会购买],四角气囊防护外显: [非常吸引];侧面直取笔槽: [非常吸引];更丰富、更个性化的配色选择: [比较吸引],愿意多付6-10元,可能会购买,可能会购买,可能会购买,-,-,愿意支付，更加防摔，更加好用,我已认真阅读,购买意愿: [可能会购买],光栅纹理背板的视觉效果: [非常吸引];微磨砂质感: [非常吸引];相比普通光面背板更不易沾指纹: [非常吸引];整体看起来更特别/更有设计感: [非常吸引],愿意多付5元以内,可能会购买,可能会购买,可能会购买,-,-,更加方便实用,15.87s,光栅款,有更多我想要的实用功能,有时会,女,31-35岁,专业人士,一线,中等,"已婚,已有房",上海,上海市
456,是,88908645,726476,1024659,"平板电脑保护套/壳,贴片面膜,抽纸/卷纸,运动鞋,手机贴膜,充电宝/移动电源,洗衣液/洗衣凝珠,T恤/裙子,手机壳,桌面收纳,鼠标/机械键盘,手机充电线/数据线,平板电脑,智能手表/手环,室内绿植/花卉,洗面奶/洁面乳",近12个月内,50–79元,完全由我自己决定购买哪个品牌和产品,Apple（苹果）,以上均无,均未参加过,大专,磁吸不可拆分保护套,"支架稳定/角度好用,材质手感好,防摔防磕/保护性强","支架稳定/角度好用,防摔防磕/保护性强,材质手感好",50-79元,肯定会,我已认真阅读,购买意愿: [可能会购买],吸引力: [比较吸引],"磁吸拆分方便,保护性较好,可旋转使用",我已认真阅读,购买意愿: [可能会购买],四角气囊防护外显: [比较吸引];侧面直取笔槽: [比较吸引];更丰富、更个性化的配色选择: [比较吸引],愿意多付6-10元,可能会购买,可能会购买,可能会购买,-,-,配色不够多元化。,我已认真阅读,购买意愿: [可能会购买],光栅纹理背板的视觉效果: [比较吸引];微磨砂质感: [比较吸引];相比普通光面背板更不易沾指纹: [一般];整体看起来更特别/更有设计感: [一般],愿意多付5元以内,可能会购买,说不清,-,-,-,功能对我作用不大,20.65s,升级光面款,比较喜欢光面款,有时会,男,41岁及以上,企业职员,一线,低,"已婚,育婴期,已育,已有房",广东省,广州市
457,是,88908705,726476,1024659,"充电宝/移动电源,手机壳,贴片面膜,手机充电线/数据线,T恤/裙子,抽纸/卷纸,运动鞋,洗衣液/洗衣凝珠,平板电脑,手机贴膜,桌面收纳,平板电脑保护套/壳,奶茶/咖啡,洗面奶/洁面乳",近12个月内,100–119元,完全由我自己决定购买哪个品牌和产品,Apple（苹果）,互联网/IT/软件服务,均未参加过,本科,"磁吸不可拆分保护套,旋转可拆分磁吸保护套,带笔槽保护套,透明/半透明保护壳","防摔防磕/保护性强,支架稳定/角度好用,轻薄便携,价格合适/性价比高,材质手感好,外观好看/有设计感","防摔防磕/保护性强,支架稳定/角度好用,轻薄便携,外观好看/有设计感,材质手感好,价格合适/性价比高",80-99元,肯定会,我已认真阅读,购买意愿: [可能会购买],吸引力: [一般],"磁吸拆分方便,支撑看剧/学习/办公,外观看起来简洁",我已认真阅读,购买意愿: [可能会购买],四角气囊防护外显: [比较吸引];侧面直取笔槽: [不太吸引];更丰富、更个性化的配色选择: [一般],不愿意多付钱,可能不会购买,-,-,可能不会购买,可能会购买,因为差不多 没有特别的可以让我多付费的吸引力,我已认真阅读,购买意愿: [肯定不会购买],光栅纹理背板的视觉效果: [完全不吸引];微磨砂质感: [一般];相比普通光面背板更不易沾指纹: [一般];整体看起来更特别/更有设计感: [一般],不愿意多付钱,肯定不会购买,-,-,肯定不会购买,肯定不会购买,没有特殊的功能点,14.78s,升级光面款,光栅不好看,有时会,女,31-35岁,企业职员,一线,高,准备结婚期,广东省,广州市
458,是,88908729,726476,1024659,"T恤/裙子,运动鞋,手机贴膜,充电宝/移动电源,洗面奶/洁面乳,手机壳,抽纸/卷纸,无线蓝牙耳机,手机充电线/数据线,薯片/膨化食品,平板电脑保护套/壳,贴片面膜,奶茶/咖啡,洗衣液/洗衣凝珠",近12个月内,80–99元,主要由我自己决定，偶尔参考他人意见,Apple（苹果）,以上均无,均未参加过,本科,磁吸不可拆分保护套,"防摔防磕/保护性强,支架稳定/角度好用,材质手感好,不易沾指纹/不易显脏,轻薄便携,品牌可信/品质稳定,价格合适/性价比高,耐用不易坏,与平板搭配协调","防摔防磕/保护性强,耐用不易坏,与平板搭配协调,轻薄便携,价格合适/性价比高,支架稳定/角度好用,材质手感好,不易沾指纹/不易显脏,品牌可信/品质稳定",80-99元,可能会,我已认真阅读,购买意愿: [可能会购买],吸引力: [比较吸引],"磁吸拆分方便,可旋转使用,价格合适,保护性较好",我已认真阅读,购买意愿: [可能会购买],四角气囊防护外显: [比较吸引];侧面直取笔槽: [一般];更丰富、更个性化的配色选择: [比较吸引],愿意多付16-20元,可能会购买,可能会购买,说不清,-,-,愿意多付钱因为防护性能增强，不愿意多付钱因为对颜色要求不高，笔槽用处不大,我已认真阅读,购买意愿: [可能会购买],光栅纹理背板的视觉效果: [比较吸引];微磨砂质感: [比较吸引];相比普通光面背板更不易沾指纹: [比较吸引];整体看起来更特别/更有设计感: [比较吸引],愿意多付16-20元,可能会购买,肯定会购买,说不清,-,-,愿意多付钱因为材质更好，不易粘指纹,43.79s,光栅款,防护性能和材质更好,有时会,女,36-40岁,自由职业/个体经营,一线,高,"已婚,育婴期,已育,已有房,已有车",北京,北京市
459,是,88908755,726476,1024659,"平板电脑保护套/壳,平板电脑,无线蓝牙耳机,奶茶/咖啡,手机壳,洗衣液/洗衣凝珠,运动鞋,洗面奶/洁面乳,鼠标/机械键盘,T恤/裙子,手机贴膜,抽纸/卷纸,充电宝/移动电源,手机充电线/数据线,室内绿植/花卉,薯片/膨化食品,智能手表/手环,桌面收纳,贴片面膜",近12个月内,120–149元,完全由我自己决定购买哪个品牌和产品,Apple（苹果）,以上均无,均未参加过,本科,"普通翻盖保护套,透明/半透明保护壳,单壳（不带盖板）保护套","防摔防磕/保护性强,材质手感好,外观好看/有设计感,不易沾指纹/不易显脏,颜色选择丰富,与平板搭配协调,支架稳定/角度好用,触控笔收纳和拿取方便,轻薄便携,价格合适/性价比高,品牌可信/品质稳定,耐用不易坏","不易沾指纹/不易显脏,材质手感好,与平板搭配协调,轻薄便携,支架稳定/角度好用,防摔防磕/保护性强,外观好看/有设计感,耐用不易坏,品牌可信/品质稳定,价格合适/性价比高,颜色选择丰富,触控笔收纳和拿取方便",120-149元,肯定会,我已认真阅读,购买意愿: [肯定会购买],吸引力: [比较吸引],"可旋转使用,磁吸拆分方便,保护性较好,价格合适,外观看起来简洁,支撑看剧/学习/办公",我已认真阅读,购买意愿: [肯定会购买],四角气囊防护外显: [非常吸引];侧面直取笔槽: [比较吸引];更丰富、更个性化的配色选择: [比较吸引],愿意多付16-20元,可能会购买,可能会购买,可能不会购买,-,-,我觉得追主要的就是很牛逼陈厉害，就是的活动活动就，和就是电话是谁叫，超级牛逼的无敌解释的。因为我就是喜欢防护牛逼，然后便的话我觉得好用就行，愿意好用多加钱。配色外观自己喜欢肯定会啊，然后日常使用的话直接牛逼就是了,我已认真阅读,购买意愿: [可能会购买],光栅纹理背板的视觉效果: [比较吸引];微磨砂质感: [非常吸引];相比普通光面背板更不易沾指纹: [非常吸引];整体看起来更特别/更有设计感: [比较吸引],愿意多付16-20元,可能会购买,可能不会购买,-,-,-,感觉的话只是外观变化，我不会多加防护费的。质感的话和光面差不多的，然后防指纹很牛逼，然后跟也别，特别的。感觉还是挺耐看的。感觉值得加这个钱。,49.55s,光栅款,我觉得就是自己是油手啊，然后价格很合适，然后外观差不多，材质一致，然后功能一致，防护也差不多ok，但是使用习惯就是光栅不容易沾到指纹哈哈哈。我觉得值得加钱,有时会,男,31-35岁,企业职员,二线,偏低,"已婚,已有房,已有车",江苏省,苏州市
460,是,88908767,726476,1024659,"手机壳,平板电脑,无线蓝牙耳机,手机贴膜,洗面奶/洁面乳,充电宝/移动电源,T恤/裙子,智能手表/手环,洗衣液/洗衣凝珠,薯片/膨化食品,平板电脑保护套/壳,奶茶/咖啡,手机充电线/数据线,运动鞋,贴片面膜,抽纸/卷纸",近12个月内,80–99元,完全由我自己决定购买哪个品牌和产品,Apple（苹果）,以上均无,均未参加过,硕士及以上,"普通翻盖保护套,磁吸不可拆分保护套","防摔防磕/保护性强,支架稳定/角度好用,耐用不易坏,品牌可信/品质稳定,轻薄便携,颜色选择丰富","防摔防磕/保护性强,支架稳定/角度好用,轻薄便携,耐用不易坏,品牌可信/品质稳定,颜色选择丰富",80-99元,可能不会,我已认真阅读,购买意愿: [可能不会购买],吸引力: [一般],"磁吸拆分方便,支撑看剧/学习/办公,可旋转使用",我已认真阅读,购买意愿: [可能不会购买],四角气囊防护外显: [比较吸引];侧面直取笔槽: [比较吸引];更丰富、更个性化的配色选择: [比较吸引],愿意多付6-10元,可能不会购买,-,-,可能不会购买,可能不会购买,普通的壳已经足够了,我已认真阅读,购买意愿: [可能不会购买],光栅纹理背板的视觉效果: [不太吸引];微磨砂质感: [不太吸引];相比普通光面背板更不易沾指纹: [不太吸引];整体看起来更特别/更有设计感: [不太吸引],不愿意多付钱,可能不会购买,-,-,可能不会购买,可能不会购买,背板不是很重要,10.5s,两款都不想购买,担心包裹壳会导致ipad变形,有时会,女,25-30岁,企业职员,一线,偏高,单身,北京,北京市
462,是,88908804,726476,1024659,"平板电脑保护套/壳,洗衣液/洗衣凝珠,充电宝/移动电源,智能手表/手环,桌面收纳,洗面奶/洁面乳,抽纸/卷纸,鼠标/机械键盘,奶茶/咖啡,薯片/膨化食品,无线蓝牙耳机,平板电脑,手机充电线/数据线,手机壳,运动鞋",近13-24个月内,200元及以上,完全由我自己决定购买哪个品牌和产品,Apple（苹果）,以上均无,均未参加过,硕士及以上,"磁吸不可拆分保护套,旋转可拆分磁吸保护套,键盘保护套","支架稳定/角度好用,外观好看/有设计感,轻薄便携,品牌可信/品质稳定","品牌可信/品质稳定,支架稳定/角度好用,轻薄便携,外观好看/有设计感",150-199元,可能会,我已认真阅读,购买意愿: [可能会购买],吸引力: [不太吸引],保护性较好,我已认真阅读,购买意愿: [可能会购买],四角气囊防护外显: [非常吸引];侧面直取笔槽: [一般];更丰富、更个性化的配色选择: [一般],愿意多付16-20元,可能会购买,可能会购买,说不清,-,-,色彩的多样性,我已认真阅读,购买意愿: [可能会购买],光栅纹理背板的视觉效果: [比较吸引];微磨砂质感: [一般];相比普通光面背板更不易沾指纹: [非常吸引];整体看起来更特别/更有设计感: [一般],愿意多付16-20元,肯定会购买,可能会购买,可能会购买,-,-,不容易留下指纹印和手汗,24.78s,光栅款,不容易沾手印,有时会,女,31-35岁,企业职员,三线,偏高,未知,山东省,临沂市
463,是,88908822,726476,1024659,"手机充电线/数据线,洗衣液/洗衣凝珠,手机贴膜,贴片面膜,奶茶/咖啡,抽纸/卷纸,T恤/裙子,室内绿植/花卉,平板电脑保护套/壳,手机壳,薯片/膨化食品,运动鞋,充电宝/移动电源,桌面收纳,平板电脑,智能手表/手环,洗面奶/洁面乳,无线蓝牙耳机",近12个月内,150–199元,完全由我自己决定购买哪个品牌和产品,Apple（苹果）,以上均无,均未参加过,硕士及以上,"旋转可拆分磁吸保护套,带笔槽保护套,透明/半透明保护壳,键盘保护套","防摔防磕/保护性强,支架稳定/角度好用,触控笔收纳和拿取方便,材质手感好,不易沾指纹/不易显脏,外观好看/有设计感,轻薄便携,品牌可信/品质稳定,价格合适/性价比高,与平板搭配协调,耐用不易坏,颜色选择丰富","与平板搭配协调,支架稳定/角度好用,防摔防磕/保护性强,耐用不易坏,材质手感好,轻薄便携,不易沾指纹/不易显脏,触控笔收纳和拿取方便,外观好看/有设计感,颜色选择丰富,价格合适/性价比高,品牌可信/品质稳定",150-199元,肯定会,我已认真阅读,购买意愿: [肯定会购买],吸引力: [非常吸引],"可旋转使用,磁吸拆分方便,价格合适,外观看起来简洁,保护性较好",我已认真阅读,购买意愿: [肯定会购买],四角气囊防护外显: [非常吸引];侧面直取笔槽: [非常吸引];更丰富、更个性化的配色选择: [非常吸引],愿意多付21元及以上,肯定会购买,肯定会购买,肯定会购买,-,-,愿意  性价比高  颜色好看  保护性不错,我已认真阅读,购买意愿: [肯定会购买],光栅纹理背板的视觉效果: [非常吸引];微磨砂质感: [非常吸引];相比普通光面背板更不易沾指纹: [非常吸引];整体看起来更特别/更有设计感: [非常吸引],愿意多付21元及以上,肯定会购买,肯定会购买,肯定会购买,-,-,设计感 功能性,8.43s,光栅款,外观更好看,经常会,女,31-35岁,企业职员,二线,中等,未知,浙江省,杭州市
464,是,88908826,726476,1024659,"桌面收纳,手机充电线/数据线,抽纸/卷纸,薯片/膨化食品,手机壳,洗面奶/洁面乳,洗衣液/洗衣凝珠,T恤/裙子,智能手表/手环,平板电脑保护套/壳,运动鞋,奶茶/咖啡,贴片面膜",近12个月内,100–119元,完全由我自己决定购买哪个品牌和产品,Apple（苹果）,以上均无,均未参加过,本科,单壳（不带盖板）保护套,"支架稳定/角度好用,轻薄便携,品牌可信/品质稳定","品牌可信/品质稳定,支架稳定/角度好用,轻薄便携",100-119元,肯定会,我已认真阅读,购买意愿: [肯定会购买],吸引力: [非常吸引],"可旋转使用,价格合适,品牌/品质感较好",我已认真阅读,购买意愿: [肯定会购买],四角气囊防护外显: [非常吸引];侧面直取笔槽: [一般];更丰富、更个性化的配色选择: [比较吸引],愿意多付6-10元,可能会购买,可能会购买,可能会购买,-,-,对我来说，笔槽没有使用的必要的。,我已认真阅读,购买意愿: [肯定会购买],光栅纹理背板的视觉效果: [非常吸引];微磨砂质感: [非常吸引];相比普通光面背板更不易沾指纹: [非常吸引];整体看起来更特别/更有设计感: [非常吸引],愿意多付6-10元,可能会购买,可能会购买,可能会购买,-,-,希望性价比能够再高一点。,12.59s,两款都可以，没有明显偏好,希望性价比能够再高一点。,经常会,女,31-35岁,企业职员,一线,低,未知,上海,上海市
465,是,88909154,726476,1024659,"奶茶/咖啡,鼠标/机械键盘,手机充电线/数据线,智能手表/手环,平板电脑,平板电脑保护套/壳,充电宝/移动电源,桌面收纳,手机壳,贴片面膜,运动鞋,抽纸/卷纸,T恤/裙子,手机贴膜,洗面奶/洁面乳,薯片/膨化食品,洗衣液/洗衣凝珠",近12个月内,150–199元,完全由我自己决定购买哪个品牌和产品,Apple（苹果）,以上均无,均未参加过,本科,旋转可拆分磁吸保护套,"防摔防磕/保护性强,颜色选择丰富,轻薄便携,支架稳定/角度好用","支架稳定/角度好用,防摔防磕/保护性强,轻薄便携,颜色选择丰富",200元及以上,肯定会,我已认真阅读,购买意愿: [肯定会购买],吸引力: [非常吸引],"可旋转使用,支撑看剧/学习/办公,外观看起来简洁,品牌/品质感较好",我已认真阅读,购买意愿: [肯定会购买],四角气囊防护外显: [非常吸引];侧面直取笔槽: [非常吸引];更丰富、更个性化的配色选择: [非常吸引],愿意多付21元及以上,肯定会购买,肯定会购买,肯定会购买,-,-,颜色特别好看 外观质量很好 日常使用特别好,我已认真阅读,购买意愿: [肯定会购买],光栅纹理背板的视觉效果: [非常吸引];微磨砂质感: [非常吸引];相比普通光面背板更不易沾指纹: [非常吸引];整体看起来更特别/更有设计感: [非常吸引],愿意多付21元及以上,肯定会购买,肯定会购买,肯定会购买,-,-,感觉质量特别好 非常喜欢这个,10.28s,升级光面款,感觉更佳的好用 非常喜欢这个,经常会,女,25-30岁,自由职业/个体经营,三线,低,"已婚,已育",江西省,南昌市
466,是,88909155,726476,1024659,"薯片/膨化食品,运动鞋,洗面奶/洁面乳,桌面收纳,鼠标/机械键盘,抽纸/卷纸,手机贴膜,洗衣液/洗衣凝珠,充电宝/移动电源,手机充电线/数据线,平板电脑保护套/壳,手机壳,贴片面膜,无线蓝牙耳机,奶茶/咖啡,平板电脑,T恤/裙子,室内绿植/花卉,智能手表/手环",近12个月内,100–119元,完全由我自己决定购买哪个品牌和产品,Apple（苹果）,以上均无,均未参加过,本科,"普通翻盖保护套,旋转可拆分磁吸保护套,键盘保护套,磁吸不可拆分保护套","不易沾指纹/不易显脏,防摔防磕/保护性强","防摔防磕/保护性强,不易沾指纹/不易显脏",120-149元,肯定会,我已认真阅读,购买意愿: [可能会购买],吸引力: [非常吸引],"可旋转使用,磁吸拆分方便,支撑看剧/学习/办公,价格合适,外观看起来简洁,保护性较好,品牌/品质感较好",我已认真阅读,购买意愿: [肯定会购买],四角气囊防护外显: [非常吸引];侧面直取笔槽: [比较吸引];更丰富、更个性化的配色选择: [非常吸引],愿意多付21元及以上,肯定会购买,肯定会购买,可能会购买,-,-,我愿意为升级付费。升级后更强的防护能降低设备磕碰损坏的维修成本，,我已认真阅读,购买意愿: [肯定会购买],光栅纹理背板的视觉效果: [比较吸引];微磨砂质感: [非常吸引];相比普通光面背板更不易沾指纹: [非常吸引];整体看起来更特别/更有设计感: [比较吸引],愿意多付16-20元,肯定会购买,可能会购买,可能会购买,-,-,我愿意为升级付费。设备磕碰损坏的维修成本，,16.25s,光栅款,因为微磨砂纹理背板不容易沾指纹，使用时背板能一直保持干净清爽；同时触感更有层次，握持手感比纯光面更好，防滑性也更强，,经常会,女,25-30岁,企业职员,二线,低,"单身,育婴期,已有车",广东省,东莞市
467,是,88909162,726476,1024659,"室内绿植/花卉,充电宝/移动电源,运动鞋,奶茶/咖啡,智能手表/手环,桌面收纳,抽纸/卷纸,平板电脑保护套/壳,鼠标/机械键盘,薯片/膨化食品,手机贴膜,平板电脑,手机充电线/数据线,手机壳,T恤/裙子,洗面奶/洁面乳,洗衣液/洗衣凝珠,无线蓝牙耳机,贴片面膜",近12个月内,120–149元,完全由我自己决定购买哪个品牌和产品,Apple（苹果）,以上均无,均未参加过,本科,"普通翻盖保护套,磁吸不可拆分保护套,旋转可拆分磁吸保护套,带笔槽保护套,键盘保护套","防摔防磕/保护性强,不易沾指纹/不易显脏,材质手感好,支架稳定/角度好用,价格合适/性价比高,轻薄便携,与平板搭配协调,耐用不易坏","耐用不易坏,材质手感好,防摔防磕/保护性强,价格合适/性价比高,与平板搭配协调,支架稳定/角度好用,不易沾指纹/不易显脏,轻薄便携",120-149元,肯定会,我已认真阅读,购买意愿: [可能会购买],吸引力: [比较吸引],"可旋转使用,磁吸拆分方便,外观看起来简洁,保护性较好,支撑看剧/学习/办公",我已认真阅读,购买意愿: [肯定会购买],四角气囊防护外显: [非常吸引];侧面直取笔槽: [比较吸引];更丰富、更个性化的配色选择: [非常吸引],愿意多付21元及以上,可能会购买,肯定会购买,可能会购买,-,-,我觉得她的颜色不值这个价格，也没有特别便利,我已认真阅读,购买意愿: [可能会购买],光栅纹理背板的视觉效果: [非常吸引];相比普通光面背板更不易沾指纹: [比较吸引];整体看起来更特别/更有设计感: [非常吸引];微磨砂质感: [比较吸引],愿意多付21元及以上,肯定会购买,可能会购买,可能会购买,-,-,我觉得价格太贵了,4.58s,光栅款,我觉得这个款式更好看，而且功能多一点,经常会,女,25-30岁,企业职员,二线,偏低,"已婚,已有房,已有车",广东省,佛山市
468,是,88909167,726476,1024659,"薯片/膨化食品,平板电脑保护套/壳,智能手表/手环,手机充电线/数据线,无线蓝牙耳机,T恤/裙子,桌面收纳,手机壳,充电宝/移动电源,贴片面膜,洗衣液/洗衣凝珠,运动鞋,洗面奶/洁面乳,抽纸/卷纸,平板电脑,手机贴膜,奶茶/咖啡",近12个月内,50–79元,完全由我自己决定购买哪个品牌和产品,Apple（苹果）,医疗/健康/生物制药,"食品/饮料/餐饮类,美妆/个人护理类",本科,旋转可拆分磁吸保护套,"外观好看/有设计感,防摔防磕/保护性强,触控笔收纳和拿取方便","防摔防磕/保护性强,外观好看/有设计感,触控笔收纳和拿取方便",50-79元,肯定会,我已认真阅读,购买意愿: [肯定会购买],吸引力: [比较吸引],"磁吸拆分方便,保护性较好,可旋转使用",我已认真阅读,购买意愿: [可能会购买],四角气囊防护外显: [非常吸引];侧面直取笔槽: [不太吸引];更丰富、更个性化的配色选择: [比较吸引],愿意多付11-15元,可能会购买,肯定会购买,可能不会购买,-,-,防护方面可以多花钱，外观好的话也可以。,我已认真阅读,购买意愿: [可能会购买],相比普通光面背板更不易沾指纹: [非常吸引];光栅纹理背板的视觉效果: [一般];微磨砂质感: [不太吸引];整体看起来更特别/更有设计感: [比较吸引],愿意多付6-10元,可能会购买,可能不会购买,-,-,-,我感觉外观上还是有点丑吧，但是防指纹可以多花钱。,7.34s,升级光面款,我觉得这个更对我的需求。,有时会,女,25-30岁,企业职员,一线,低,未知,上海,上海市
469,是,88909178,726476,1024659,"手机壳,手机贴膜,手机充电线/数据线,洗面奶/洁面乳,平板电脑,充电宝/移动电源,智能手表/手环,平板电脑保护套/壳,贴片面膜,洗衣液/洗衣凝珠,抽纸/卷纸",近12个月内,120–149元,完全由我自己决定购买哪个品牌和产品,Apple（苹果）,以上均无,均未参加过,本科,"磁吸不可拆分保护套,旋转可拆分磁吸保护套,键盘保护套","防摔防磕/保护性强,支架稳定/角度好用,材质手感好,触控笔收纳和拿取方便,不易沾指纹/不易显脏,外观好看/有设计感,轻薄便携,颜色选择丰富,品牌可信/品质稳定,价格合适/性价比高,耐用不易坏,与平板搭配协调","外观好看/有设计感,防摔防磕/保护性强,轻薄便携,支架稳定/角度好用,与平板搭配协调,材质手感好,品牌可信/品质稳定,不易沾指纹/不易显脏,颜色选择丰富,价格合适/性价比高,触控笔收纳和拿取方便,耐用不易坏",150-199元,可能会,我已认真阅读,购买意愿: [肯定会购买],吸引力: [非常吸引],"可旋转使用,磁吸拆分方便,支撑看剧/学习/办公,价格合适,外观看起来简洁,保护性较好,品牌/品质感较好",我已认真阅读,购买意愿: [肯定会购买],四角气囊防护外显: [非常吸引];侧面直取笔槽: [非常吸引];更丰富、更个性化的配色选择: [非常吸引],愿意多付21元及以上,可能会购买,肯定会购买,可能会购买,-,-,"我感觉有防护笔槽这些，会让我使用起来更方便，不担心笔掉了，配色会选自己喜欢的外观也是我考虑的，日常使用的话，希望可以更好的保护我的电脑",我已认真阅读,购买意愿: [可能会购买],光栅纹理背板的视觉效果: [非常吸引];微磨砂质感: [非常吸引];相比普通光面背板更不易沾指纹: [比较吸引];整体看起来更特别/更有设计感: [非常吸引],愿意多付11-15元,可能会购买,可能会购买,可能会购买,-,-,我感觉光栅背板从外观质感这些比普通的保护壳更好，而且是防指纹的，感觉很特别很耐看，价钱方面我也愿意多出,38.36s,两款都可以，没有明显偏好,我感觉两款都差不多，都挺好的，价格材质这些都是在我的预想范围内的。防护也不错,有时会,女,31-35岁,自由职业/个体经营,三线,低,未知,浙江省,温州市
470,是,88909197,726476,1024659,"薯片/膨化食品,贴片面膜,无线蓝牙耳机,抽纸/卷纸,鼠标/机械键盘,洗衣液/洗衣凝珠,平板电脑保护套/壳,运动鞋,手机壳,T恤/裙子,智能手表/手环,室内绿植/花卉,平板电脑,奶茶/咖啡,手机充电线/数据线,桌面收纳,手机贴膜,洗面奶/洁面乳,充电宝/移动电源",近12个月内,100–119元,完全由我自己决定购买哪个品牌和产品,Apple（苹果）,以上均无,均未参加过,本科,"旋转可拆分磁吸保护套,键盘保护套","支架稳定/角度好用,触控笔收纳和拿取方便,材质手感好,与平板搭配协调,防摔防磕/保护性强,外观好看/有设计感,不易沾指纹/不易显脏","防摔防磕/保护性强,外观好看/有设计感,支架稳定/角度好用,材质手感好,不易沾指纹/不易显脏,触控笔收纳和拿取方便,与平板搭配协调",100-119元,可能会,我已认真阅读,购买意愿: [可能会购买],吸引力: [比较吸引],"保护性较好,磁吸拆分方便,外观看起来简洁",我已认真阅读,购买意愿: [可能会购买],四角气囊防护外显: [非常吸引];侧面直取笔槽: [一般];更丰富、更个性化的配色选择: [非常吸引],愿意多付21元及以上,可能会购买,可能会购买,说不清,-,-,很好地满足了我对平大卡的需求，比如说他的防护性更好了，然后他的配色更好看,我已认真阅读,购买意愿: [可能会购买],微磨砂质感: [非常吸引];相比普通光面背板更不易沾指纹: [非常吸引];光栅纹理背板的视觉效果: [一般];整体看起来更特别/更有设计感: [比较吸引],愿意多付16-20元,可能会购买,可能会购买,说不清,-,-,"
觉得他并不好看，特别是她的外来说来说",29.07s,升级光面款,新机光面款已经有很好的保护性，并且我觉得你另外一款更好看,经常会,女,25-30岁,企业职员,一线,偏低,单身,广东省,深圳市
471,是,88909262,726476,1024659,"平板电脑,充电宝/移动电源,手机充电线/数据线,手机贴膜,手机壳,无线蓝牙耳机,运动鞋,洗面奶/洁面乳",近12个月内,80–99元,完全由我自己决定购买哪个品牌和产品,Apple（苹果）,以上均无,均未参加过,本科,磁吸不可拆分保护套,"支架稳定/角度好用,材质手感好,不易沾指纹/不易显脏,价格合适/性价比高","支架稳定/角度好用,材质手感好,价格合适/性价比高,不易沾指纹/不易显脏",100-119元,可能会,我已认真阅读,购买意愿: [肯定会购买],吸引力: [比较吸引],"可旋转使用,磁吸拆分方便,外观看起来简洁,保护性较好",我已认真阅读,购买意愿: [可能会购买],四角气囊防护外显: [非常吸引];侧面直取笔槽: [比较吸引];更丰富、更个性化的配色选择: [非常吸引],愿意多付11-15元,可能会购买,可能会购买,可能会购买,-,-,我觉得这个配色是蓝色，我个人不太喜欢冷色调的东西，产品本身是可以的,我已认真阅读,购买意愿: [说不清],光栅纹理背板的视觉效果: [不太吸引];微磨砂质感: [一般];相比普通光面背板更不易沾指纹: [比较吸引];整体看起来更特别/更有设计感: [一般],不愿意多付钱,说不清,-,-,可能会购买,-,我不喜欢后面的栅栏一样的设计感，觉得看得廉价,29.92s,升级光面款,光面款总体设计是可以的，而且贴合比较好 保护效果不错,经常会,男,31-35岁,企业职员,二线,低,未知,浙江省,杭州市
473,是,88909278,726476,1024659,"手机壳,平板电脑,平板电脑保护套/壳,洗面奶/洁面乳,抽纸/卷纸,手机贴膜,无线蓝牙耳机,充电宝/移动电源,手机充电线/数据线,薯片/膨化食品,洗衣液/洗衣凝珠,奶茶/咖啡,贴片面膜",近12个月内,120–149元,完全由我自己决定购买哪个品牌和产品,Apple（苹果）,以上均无,均未参加过,本科,"普通翻盖保护套,磁吸不可拆分保护套,带笔槽保护套","支架稳定/角度好用,防摔防磕/保护性强,材质手感好,触控笔收纳和拿取方便,外观好看/有设计感,价格合适/性价比高,品牌可信/品质稳定","防摔防磕/保护性强,支架稳定/角度好用,触控笔收纳和拿取方便,外观好看/有设计感,材质手感好,价格合适/性价比高,品牌可信/品质稳定",120-149元,可能会,我已认真阅读,购买意愿: [肯定会购买],吸引力: [比较吸引],"可旋转使用,价格合适,外观看起来简洁,磁吸拆分方便",我已认真阅读,购买意愿: [肯定会购买],四角气囊防护外显: [非常吸引];侧面直取笔槽: [比较吸引];更丰富、更个性化的配色选择: [比较吸引],愿意多付6-10元,可能会购买,说不清,-,-,-,添加的东西都比较常见，附加价格太多的话就不想选了。,我已认真阅读,购买意愿: [说不清],光栅纹理背板的视觉效果: [一般];微磨砂质感: [不太吸引];相比普通光面背板更不易沾指纹: [一般];整体看起来更特别/更有设计感: [一般],愿意多付5元以内,说不清,-,-,说不清,说不清,对于指纹，平常用的时候擦一擦就好了，个人不是很介意。,22.91s,两款都可以，没有明显偏好,两款没有特别突出的优点。,有时会,女,25-30岁,企业职员,一线,低,准备结婚期,广东省,深圳市
474,是,88909289,726476,1024659,"薯片/膨化食品,手机壳,抽纸/卷纸,洗面奶/洁面乳,运动鞋,桌面收纳,平板电脑,奶茶/咖啡,贴片面膜,无线蓝牙耳机,室内绿植/花卉,T恤/裙子,智能手表/手环,平板电脑保护套/壳,洗衣液/洗衣凝珠,手机充电线/数据线,充电宝/移动电源",近13-24个月内,120–149元,完全由我自己决定购买哪个品牌和产品,Apple（苹果）,以上均无,美妆/个人护理类,本科,磁吸不可拆分保护套,"防摔防磕/保护性强,支架稳定/角度好用,外观好看/有设计感,轻薄便携,品牌可信/品质稳定,耐用不易坏,与平板搭配协调","外观好看/有设计感,防摔防磕/保护性强,支架稳定/角度好用,与平板搭配协调,轻薄便携,耐用不易坏,品牌可信/品质稳定",150-199元,可能会,我已认真阅读,购买意愿: [可能会购买],吸引力: [比较吸引],"磁吸拆分方便,价格合适,外观看起来简洁",我已认真阅读,购买意愿: [可能会购买],四角气囊防护外显: [一般];侧面直取笔槽: [比较吸引];更丰富、更个性化的配色选择: [非常吸引],愿意多付11-15元,可能会购买,可能会购买,可能会购买,-,-,升级点都很真是，现实都会顾虑的点,我已认真阅读,购买意愿: [可能会购买],光栅纹理背板的视觉效果: [一般];微磨砂质感: [比较吸引];相比普通光面背板更不易沾指纹: [比较吸引];整体看起来更特别/更有设计感: [非常吸引],愿意多付11-15元,可能会购买,可能会购买,可能会购买,-,-,有设计感的设计都很吸引我,19.14s,光栅款,更喜欢磨砂质感的产品，不易沾指纹更实用,有时会,女,25-30岁,企业职员,二线,偏低,单身,安徽省,合肥市
475,是,88909304,726476,1024659,"手机充电线/数据线,贴片面膜,薯片/膨化食品,运动鞋,手机壳,桌面收纳,平板电脑,抽纸/卷纸,手机贴膜,智能手表/手环,无线蓝牙耳机,鼠标/机械键盘,洗面奶/洁面乳,充电宝/移动电源,室内绿植/花卉,奶茶/咖啡,洗衣液/洗衣凝珠,T恤/裙子,平板电脑保护套/壳",近12个月内,100–119元,完全由我自己决定购买哪个品牌和产品,Apple（苹果）,以上均无,均未参加过,硕士及以上,"旋转可拆分磁吸保护套,键盘保护套,普通翻盖保护套","支架稳定/角度好用,防摔防磕/保护性强,外观好看/有设计感,轻薄便携,品牌可信/品质稳定,耐用不易坏,与平板搭配协调","品牌可信/品质稳定,轻薄便携,支架稳定/角度好用,外观好看/有设计感,与平板搭配协调,防摔防磕/保护性强,耐用不易坏",100-119元,可能会,我已认真阅读,购买意愿: [可能会购买],吸引力: [比较吸引],"可旋转使用,磁吸拆分方便,价格合适,外观看起来简洁,保护性较好,品牌/品质感较好",我已认真阅读,购买意愿: [可能会购买],四角气囊防护外显: [比较吸引];侧面直取笔槽: [一般];更丰富、更个性化的配色选择: [比较吸引],愿意多付11-15元,可能会购买,可能会购买,说不清,-,-,可以多付一点钱，但是溢价不能太多。,我已认真阅读,购买意愿: [可能会购买],光栅纹理背板的视觉效果: [一般];微磨砂质感: [比较吸引];相比普通光面背板更不易沾指纹: [比较吸引];整体看起来更特别/更有设计感: [比较吸引],愿意多付6-10元,可能会购买,可能会购买,说不清,-,-,愿意多付一点钱，太贵就算了。,16.49s,两款都可以，没有明显偏好,只是外观有点不同，主打功能还是差不多的。,有时会,女,36-40岁,企业职员,一线,偏低,"已婚,育婴期,已育,已有房,已有车",广东省,广州市
476,是,88909307,726476,1024659,"平板电脑保护套/壳,手机壳,抽纸/卷纸,室内绿植/花卉,薯片/膨化食品,洗面奶/洁面乳,洗衣液/洗衣凝珠,贴片面膜,无线蓝牙耳机,奶茶/咖啡",近12个月内,120–149元,完全由我自己决定购买哪个品牌和产品,Apple（苹果）,以上均无,均未参加过,硕士及以上,"普通翻盖保护套,单壳（不带盖板）保护套,透明/半透明保护壳","防摔防磕/保护性强,外观好看/有设计感,与平板搭配协调","外观好看/有设计感,防摔防磕/保护性强,与平板搭配协调",120-149元,可能会,我已认真阅读,购买意愿: [可能会购买],吸引力: [比较吸引],"可旋转使用,磁吸拆分方便,保护性较好",我已认真阅读,购买意愿: [说不清],四角气囊防护外显: [比较吸引];更丰富、更个性化的配色选择: [比较吸引];侧面直取笔槽: [一般],愿意多付11-15元,说不清,-,-,说不清,可能会购买,愿意实用性多功能,我已认真阅读,购买意愿: [可能会购买],光栅纹理背板的视觉效果: [比较吸引];微磨砂质感: [非常吸引];相比普通光面背板更不易沾指纹: [非常吸引];整体看起来更特别/更有设计感: [非常吸引],愿意多付11-15元,可能不会购买,-,-,说不清,可能会购买,手感好,13.83s,光栅款,多用性质感好可以加,有时会,女,25-30岁,其他,一线,偏低,"准备结婚期,育婴期,装修期,已有车",广东省,广州市
477,是,88909340,726476,1024659,"平板电脑,充电宝/移动电源,T恤/裙子,运动鞋,室内绿植/花卉,薯片/膨化食品,洗衣液/洗衣凝珠,智能手表/手环,奶茶/咖啡,贴片面膜,无线蓝牙耳机,抽纸/卷纸,手机壳,平板电脑保护套/壳,洗面奶/洁面乳,手机充电线/数据线,手机贴膜,鼠标/机械键盘",近12个月内,120–149元,完全由我自己决定购买哪个品牌和产品,Apple（苹果）,以上均无,均未参加过,本科,"普通翻盖保护套,磁吸不可拆分保护套,旋转可拆分磁吸保护套","轻薄便携,外观好看/有设计感,材质手感好","轻薄便携,材质手感好,外观好看/有设计感",120-149元,可能会,我已认真阅读,购买意愿: [可能会购买],吸引力: [比较吸引],"磁吸拆分方便,保护性较好,品牌/品质感较好",我已认真阅读,购买意愿: [可能会购买],四角气囊防护外显: [比较吸引];侧面直取笔槽: [比较吸引];更丰富、更个性化的配色选择: [非常吸引],愿意多付16-20元,可能会购买,可能会购买,可能会购买,-,-,多一个功能，或者多一个出彩的地方是可以适当加价的，毕竟一分钱一分货。防护，便利性都是比较不错的。,我已认真阅读,购买意愿: [可能会购买],光栅纹理背板的视觉效果: [比较吸引];微磨砂质感: [比较吸引];相比普通光面背板更不易沾指纹: [非常吸引];整体看起来更特别/更有设计感: [比较吸引],愿意多付21元及以上,可能会购买,可能会购买,可能会购买,-,-,可以防指纹吧，油皮很容易留指纹，很不爽，防指纹功能很有用,49.08s,光栅款,防指纹功能，比较吸引人。,经常会,女,31-35岁,企业职员,二线,低,未知,重庆,重庆市
478,是,88909369,726476,1024659,"平板电脑保护套/壳,薯片/膨化食品,奶茶/咖啡,手机壳,洗面奶/洁面乳,抽纸/卷纸,室内绿植/花卉,运动鞋",近12个月内,120–149元,完全由我自己决定购买哪个品牌和产品,Apple（苹果）,以上均无,均未参加过,本科,"普通翻盖保护套,带笔槽保护套,磁吸不可拆分保护套","防摔防磕/保护性强,支架稳定/角度好用,触控笔收纳和拿取方便,轻薄便携,颜色选择丰富,材质手感好,与平板搭配协调","防摔防磕/保护性强,支架稳定/角度好用,触控笔收纳和拿取方便,轻薄便携,材质手感好,与平板搭配协调,颜色选择丰富",120-149元,可能会,我已认真阅读,购买意愿: [肯定会购买],吸引力: [非常吸引],"磁吸拆分方便,外观看起来简洁,品牌/品质感较好,可旋转使用",我已认真阅读,购买意愿: [肯定会购买],四角气囊防护外显: [非常吸引];侧面直取笔槽: [非常吸引];更丰富、更个性化的配色选择: [非常吸引],愿意多付21元及以上,肯定会购买,肯定会购买,肯定会购买,-,-,防护升级，配色清新，有质感，日常使用方便,我已认真阅读,购买意愿: [肯定会购买],光栅纹理背板的视觉效果: [非常吸引];微磨砂质感: [非常吸引];相比普通光面背板更不易沾指纹: [非常吸引];整体看起来更特别/更有设计感: [非常吸引],愿意多付16-20元,肯定会购买,肯定会购买,肯定会购买,-,-,外观更好看，质感更好，防指纹，耐看,42.1s,两款都可以，没有明显偏好,我可能两个都会买，都挺喜欢的，自己会买很多壳子,经常会,女,25-30岁,专业人士,二线,中等,"已婚,已育,已有房,已有车",湖北省,武汉市
479,是,88909400,726476,1024659,"平板电脑保护套/壳,平板电脑,手机贴膜",近12个月内,120–149元,完全由我自己决定购买哪个品牌和产品,Apple（苹果）,医疗/健康/生物制药,均未参加过,本科,"透明/半透明保护壳,单壳（不带盖板）保护套,普通翻盖保护套","支架稳定/角度好用,防摔防磕/保护性强,材质手感好","防摔防磕/保护性强,支架稳定/角度好用,材质手感好",200元及以上,肯定会,我已认真阅读,购买意愿: [肯定会购买],吸引力: [非常吸引],"可旋转使用,磁吸拆分方便,保护性较好",我已认真阅读,购买意愿: [肯定会购买],四角气囊防护外显: [非常吸引];侧面直取笔槽: [非常吸引];更丰富、更个性化的配色选择: [非常吸引],愿意多付21元及以上,肯定会购买,肯定会购买,肯定会购买,-,-,愿意,我已认真阅读,购买意愿: [肯定会购买],光栅纹理背板的视觉效果: [非常吸引];微磨砂质感: [非常吸引];相比普通光面背板更不易沾指纹: [非常吸引];整体看起来更特别/更有设计感: [非常吸引],愿意多付21元及以上,肯定会购买,肯定会购买,肯定会购买,-,-,好用,10.39s,升级光面款,功能好,经常会,女,31-35岁,自由职业/个体经营,五线,低,未知,河北省,保定市
480,是,88909407,726476,1024659,"洗衣液/洗衣凝珠,充电宝/移动电源,贴片面膜,无线蓝牙耳机,手机充电线/数据线,平板电脑,智能手表/手环,抽纸/卷纸,手机贴膜,鼠标/机械键盘,运动鞋,薯片/膨化食品,奶茶/咖啡,手机壳,室内绿植/花卉,T恤/裙子,洗面奶/洁面乳,平板电脑保护套/壳,桌面收纳",近12个月内,120–149元,完全由我自己决定购买哪个品牌和产品,Apple（苹果）,以上均无,均未参加过,本科,"普通翻盖保护套,键盘保护套,带笔槽保护套","与平板搭配协调,支架稳定/角度好用,防摔防磕/保护性强","与平板搭配协调,支架稳定/角度好用,防摔防磕/保护性强",120-149元,肯定会,我已认真阅读,购买意愿: [肯定会购买],吸引力: [非常吸引],"可旋转使用,支撑看剧/学习/办公,磁吸拆分方便",我已认真阅读,购买意愿: [肯定会购买],四角气囊防护外显: [非常吸引];侧面直取笔槽: [非常吸引];更丰富、更个性化的配色选择: [非常吸引],愿意多付21元及以上,肯定会购买,可能会购买,可能会购买,-,-,符合我的喜好,我已认真阅读,购买意愿: [肯定会购买],光栅纹理背板的视觉效果: [非常吸引];微磨砂质感: [非常吸引];相比普通光面背板更不易沾指纹: [非常吸引];整体看起来更特别/更有设计感: [非常吸引],愿意多付16-20元,可能会购买,可能会购买,可能会购买,-,-,更高级,8.27s,两款都可以，没有明显偏好,两款都符合我的喜好,经常会,女,31-35岁,自由职业/个体经营,二线,偏低,"准备结婚期,育婴期,已有房",江苏省,常州市
481,是,88909417,726476,1024659,"贴片面膜,充电宝/移动电源,手机贴膜,手机充电线/数据线,奶茶/咖啡,抽纸/卷纸,薯片/膨化食品,T恤/裙子,手机壳,平板电脑保护套/壳,无线蓝牙耳机,智能手表/手环",近13-24个月内,80–99元,主要由我自己决定，偶尔参考他人意见,Apple（苹果）,教育/培训/科研,均未参加过,硕士及以上,"带笔槽保护套,键盘保护套,透明/半透明保护壳","防摔防磕/保护性强,材质手感好,品牌可信/品质稳定,耐用不易坏,与平板搭配协调","防摔防磕/保护性强,耐用不易坏,与平板搭配协调,品牌可信/品质稳定,材质手感好",80-99元,肯定会,我已认真阅读,购买意愿: [肯定会购买],吸引力: [比较吸引],"磁吸拆分方便,可旋转使用",我已认真阅读,购买意愿: [肯定会购买],四角气囊防护外显: [非常吸引];侧面直取笔槽: [比较吸引];更丰富、更个性化的配色选择: [非常吸引],愿意多付16-20元,肯定会购买,可能会购买,可能会购买,-,-,实用效果好，满足需求,我已认真阅读,购买意愿: [可能会购买],光栅纹理背板的视觉效果: [比较吸引];微磨砂质感: [非常吸引];相比普通光面背板更不易沾指纹: [非常吸引];整体看起来更特别/更有设计感: [比较吸引],愿意多付6-10元,可能会购买,说不清,-,-,-,感觉功能重要性不强,11.97s,升级光面款,看起来更加舒服，同样价位更愿意选择光面的,有时会,女,25-30岁,专业人士,二线,低,未知,广东省,佛山市
482,是,88909419,726476,1024659,"洗面奶/洁面乳,无线蓝牙耳机,贴片面膜,鼠标/机械键盘,洗衣液/洗衣凝珠,手机壳,充电宝/移动电源,奶茶/咖啡,平板电脑,薯片/膨化食品,智能手表/手环,T恤/裙子,桌面收纳,室内绿植/花卉,运动鞋,平板电脑保护套/壳,手机充电线/数据线,手机贴膜,抽纸/卷纸",近12个月内,120–149元,完全由我自己决定购买哪个品牌和产品,Apple（苹果）,以上均无,均未参加过,本科,"单壳（不带盖板）保护套,普通翻盖保护套,磁吸不可拆分保护套,旋转可拆分磁吸保护套,带笔槽保护套,键盘保护套,透明/半透明保护壳","防摔防磕/保护性强,触控笔收纳和拿取方便,颜色选择丰富,支架稳定/角度好用,材质手感好,外观好看/有设计感,不易沾指纹/不易显脏,价格合适/性价比高,与平板搭配协调,耐用不易坏,品牌可信/品质稳定,轻薄便携","轻薄便携,与平板搭配协调,材质手感好,支架稳定/角度好用,耐用不易坏,外观好看/有设计感,触控笔收纳和拿取方便,防摔防磕/保护性强,不易沾指纹/不易显脏,价格合适/性价比高,品牌可信/品质稳定,颜色选择丰富",120-149元,肯定会,我已认真阅读,购买意愿: [肯定会购买],吸引力: [比较吸引],"可旋转使用,磁吸拆分方便,支撑看剧/学习/办公,价格合适,外观看起来简洁,保护性较好,品牌/品质感较好",我已认真阅读,购买意愿: [肯定会购买],四角气囊防护外显: [比较吸引];侧面直取笔槽: [非常吸引];更丰富、更个性化的配色选择: [比较吸引],愿意多付11-15元,肯定会购买,可能会购买,肯定会购买,-,-,非常喜欢非常适合自己,我已认真阅读,购买意愿: [肯定会购买],光栅纹理背板的视觉效果: [比较吸引];微磨砂质感: [非常吸引];相比普通光面背板更不易沾指纹: [比较吸引];整体看起来更特别/更有设计感: [非常吸引],愿意多付11-15元,肯定会购买,可能会购买,肯定会购买,-,-,非常喜欢非常适合自己,10.53s,两款都可以，没有明显偏好,非常喜欢非常适合自己,经常会,女,31-35岁,企业职员,一线,偏低,未知,上海,上海市
484,是,88909428,726476,1024659,"运动鞋,洗衣液/洗衣凝珠,奶茶/咖啡,室内绿植/花卉,贴片面膜,平板电脑保护套/壳,洗面奶/洁面乳,鼠标/机械键盘,无线蓝牙耳机,直升机,手机充电线/数据线,充电宝/移动电源,手机壳,手机贴膜",近12个月内,80–99元,完全由我自己决定购买哪个品牌和产品,Apple（苹果）,以上均无,均未参加过,本科,"单壳（不带盖板）保护套,磁吸不可拆分保护套,旋转可拆分磁吸保护套","防摔防磕/保护性强,支架稳定/角度好用,触控笔收纳和拿取方便,材质手感好,价格合适/性价比高,品牌可信/品质稳定,轻薄便携,耐用不易坏,与平板搭配协调,不易沾指纹/不易显脏","支架稳定/角度好用,轻薄便携,价格合适/性价比高,不易沾指纹/不易显脏,防摔防磕/保护性强,材质手感好,触控笔收纳和拿取方便,品牌可信/品质稳定,耐用不易坏,与平板搭配协调",80-99元,可能会,我已认真阅读,购买意愿: [肯定会购买],吸引力: [非常吸引],"磁吸拆分方便,支撑看剧/学习/办公,价格合适,保护性较好,品牌/品质感较好,可旋转使用",我已认真阅读,购买意愿: [肯定会购买],四角气囊防护外显: [非常吸引];侧面直取笔槽: [非常吸引];更丰富、更个性化的配色选择: [比较吸引],愿意多付6-10元,肯定会购买,肯定会购买,肯定会购买,-,-,使用方便。方便携带,我已认真阅读,购买意愿: [肯定会购买],光栅纹理背板的视觉效果: [比较吸引];微磨砂质感: [非常吸引];相比普通光面背板更不易沾指纹: [非常吸引];整体看起来更特别/更有设计感: [非常吸引],愿意多付6-10元,肯定会购买,肯定会购买,肯定会购买,-,-,愿意,28.4s,两款都可以，没有明显偏好,产品包装设计专业的,经常会,女,25-30岁,其他,三线,中等,"已婚,育婴期,已育,已有房,已有车",广东省,惠州市
485,是,88909429,726476,1024659,"洗面奶/洁面乳,运动鞋,手机壳,T恤/裙子,贴片面膜,平板电脑保护套/壳,抽纸/卷纸,室内绿植/花卉,桌面收纳,智能手表/手环,薯片/膨化食品,奶茶/咖啡,洗衣液/洗衣凝珠,鼠标/机械键盘,手机充电线/数据线",近12个月内,50–79元,主要由我自己决定，偶尔参考他人意见,Apple（苹果）,以上均无,美妆/个人护理类,本科,普通翻盖保护套,"防摔防磕/保护性强,支架稳定/角度好用,不易沾指纹/不易显脏,轻薄便携,价格合适/性价比高,耐用不易坏,与平板搭配协调","支架稳定/角度好用,防摔防磕/保护性强,价格合适/性价比高,轻薄便携,耐用不易坏,与平板搭配协调,不易沾指纹/不易显脏",50-79元,可能会,我已认真阅读,购买意愿: [可能会购买],吸引力: [比较吸引],"可旋转使用,磁吸拆分方便",我已认真阅读,购买意愿: [可能会购买],四角气囊防护外显: [比较吸引];侧面直取笔槽: [一般];更丰富、更个性化的配色选择: [一般],愿意多付6-10元,可能会购买,说不清,-,-,-,不是必须用的功能,我已认真阅读,购买意愿: [肯定会购买],光栅纹理背板的视觉效果: [非常吸引];微磨砂质感: [非常吸引];相比普通光面背板更不易沾指纹: [非常吸引];整体看起来更特别/更有设计感: [比较吸引],愿意多付5元以内,可能会购买,说不清,-,-,-,不是必用功能,9.29s,光栅款,设计好看,有时会,女,36-40岁,自由职业/个体经营,五线,低,未知,河北省,保定市
486,是,88909461,726476,1024659,"奶茶/咖啡,洗衣液/洗衣凝珠,手机充电线/数据线,室内绿植/花卉,平板电脑保护套/壳,桌面收纳,贴片面膜,无线蓝牙耳机,运动鞋,薯片/膨化食品,洗面奶/洁面乳,抽纸/卷纸,T恤/裙子,平板电脑,智能手表/手环,手机壳,手机贴膜",近12个月内,120–149元,完全由我自己决定购买哪个品牌和产品,Apple（苹果）,以上均无,均未参加过,本科,"旋转可拆分磁吸保护套,键盘保护套","防摔防磕/保护性强,支架稳定/角度好用,触控笔收纳和拿取方便,材质手感好,不易沾指纹/不易显脏,外观好看/有设计感,颜色选择丰富,轻薄便携,品牌可信/品质稳定,价格合适/性价比高,与平板搭配协调,耐用不易坏","与平板搭配协调,耐用不易坏,支架稳定/角度好用,外观好看/有设计感,触控笔收纳和拿取方便,材质手感好,防摔防磕/保护性强,颜色选择丰富,品牌可信/品质稳定,不易沾指纹/不易显脏,价格合适/性价比高,轻薄便携",120-149元,肯定会,我已认真阅读,购买意愿: [可能会购买],吸引力: [比较吸引],"可旋转使用,支撑看剧/学习/办公,价格合适,品牌/品质感较好,保护性较好",我已认真阅读,购买意愿: [可能会购买],四角气囊防护外显: [非常吸引];侧面直取笔槽: [比较吸引];更丰富、更个性化的配色选择: [比较吸引],愿意多付6-10元,肯定会购买,可能会购买,可能会购买,-,-,全方位防震，笔槽方便随取  颜色搭配高级,我已认真阅读,购买意愿: [可能会购买],光栅纹理背板的视觉效果: [比较吸引];微磨砂质感: [非常吸引];相比普通光面背板更不易沾指纹: [非常吸引];整体看起来更特别/更有设计感: [比较吸引],愿意多付6-10元,肯定会购买,可能会购买,可能会购买,-,-,比普通款的更防指纹,84.36s,光栅款,防指纹效果好,经常会,男,25-30岁,企业职员,六线,偏低,"单身,已有车",广东省,梅州市
487,是,88909462,726476,1024659,"运动鞋,室内绿植/花卉,桌面收纳,手机充电线/数据线,洗衣液/洗衣凝珠,手机贴膜,贴片面膜,洗面奶/洁面乳,抽纸/卷纸,智能手表/手环,手机壳,薯片/膨化食品,鼠标/机械键盘,奶茶/咖啡,充电宝/移动电源,T恤/裙子,无线蓝牙耳机,平板电脑",近13-24个月内,150–199元,完全由我自己决定购买哪个品牌和产品,Apple（苹果）,以上均无,均未参加过,本科,"磁吸不可拆分保护套,透明/半透明保护壳","防摔防磕/保护性强,支架稳定/角度好用,材质手感好,触控笔收纳和拿取方便,不易沾指纹/不易显脏,外观好看/有设计感,颜色选择丰富,轻薄便携,品牌可信/品质稳定,价格合适/性价比高,与平板搭配协调,耐用不易坏","品牌可信/品质稳定,支架稳定/角度好用,价格合适/性价比高,防摔防磕/保护性强,耐用不易坏,材质手感好,不易沾指纹/不易显脏,外观好看/有设计感,触控笔收纳和拿取方便,与平板搭配协调,轻薄便携,颜色选择丰富",150-199元,肯定会,我已认真阅读,购买意愿: [肯定会购买],吸引力: [非常吸引],"可旋转使用,磁吸拆分方便,保护性较好,品牌/品质感较好",我已认真阅读,购买意愿: [可能会购买],四角气囊防护外显: [比较吸引];侧面直取笔槽: [比较吸引];更丰富、更个性化的配色选择: [比较吸引],愿意多付11-15元,可能会购买,可能会购买,可能不会购买,-,-,普通防护和功能已足够，，,我已认真阅读,购买意愿: [可能会购买],光栅纹理背板的视觉效果: [比较吸引];微磨砂质感: [比较吸引];相比普通光面背板更不易沾指纹: [比较吸引];整体看起来更特别/更有设计感: [比较吸引],愿意多付16-20元,可能会购买,可能会购买,可能不会购买,-,-,外观设计不错的,16.02s,光栅款,外观设计更好,经常会,男,36-40岁,企业职员,二线,偏低,"已婚,已有车",江苏省,苏州市
488,是,88909465,726476,1024659,"抽纸/卷纸,T恤/裙子,平板电脑保护套/壳,洗面奶/洁面乳,充电宝/移动电源,洗衣液/洗衣凝珠,手机壳,奶茶/咖啡,薯片/膨化食品,运动鞋,贴片面膜,平板电脑",近12个月内,120–149元,完全由我自己决定购买哪个品牌和产品,Apple（苹果）,以上均无,均未参加过,本科,"单壳（不带盖板）保护套,普通翻盖保护套,透明/半透明保护壳","防摔防磕/保护性强,材质手感好,不易沾指纹/不易显脏,外观好看/有设计感,轻薄便携,耐用不易坏,价格合适/性价比高,与平板搭配协调","防摔防磕/保护性强,材质手感好,耐用不易坏,价格合适/性价比高,不易沾指纹/不易显脏,外观好看/有设计感,轻薄便携,与平板搭配协调",120-149元,肯定会,我已认真阅读,购买意愿: [可能会购买],吸引力: [比较吸引],"可旋转使用,磁吸拆分方便,保护性较好,价格合适",我已认真阅读,购买意愿: [肯定会购买],四角气囊防护外显: [非常吸引];侧面直取笔槽: [比较吸引];更丰富、更个性化的配色选择: [比较吸引],愿意多付21元及以上,肯定会购买,肯定会购买,可能会购买,-,-,"防护：全方位防护防震缓震
功能：一机多态，随用随取，磁吸拆分结构，使用起来多功能化
配色手感：磨砂手感，配色小清新，适合这个季节",我已认真阅读,购买意愿: [肯定会购买],微磨砂质感: [非常吸引];相比普通光面背板更不易沾指纹: [非常吸引];光栅纹理背板的视觉效果: [比较吸引];整体看起来更特别/更有设计感: [非常吸引],愿意多付21元及以上,肯定会购买,可能会购买,说不清,-,-,"外观：在光面的基础上进行了升级，光棱背板增加了设计感。
防指纹：轻磨砂的质感，不容易留下指纹，更加耐脏，增加了使用寿命。
功能：防摔防震，磁吸可折叠，使用多功能化，可以根据不同的需求调整使用状态。",28.77s,光栅款,在价格相差不大的情况下，光栅款在光面款的基础上将背板调整为带纹理的微磨砂的背板，手感更加舒适，而且更加耐脏，不容易留下指纹，从外观上来看，也更加的有设计感更有层次感！,有时会,女,25-30岁,企业职员,二线,偏低,单身,湖北省,武汉市
489,是,88909473,726476,1024659,"手机充电线/数据线,洗衣液/洗衣凝珠,抽纸/卷纸,充电宝/移动电源,运动鞋,平板电脑,洗面奶/洁面乳,手机壳,平板电脑保护套/壳,智能手表/手环",近12个月内,200元及以上,完全由我自己决定购买哪个品牌和产品,Apple（苹果）,以上均无,均未参加过,硕士及以上,旋转可拆分磁吸保护套,"触控笔收纳和拿取方便,价格合适/性价比高,与平板搭配协调,品牌可信/品质稳定,支架稳定/角度好用,材质手感好,轻薄便携,防摔防磕/保护性强,外观好看/有设计感,不易沾指纹/不易显脏","支架稳定/角度好用,防摔防磕/保护性强,触控笔收纳和拿取方便,轻薄便携,外观好看/有设计感,材质手感好,价格合适/性价比高,品牌可信/品质稳定,不易沾指纹/不易显脏,与平板搭配协调",200元及以上,可能会,我已认真阅读,购买意愿: [可能会购买],吸引力: [比较吸引],"磁吸拆分方便,可旋转使用",我已认真阅读,购买意愿: [可能会购买],四角气囊防护外显: [比较吸引];侧面直取笔槽: [比较吸引];更丰富、更个性化的配色选择: [非常吸引],愿意多付21元及以上,可能会购买,可能会购买,可能会购买,-,-,手感好，可以竖放，摆放时调整角度大，可拆卸不累手,我已认真阅读,购买意愿: [可能会购买],光栅纹理背板的视觉效果: [比较吸引];微磨砂质感: [比较吸引];相比普通光面背板更不易沾指纹: [非常吸引];整体看起来更特别/更有设计感: [比较吸引],愿意多付16-20元,可能会购买,可能会购买,可能会购买,-,-,防指纹，纹理有质感,18.1s,光栅款,长时间使用防手滑，防指纹，看起来更高级,有时会,女,25-30岁,专业人士,二线,偏高,未知,吉林省,长春市
490,是,88909482,726476,1024659,"手机壳,洗面奶/洁面乳,抽纸/卷纸,室内绿植/花卉,充电宝/移动电源,直升机,运动鞋,无线蓝牙耳机,手机充电线/数据线,洗衣液/洗衣凝珠,手机贴膜,T恤/裙子,桌面收纳,薯片/膨化食品,奶茶/咖啡,鼠标/机械键盘,平板电脑,智能手表/手环,平板电脑保护套/壳",近13-24个月内,100–119元,完全由我自己决定购买哪个品牌和产品,Apple（苹果）,以上均无,均未参加过,本科,"普通翻盖保护套,磁吸不可拆分保护套,旋转可拆分磁吸保护套,键盘保护套,透明/半透明保护壳,带笔槽保护套","不易沾指纹/不易显脏,品牌可信/品质稳定,耐用不易坏,颜色选择丰富,触控笔收纳和拿取方便,材质手感好,轻薄便携,价格合适/性价比高","不易沾指纹/不易显脏,耐用不易坏,价格合适/性价比高,颜色选择丰富,触控笔收纳和拿取方便,材质手感好,轻薄便携,品牌可信/品质稳定",100-119元,肯定会,我已认真阅读,购买意愿: [肯定会购买],吸引力: [比较吸引],"磁吸拆分方便,保护性较好,外观看起来简洁,品牌/品质感较好",我已认真阅读,购买意愿: [肯定会购买],四角气囊防护外显: [比较吸引];侧面直取笔槽: [非常吸引];更丰富、更个性化的配色选择: [比较吸引],愿意多付16-20元,可能会购买,可能会购买,肯定会购买,-,-,磨砂手感很好，一机多快，随取随用，全方位防御,我已认真阅读,购买意愿: [可能会购买],光栅纹理背板的视觉效果: [比较吸引];微磨砂质感: [一般];相比普通光面背板更不易沾指纹: [非常吸引];整体看起来更特别/更有设计感: [一般],愿意多付16-20元,可能会购买,可能会购买,可能会购买,-,-,外观简洁，很喜欢，摸上手感很棒,8.29s,两款都可以，没有明显偏好,不能感觉比较好，能够起到一个防护的作用,经常会,女,25-30岁,自由职业/个体经营,五线,偏高,未知,广西壮族自治区,南宁市
491,是,88909511,726476,1024659,"智能手表/手环,手机贴膜,贴片面膜,平板电脑保护套/壳,手机壳,桌面收纳,奶茶/咖啡",近12个月内,120–149元,完全由我自己决定购买哪个品牌和产品,Apple（苹果）,以上均无,均未参加过,本科,磁吸不可拆分保护套,"支架稳定/角度好用,不易沾指纹/不易显脏","支架稳定/角度好用,不易沾指纹/不易显脏",120-149元,肯定会,我已认真阅读,购买意愿: [肯定会购买],吸引力: [比较吸引],"磁吸拆分方便,外观看起来简洁",我已认真阅读,购买意愿: [肯定会购买],四角气囊防护外显: [非常吸引];侧面直取笔槽: [比较吸引];更丰富、更个性化的配色选择: [一般],愿意多付6-10元,肯定会购买,说不清,-,-,-,一定程度多在大专的人和多部影片看不完但我觉得还是会期待啊期待你下次回归更有感觉呀好好看,我已认真阅读,购买意愿: [肯定会购买],光栅纹理背板的视觉效果: [非常吸引];微磨砂质感: [非常吸引];相比普通光面背板更不易沾指纹: [非常吸引];整体看起来更特别/更有设计感: [非常吸引],即使同价也更倾向升级光面款,可能会购买,说不清,-,-,-,是因为一次的经历而不应该忘记一场没有人,5.14s,升级光面款,一切为了人民利益为中心维护好党群安全关系至为党民所能维护党中央,有时会,女,31-35岁,自由职业/个体经营,三线,高,"已婚,育婴期,已育,装修期,已有房,已有车",浙江省,绍兴市
492,是,88909533,726476,1024659,"平板电脑,运动鞋,手机壳,洗面奶/洁面乳,抽纸/卷纸,洗衣液/洗衣凝珠,充电宝/移动电源,智能手表/手环,薯片/膨化食品,平板电脑保护套/壳,无线蓝牙耳机,桌面收纳,室内绿植/花卉,手机充电线/数据线,手机贴膜,奶茶/咖啡,鼠标/机械键盘,T恤/裙子,贴片面膜",近12个月内,150–199元,完全由我自己决定购买哪个品牌和产品,Apple（苹果）,以上均无,均未参加过,本科,旋转可拆分磁吸保护套,"支架稳定/角度好用,触控笔收纳和拿取方便,价格合适/性价比高,品牌可信/品质稳定,与平板搭配协调,防摔防磕/保护性强","防摔防磕/保护性强,触控笔收纳和拿取方便,支架稳定/角度好用,品牌可信/品质稳定,价格合适/性价比高,与平板搭配协调",150-199元,肯定会,我已认真阅读,购买意愿: [肯定会购买],吸引力: [非常吸引],"可旋转使用,磁吸拆分方便,支撑看剧/学习/办公,保护性较好,价格合适,外观看起来简洁,品牌/品质感较好",我已认真阅读,购买意愿: [肯定会购买],四角气囊防护外显: [非常吸引];侧面直取笔槽: [比较吸引];更丰富、更个性化的配色选择: [非常吸引],愿意多付21元及以上,肯定会购买,肯定会购买,肯定会购买,-,-,功能齐全，多个选择，吸引我购买，使用方便。,我已认真阅读,购买意愿: [肯定会购买],光栅纹理背板的视觉效果: [非常吸引];微磨砂质感: [非常吸引];相比普通光面背板更不易沾指纹: [非常吸引];整体看起来更特别/更有设计感: [非常吸引],愿意多付21元及以上,肯定会购买,肯定会购买,肯定会购买,-,-,功能齐全，更强大，质感很好，值得购买。,27.76s,光栅款,功能性更强大，我喜欢这种设计感。,经常会,男,25-30岁,其他,五线,低,"已婚,育婴期,已育,已有房,已有车",河北省,邢台市
493,是,88909553,726476,1024659,"手机充电线/数据线,室内绿植/花卉,抽纸/卷纸,T恤/裙子,桌面收纳,无线蓝牙耳机,手机贴膜,平板电脑保护套/壳,运动鞋,洗衣液/洗衣凝珠,贴片面膜,充电宝/移动电源,智能手表/手环,平板电脑,洗面奶/洁面乳,奶茶/咖啡,薯片/膨化食品",近12个月内,100–119元,完全由我自己决定购买哪个品牌和产品,Apple（苹果）,以上均无,均未参加过,硕士及以上,"磁吸不可拆分保护套,带笔槽保护套,透明/半透明保护壳","防摔防磕/保护性强,材质手感好,不易沾指纹/不易显脏,轻薄便携,品牌可信/品质稳定","轻薄便携,防摔防磕/保护性强,材质手感好,品牌可信/品质稳定,不易沾指纹/不易显脏",150-199元,肯定会,我已认真阅读,购买意愿: [肯定会购买],吸引力: [非常吸引],"可旋转使用,磁吸拆分方便,支撑看剧/学习/办公,保护性较好,外观看起来简洁",我已认真阅读,购买意愿: [可能会购买],四角气囊防护外显: [一般];侧面直取笔槽: [比较吸引];更丰富、更个性化的配色选择: [非常吸引],愿意多付21元及以上,可能会购买,可能会购买,肯定会购买,-,-,外观简单、笔槽便利、配色较多,我已认真阅读,购买意愿: [可能会购买],光栅纹理背板的视觉效果: [一般];微磨砂质感: [非常吸引];相比普通光面背板更不易沾指纹: [非常吸引];整体看起来更特别/更有设计感: [比较吸引],愿意多付16-20元,可能会购买,说不清,-,-,-,不喜欢光栅背板的设计，喜欢简单一点的,28.8s,升级光面款,喜欢简单一点的设计,经常会,女,31-35岁,企业职员,三线,偏低,"准备结婚期,已有房,已有车",云南省,昆明市
494,是,88909713,726476,1024659,"手机壳,运动鞋,抽纸/卷纸,智能手表/手环,充电宝/移动电源,洗面奶/洁面乳,手机充电线/数据线,平板电脑",近12个月内,80–99元,完全由我自己决定购买哪个品牌和产品,Apple（苹果）,以上均无,均未参加过,本科,"旋转可拆分磁吸保护套,带笔槽保护套,键盘保护套","防摔防磕/保护性强,支架稳定/角度好用,触控笔收纳和拿取方便,材质手感好,不易沾指纹/不易显脏,轻薄便携,价格合适/性价比高","防摔防磕/保护性强,支架稳定/角度好用,轻薄便携,价格合适/性价比高,材质手感好,不易沾指纹/不易显脏,触控笔收纳和拿取方便",80-99元,肯定会,我已认真阅读,购买意愿: [肯定会购买],吸引力: [非常吸引],"可旋转使用,磁吸拆分方便,外观看起来简洁,品牌/品质感较好",我已认真阅读,购买意愿: [肯定会购买],四角气囊防护外显: [比较吸引];侧面直取笔槽: [非常吸引];更丰富、更个性化的配色选择: [比较吸引],愿意多付6-10元,可能会购买,可能会购买,可能会购买,-,-,价格,我已认真阅读,购买意愿: [可能会购买],光栅纹理背板的视觉效果: [非常吸引];微磨砂质感: [比较吸引];相比普通光面背板更不易沾指纹: [非常吸引];整体看起来更特别/更有设计感: [非常吸引],愿意多付11-15元,可能会购买,可能会购买,可能会购买,-,-,价格,11.91s,升级光面款,价格，外观，防摔,有时会,男,31-35岁,企业职员,一线,偏低,单身,北京,北京市
495,是,88909733,726476,1024659,"平板电脑保护套/壳,薯片/膨化食品,运动鞋,智能手表/手环,奶茶/咖啡,洗面奶/洁面乳,T恤/裙子,手机贴膜,洗衣液/洗衣凝珠,平板电脑,手机充电线/数据线,无线蓝牙耳机,手机壳,充电宝/移动电源,贴片面膜,抽纸/卷纸",近12个月内,120–149元,完全由我自己决定购买哪个品牌和产品,Apple（苹果）,以上均无,均未参加过,本科,"旋转可拆分磁吸保护套,带笔槽保护套","触控笔收纳和拿取方便,轻薄便携,品牌可信/品质稳定","触控笔收纳和拿取方便,品牌可信/品质稳定,轻薄便携",120-149元,肯定会,我已认真阅读,购买意愿: [可能会购买],吸引力: [比较吸引],"可旋转使用,磁吸拆分方便,外观看起来简洁",我已认真阅读,购买意愿: [可能会购买],四角气囊防护外显: [非常吸引];侧面直取笔槽: [非常吸引];更丰富、更个性化的配色选择: [比较吸引],愿意多付16-20元,可能会购买,肯定会购买,肯定会购买,-,-,具有实用性，适合我的日常需求，可以买单,我已认真阅读,购买意愿: [可能会购买],光栅纹理背板的视觉效果: [比较吸引];微磨砂质感: [非常吸引];相比普通光面背板更不易沾指纹: [非常吸引];整体看起来更特别/更有设计感: [非常吸引],愿意多付11-15元,可能会购买,可能会购买,可能会购买,-,-,功能性不够强，可以考虑,10.78s,光栅款,相对而言，更符合我的审美,有时会,女,31-35岁,企业职员,三线,低,"单身,育婴期,已有车",江苏省,扬州市
496,是,88909777,726476,1024659,"抽纸/卷纸,薯片/膨化食品,平板电脑保护套/壳,洗衣液/洗衣凝珠,洗面奶/洁面乳,手机壳,桌面收纳,充电宝/移动电源,奶茶/咖啡,运动鞋,无线蓝牙耳机,手机贴膜,室内绿植/花卉,T恤/裙子,平板电脑,鼠标/机械键盘,贴片面膜,手机充电线/数据线,智能手表/手环",近12个月内,120–149元,完全由我自己决定购买哪个品牌和产品,Apple（苹果）,以上均无,均未参加过,本科,"单壳（不带盖板）保护套,磁吸不可拆分保护套,键盘保护套","防摔防磕/保护性强,支架稳定/角度好用,材质手感好","防摔防磕/保护性强,材质手感好,支架稳定/角度好用",120-149元,肯定会,我已认真阅读,购买意愿: [肯定会购买],吸引力: [非常吸引],"价格合适,磁吸拆分方便,保护性较好",我已认真阅读,购买意愿: [肯定会购买],四角气囊防护外显: [非常吸引];侧面直取笔槽: [非常吸引];更丰富、更个性化的配色选择: [非常吸引],愿意多付21元及以上,肯定会购买,肯定会购买,肯定会购买,-,-,有所升级肯定会为之加价，值得,我已认真阅读,购买意愿: [肯定会购买],光栅纹理背板的视觉效果: [非常吸引];微磨砂质感: [非常吸引];相比普通光面背板更不易沾指纹: [非常吸引];整体看起来更特别/更有设计感: [非常吸引],愿意多付21元及以上,肯定会购买,肯定会购买,肯定会购买,-,-,指纹弄在屏幕上脏脏的,14.86s,升级光面款,更喜欢那个质感,经常会,女,25-30岁,自由职业/个体经营,二线,偏低,"已婚,已育,已有车",湖南省,长沙市
497,是,88909823,726476,1024659,"洗衣液/洗衣凝珠,无线蓝牙耳机,平板电脑,洗面奶/洁面乳,运动鞋,手机壳",近12个月内,50–79元,完全由我自己决定购买哪个品牌和产品,Apple（苹果）,以上均无,均未参加过,大专,磁吸不可拆分保护套,"支架稳定/角度好用,防摔防磕/保护性强,轻薄便携,颜色选择丰富,不易沾指纹/不易显脏","防摔防磕/保护性强,支架稳定/角度好用,不易沾指纹/不易显脏,颜色选择丰富,轻薄便携",50-79元,肯定会,我已认真阅读,购买意愿: [可能会购买],吸引力: [比较吸引],"支撑看剧/学习/办公,品牌/品质感较好,磁吸拆分方便,可旋转使用",我已认真阅读,购买意愿: [可能会购买],四角气囊防护外显: [非常吸引];侧面直取笔槽: [比较吸引];更丰富、更个性化的配色选择: [比较吸引],愿意多付5元以内,可能会购买,可能会购买,可能会购买,-,-,我觉得很方便,我已认真阅读,购买意愿: [可能会购买],光栅纹理背板的视觉效果: [非常吸引];微磨砂质感: [非常吸引];相比普通光面背板更不易沾指纹: [比较吸引];整体看起来更特别/更有设计感: [比较吸引],愿意多付6-10元,可能会购买,可能不会购买,-,-,-,我觉得不大喜欢,9.29s,光栅款,很好看,有时会,女,25-30岁,其他,五线,偏低,准备结婚期,江西省,赣州市
498,是,88909830,726476,1024659,"手机壳,洗面奶/洁面乳,智能手表/手环,洗衣液/洗衣凝珠,手机充电线/数据线,平板电脑保护套/壳,无线蓝牙耳机,鼠标/机械键盘,奶茶/咖啡,薯片/膨化食品,T恤/裙子,充电宝/移动电源,室内绿植/花卉,桌面收纳,手机贴膜,贴片面膜,抽纸/卷纸,运动鞋,平板电脑",近12个月内,100–119元,主要由我自己决定，偶尔参考他人意见,Apple（苹果）,以上均无,均未参加过,硕士及以上,带笔槽保护套,"支架稳定/角度好用,触控笔收纳和拿取方便,防摔防磕/保护性强,不易沾指纹/不易显脏,价格合适/性价比高,材质手感好,与平板搭配协调","触控笔收纳和拿取方便,材质手感好,不易沾指纹/不易显脏,支架稳定/角度好用,防摔防磕/保护性强,与平板搭配协调,价格合适/性价比高",100-119元,可能会,我已认真阅读,购买意愿: [可能会购买],吸引力: [比较吸引],磁吸拆分方便,我已认真阅读,购买意愿: [可能会购买],四角气囊防护外显: [比较吸引];侧面直取笔槽: [非常吸引];更丰富、更个性化的配色选择: [一般],愿意多付11-15元,可能会购买,可能会购买,可能不会购买,-,-,我觉得加价在20以内我可以接受，再高就没必要了。,我已认真阅读,购买意愿: [可能会购买],光栅纹理背板的视觉效果: [一般];微磨砂质感: [比较吸引];相比普通光面背板更不易沾指纹: [比较吸引];整体看起来更特别/更有设计感: [一般],愿意多付6-10元,说不清,-,-,可能会购买,-,我觉得和光滑的没差，没有特别喜欢,19.85s,升级光面款,升级光面款更加清爽，符合我的审美吧应该说,有时会,女,31-35岁,企业职员,三线,中等,未知,江苏省,镇江市
499,是,88909836,726476,1024659,"抽纸/卷纸,智能手表/手环,鼠标/机械键盘,室内绿植/花卉,无线蓝牙耳机,手机壳,桌面收纳,平板电脑保护套/壳,手机贴膜,薯片/膨化食品,手机充电线/数据线,T恤/裙子,奶茶/咖啡,洗面奶/洁面乳,平板电脑",近12个月内,120–149元,完全由我自己决定购买哪个品牌和产品,Apple（苹果）,以上均无,均未参加过,本科,"普通翻盖保护套,磁吸不可拆分保护套","防摔防磕/保护性强,支架稳定/角度好用,材质手感好,不易沾指纹/不易显脏,颜色选择丰富,品牌可信/品质稳定,外观好看/有设计感,轻薄便携,与平板搭配协调","防摔防磕/保护性强,颜色选择丰富,轻薄便携,与平板搭配协调,品牌可信/品质稳定,外观好看/有设计感,材质手感好,支架稳定/角度好用,不易沾指纹/不易显脏",100-119元,可能会,我已认真阅读,购买意愿: [可能会购买],吸引力: [比较吸引],"可旋转使用,磁吸拆分方便,支撑看剧/学习/办公,外观看起来简洁,保护性较好,品牌/品质感较好",我已认真阅读,购买意愿: [肯定会购买],四角气囊防护外显: [非常吸引];侧面直取笔槽: [一般];更丰富、更个性化的配色选择: [非常吸引],愿意多付11-15元,可能会购买,可能会购买,可能不会购买,-,-,实用安全,我已认真阅读,购买意愿: [肯定会购买],光栅纹理背板的视觉效果: [比较吸引];微磨砂质感: [非常吸引];相比普通光面背板更不易沾指纹: [非常吸引];整体看起来更特别/更有设计感: [非常吸引],愿意多付21元及以上,肯定会购买,可能会购买,说不清,-,-,磨砂质感，好看,8.9s,光栅款,磨砂质感,经常会,女,25-30岁,自由职业/个体经营,四线,低,未知,河北省,沧州市
500,是,88910008,726476,1024659,"洗衣液/洗衣凝珠,充电宝/移动电源,鼠标/机械键盘,桌面收纳,智能手表/手环,薯片/膨化食品,平板电脑保护套/壳,洗面奶/洁面乳,抽纸/卷纸,无线蓝牙耳机,T恤/裙子,运动鞋,手机壳,奶茶/咖啡,室内绿植/花卉,平板电脑,贴片面膜,手机贴膜,手机充电线/数据线",近12个月内,120–149元,完全由我自己决定购买哪个品牌和产品,Apple（苹果）,以上均无,均未参加过,本科,旋转可拆分磁吸保护套,"防摔防磕/保护性强,支架稳定/角度好用,材质手感好,不易沾指纹/不易显脏,轻薄便携,品牌可信/品质稳定,与平板搭配协调","防摔防磕/保护性强,支架稳定/角度好用,不易沾指纹/不易显脏,轻薄便携,品牌可信/品质稳定,与平板搭配协调,材质手感好",100-119元,可能会,我已认真阅读,购买意愿: [可能会购买],吸引力: [比较吸引],"磁吸拆分方便,外观看起来简洁,可旋转使用",我已认真阅读,购买意愿: [可能会购买],四角气囊防护外显: [非常吸引];侧面直取笔槽: [一般];更丰富、更个性化的配色选择: [比较吸引],愿意多付16-20元,可能会购买,可能会购买,说不清,-,-,满足我的需要，符合审美,我已认真阅读,购买意愿: [可能会购买],光栅纹理背板的视觉效果: [一般];微磨砂质感: [比较吸引];相比普通光面背板更不易沾指纹: [比较吸引];整体看起来更特别/更有设计感: [比较吸引],愿意多付16-20元,可能会购买,说不清,-,-,-,不粘指纹,8.79s,光栅款,不留指纹,有时会,女,25-30岁,企业职员,一线,低,"已婚,已有车",广东省,广州市
501,是,88910019,726476,1024659,"贴片面膜,洗衣液/洗衣凝珠,洗面奶/洁面乳,无线蓝牙耳机,手机贴膜,薯片/膨化食品,抽纸/卷纸,充电宝/移动电源,桌面收纳,手机壳,室内绿植/花卉,鼠标/机械键盘,平板电脑保护套/壳,T恤/裙子,奶茶/咖啡,平板电脑,智能手表/手环,运动鞋,手机充电线/数据线",近12个月内,50–79元,完全由我自己决定购买哪个品牌和产品,Apple（苹果）,以上均无,均未参加过,本科,磁吸不可拆分保护套,"防摔防磕/保护性强,支架稳定/角度好用,材质手感好,轻薄便携,颜色选择丰富,外观好看/有设计感,与平板搭配协调,耐用不易坏","防摔防磕/保护性强,支架稳定/角度好用,外观好看/有设计感,材质手感好,耐用不易坏,与平板搭配协调,轻薄便携,颜色选择丰富",50元以下,可能会,我已认真阅读,购买意愿: [可能会购买],吸引力: [比较吸引],"磁吸拆分方便,支撑看剧/学习/办公,品牌/品质感较好,保护性较好,可旋转使用",我已认真阅读,购买意愿: [可能会购买],四角气囊防护外显: [比较吸引];侧面直取笔槽: [非常吸引];更丰富、更个性化的配色选择: [非常吸引],愿意多付6-10元,可能会购买,可能会购买,可能不会购买,-,-,防护效果还是前面几款性价比很高,我已认真阅读,购买意愿: [可能不会购买],光栅纹理背板的视觉效果: [不太吸引];相比普通光面背板更不易沾指纹: [不太吸引];微磨砂质感: [不太吸引];整体看起来更特别/更有设计感: [不太吸引],不愿意多付钱,可能不会购买,-,-,可能会购买,-,外观不是很喜欢,15.15s,升级光面款,外观简洁大方，防护很好，性价比很高,经常会,女,31-35岁,专业人士,三线,偏低,未知,浙江省,温州市
502,是,88910049,726476,1024659,"平板电脑,洗面奶/洁面乳,手机贴膜,充电宝/移动电源,T恤/裙子,桌面收纳,抽纸/卷纸,无线蓝牙耳机,薯片/膨化食品,平板电脑保护套/壳,智能手表/手环,洗衣液/洗衣凝珠,手机壳,手机充电线/数据线,鼠标/机械键盘,奶茶/咖啡,贴片面膜,运动鞋,室内绿植/花卉",近12个月内,50–79元,完全由我自己决定购买哪个品牌和产品,Apple（苹果）,以上均无,均未参加过,本科,"带笔槽保护套,透明/半透明保护壳,普通翻盖保护套,磁吸不可拆分保护套","防摔防磕/保护性强,触控笔收纳和拿取方便,不易沾指纹/不易显脏,材质手感好,外观好看/有设计感,颜色选择丰富,品牌可信/品质稳定,价格合适/性价比高,耐用不易坏,与平板搭配协调,轻薄便携","防摔防磕/保护性强,轻薄便携,外观好看/有设计感,耐用不易坏,触控笔收纳和拿取方便,价格合适/性价比高,与平板搭配协调,颜色选择丰富,材质手感好,不易沾指纹/不易显脏,品牌可信/品质稳定",50-79元,可能会,我已认真阅读,购买意愿: [可能会购买],吸引力: [比较吸引],"外观看起来简洁,品牌/品质感较好,保护性较好",我已认真阅读,购买意愿: [可能会购买],四角气囊防护外显: [非常吸引];侧面直取笔槽: [比较吸引];更丰富、更个性化的配色选择: [比较吸引],愿意多付11-15元,可能会购买,可能会购买,说不清,-,-,"防护保护性真的能提高的话，愿意多付，最好有个对比视频，实验视频。
笔槽设计没有什么含金量，简单能放笔就行",我已认真阅读,购买意愿: [可能会购买],光栅纹理背板的视觉效果: [比较吸引];微磨砂质感: [非常吸引];相比普通光面背板更不易沾指纹: [非常吸引];整体看起来更特别/更有设计感: [比较吸引],愿意多付16-20元,可能会购买,可能会购买,说不清,-,-,更喜欢细线条的，线条再细一点可能更高颜值,38.51s,升级光面款,光栅款线条不是很符合自己的审美，没必要加价购买,经常会,女,31-35岁,自由职业/个体经营,五线,偏低,"已婚,育婴期,已育",陕西省,咸阳市
503,是,88910112,726476,1024659,"智能手表/手环,贴片面膜,平板电脑保护套/壳,抽纸/卷纸,T恤/裙子,洗面奶/洁面乳,室内绿植/花卉,手机贴膜,无线蓝牙耳机,平板电脑,鼠标/机械键盘,运动鞋,桌面收纳,手机壳,薯片/膨化食品,充电宝/移动电源,手机充电线/数据线,洗衣液/洗衣凝珠,奶茶/咖啡",近12个月内,80–99元,完全由我自己决定购买哪个品牌和产品,Apple（苹果）,以上均无,"食品/饮料/餐饮类,美妆/个人护理类",本科,旋转可拆分磁吸保护套,"防摔防磕/保护性强,支架稳定/角度好用","防摔防磕/保护性强,支架稳定/角度好用",50-79元,肯定会,我已认真阅读,购买意愿: [可能会购买],吸引力: [比较吸引],"可旋转使用,磁吸拆分方便,外观看起来简洁",我已认真阅读,购买意愿: [可能会购买],四角气囊防护外显: [比较吸引];侧面直取笔槽: [比较吸引];更丰富、更个性化的配色选择: [比较吸引],愿意多付5元以内,可能会购买,可能会购买,可能不会购买,-,-,感觉颜值一般，保护力一般,我已认真阅读,购买意愿: [可能会购买],光栅纹理背板的视觉效果: [比较吸引];微磨砂质感: [比较吸引];相比普通光面背板更不易沾指纹: [非常吸引];整体看起来更特别/更有设计感: [比较吸引],愿意多付5元以内,可能会购买,可能不会购买,-,-,-,太贵了,5.47s,光栅款,没有指纹,经常会,女,25-30岁,自由职业/个体经营,三线,中等,"单身,育婴期",河北省,石家庄市
504,是,88911026,726476,1024659,"运动鞋,抽纸/卷纸,平板电脑保护套/壳,洗衣液/洗衣凝珠,手机壳,奶茶/咖啡,手机贴膜,薯片/膨化食品,手机充电线/数据线,充电宝/移动电源,平板电脑,T恤/裙子,洗面奶/洁面乳,贴片面膜",近12个月内,50–79元,完全由我自己决定购买哪个品牌和产品,Apple（苹果）,以上均无,均未参加过,本科,"磁吸不可拆分保护套,键盘保护套","防摔防磕/保护性强,支架稳定/角度好用,材质手感好","防摔防磕/保护性强,支架稳定/角度好用,材质手感好",100-119元,可能会,我已认真阅读,购买意愿: [可能会购买],吸引力: [比较吸引],"可旋转使用,磁吸拆分方便",我已认真阅读,购买意愿: [可能会购买],四角气囊防护外显: [比较吸引];侧面直取笔槽: [一般];更丰富、更个性化的配色选择: [比较吸引],愿意多付6-10元,可能会购买,说不清,-,-,-,日常使用不多,我已认真阅读,购买意愿: [可能会购买],光栅纹理背板的视觉效果: [一般];微磨砂质感: [比较吸引];相比普通光面背板更不易沾指纹: [比较吸引];整体看起来更特别/更有设计感: [一般],愿意多付6-10元,说不清,-,-,可能会购买,-,这个功能没有那么必须,25.72s,光栅款,性价比高一些,有时会,男,31-35岁,自由职业/个体经营,二线,中等,未知,浙江省,杭州市
505,是,88911039,726476,1024659,"鼠标/机械键盘,薯片/膨化食品,洗衣液/洗衣凝珠,平板电脑保护套/壳,手机充电线/数据线,平板电脑,洗面奶/洁面乳,手机壳,奶茶/咖啡,运动鞋,充电宝/移动电源,抽纸/卷纸,手机贴膜",近12个月内,120–149元,完全由我自己决定购买哪个品牌和产品,Apple（苹果）,以上均无,均未参加过,硕士及以上,"磁吸不可拆分保护套,带笔槽保护套","支架稳定/角度好用,触控笔收纳和拿取方便,材质手感好,防摔防磕/保护性强,轻薄便携","支架稳定/角度好用,材质手感好,轻薄便携,防摔防磕/保护性强,触控笔收纳和拿取方便",120-149元,可能会,我已认真阅读,购买意愿: [可能会购买],吸引力: [比较吸引],"磁吸拆分方便,可旋转使用,价格合适,保护性较好",我已认真阅读,购买意愿: [肯定会购买],侧面直取笔槽: [比较吸引];更丰富、更个性化的配色选择: [非常吸引];四角气囊防护外显: [非常吸引],愿意多付21元及以上,肯定会购买,可能会购买,可能会购买,-,-,不是什么创意升级，虽然防护更好但是显得臃肿，日常使用不太需要,我已认真阅读,购买意愿: [可能会购买],光栅纹理背板的视觉效果: [非常吸引];相比普通光面背板更不易沾指纹: [非常吸引];微磨砂质感: [比较吸引];整体看起来更特别/更有设计感: [比较吸引],愿意多付21元及以上,肯定会购买,可能会购买,说不清,-,-,材质很有新意，但是感觉手感不会太好，不确定是否值得加价,35.49s,光栅款,材质更有新意，外观更美观，不易沾指纹很好的功能,经常会,女,25-30岁,自由职业/个体经营,二线,中等,"已婚,已育",辽宁省,大连市
